Type,SKU,Name,Published,Is featured?,Visibility in catalog,Short description,Description,Tax status,Tax class,In stock?,Stock,Backorders allowed?,Sold individually?,Regular price,Sale price,Categories,Tags,Weight (g),Attribute 1 name,Attribute 1 value(s),Attribute 1 visible,Attribute 1 global
simple,AV-MED-001,BPC-157 5mg,1,0,visible,"BPC-157 5mg is a high-purity medical peptides compound offering tissue repair and regeneration. Available to buy online Australia, BPC-157 5mg meets strict quality standards with ≥98% purity.","<h3>BPC-157 5mg | Medical Peptides | Research Grade Australia</h3>
<p><strong>BPC-157 5mg</strong> modulates inflammatory cytokine cascades and accelerates tissue repair via upregulation of growth factors. This compound is widely utilised in regenerative medicine and wound healing research, with growing interest from preclinical and translational research communities worldwide.</p>

<p>In research settings, typical protocols involve reconstitution in bacteriostatic water at concentrations of 500–1000 mcg/mL. Researchers are advised to follow institutional guidelines and conduct thorough literature review prior to experimental use.</p>

<ul>
    <li>Potent anti-inflammatory and tissue repair activity</li>
    <li>Supports CNS neuroprotection and cognitive function</li>
    <li>Promotes angiogenesis and wound healing</li>
    <li>Modulates immune response and cytokine balance</li>
    <li>High purity ≥98% for reliable research outcomes</li>
</ul>

<p><strong>Purity:</strong> ≥98% (HPLC verified) | <strong>Format:</strong> Lyophilised powder | <strong>Storage:</strong> Store at −20°C, protect from light and moisture. Stable for 24 months when properly stored.</p>

<p>Buy BPC-157 5mg online in Australia from Alluvia — trusted by Australian researchers and biohackers for quality and purity.</p>",taxable,,1,100,0,0,139.21,,Medical Peptides,"BPC-157 5mg, Medical Peptides",5,Purity,>98%,1,1
simple,AV-MED-002,TB-500 5mg,1,0,visible,"Discover TB-500 5mg, a premium medical peptides peptide designed for immune modulation and healing. Buy TB-500 5mg online Australia from a trusted supplier committed to research excellence.","<h3>Buy TB-500 5mg Online Australia | Medical Peptides</h3>
<p><strong>TB-500 5mg</strong> binds to specific receptors in the CNS and peripheral tissues to promote healing and reduce oxidative stress. This compound is widely utilised in neuroimmunology and CNS repair studies, with growing interest from preclinical and translational research communities worldwide.</p>

<p>Research models commonly employ doses ranging from 200–500 mcg per administration depending on the study design. Researchers are advised to follow institutional guidelines and conduct thorough literature review prior to experimental use.</p>

<ul>
    <li>Accelerates musculoskeletal and gut tissue regeneration</li>
    <li>Reduces oxidative stress and supports mitochondrial health</li>
    <li>Enhances collagen deposition at injury sites</li>
    <li>Supports immune homeostasis and resolution of inflammation</li>
    <li>Lyophilised for maximum stability during storage and transport</li>
</ul>

<p><strong>Purity:</strong> ≥98% (HPLC verified) | <strong>Format:</strong> Lyophilised powder | <strong>Storage:</strong> Store at −20°C, protect from light and moisture. Stable for 24 months when properly stored.</p>

<p>Order TB-500 5mg online Australia with confidence from Alluvia, the trusted supplier for Australian researchers and peptide enthusiasts.</p>",taxable,,1,100,0,0,61.18,,Medical Peptides,"TB-500 5mg, Medical Peptides",5,Purity,>98%,1,1
simple,AV-MED-003,Selank 5mg,1,0,visible,"Selank 5mg provides researchers with a potent medical peptides agent supporting neuroprotection and CNS support. Available online across Australia, this peptide is supplied at ≥98% purity for reliable results.","<h3>Selank 5mg – High Purity Medical Peptides Peptide</h3>
<p><strong>Selank 5mg</strong> activates endogenous repair pathways by interacting with actin-binding proteins and angiogenic factors. This compound is widely utilised in inflammatory disease and tissue engineering research, with growing interest from preclinical and translational research communities worldwide.</p>

<p>Standard research protocols reconstitute lyophilised peptide in sterile bacteriostatic water prior to use. Researchers are advised to follow institutional guidelines and conduct thorough literature review prior to experimental use.</p>

<ul>
    <li>Potent anti-inflammatory and tissue repair activity</li>
    <li>Supports CNS neuroprotection and cognitive function</li>
    <li>Promotes angiogenesis and wound healing</li>
    <li>Modulates immune response and cytokine balance</li>
    <li>High purity ≥98% for reliable research outcomes</li>
</ul>

<p><strong>Purity:</strong> ≥98% (HPLC verified) | <strong>Format:</strong> Lyophilised powder | <strong>Storage:</strong> Store at −20°C, protect from light and moisture. Stable for 24 months when properly stored.</p>

<p>Australian researchers and biohackers trust Alluvia for premium Selank 5mg — order online today with fast, discreet delivery.</p>",taxable,,1,100,0,0,92.93,,Medical Peptides,"Selank 5mg, Medical Peptides",5,Purity,>98%,1,1
simple,AV-MED-004,Semax 5mg,1,0,visible,"A leading medical peptides compound, Semax 5mg is valued for its role in anti-inflammatory activity. Trusted by Australian researchers and biohackers, Semax 5mg is available online with fast local dispatch.","<h3>Semax 5mg for Medical Peptides Research | Australia</h3>
<p><strong>Semax 5mg</strong> regulates immune cell activity and promotes resolution of inflammation through receptor-mediated signalling. This compound is widely utilised in peptide therapeutics and translational medicine, with growing interest from preclinical and translational research communities worldwide.</p>

<p>Investigational dosing in preclinical models typically ranges from 100–500 mcg, adjusted for body weight. Researchers are advised to follow institutional guidelines and conduct thorough literature review prior to experimental use.</p>

<ul>
    <li>Accelerates musculoskeletal and gut tissue regeneration</li>
    <li>Reduces oxidative stress and supports mitochondrial health</li>
    <li>Enhances collagen deposition at injury sites</li>
    <li>Supports immune homeostasis and resolution of inflammation</li>
    <li>Lyophilised for maximum stability during storage and transport</li>
</ul>

<p><strong>Purity:</strong> ≥98% (HPLC verified) | <strong>Format:</strong> Lyophilised powder | <strong>Storage:</strong> Store at −20°C, protect from light and moisture. Stable for 24 months when properly stored.</p>

<p>Purchase Semax 5mg from Alluvia, Australia's leading supplier of research-grade peptides — trusted by Australian researchers nationwide.</p>",taxable,,1,100,0,0,86.35,,Medical Peptides,"Semax 5mg, Medical Peptides",5,Purity,>98%,1,1
simple,AV-MED-005,LL-37 2mg,1,0,visible,"LL-37 2mg stands out among medical peptides products for its proven role in cellular recovery and protection. Australian researchers can buy LL-37 2mg online with confidence, backed by ≥98% purity certification.","<h3>Premium LL-37 2mg | Medical Peptides Australia</h3>
<p><strong>LL-37 2mg</strong> supports mitochondrial function and cellular bioenergetics through targeted peptide-receptor interactions. This compound is widely utilised in regenerative medicine and wound healing research, with growing interest from preclinical and translational research communities worldwide.</p>

<p>In research settings, typical protocols involve reconstitution in bacteriostatic water at concentrations of 500–1000 mcg/mL. Researchers are advised to follow institutional guidelines and conduct thorough literature review prior to experimental use.</p>

<ul>
    <li>Potent anti-inflammatory and tissue repair activity</li>
    <li>Supports CNS neuroprotection and cognitive function</li>
    <li>Promotes angiogenesis and wound healing</li>
    <li>Modulates immune response and cytokine balance</li>
    <li>High purity ≥98% for reliable research outcomes</li>
</ul>

<p><strong>Purity:</strong> ≥98% (HPLC verified) | <strong>Format:</strong> Lyophilised powder | <strong>Storage:</strong> Store at −20°C, protect from light and moisture. Stable for 24 months when properly stored.</p>

<p>Alluvia provides Australian researchers with premium-grade LL-37 2mg — buy online Australia for fast domestic dispatch.</p>",taxable,,1,100,0,0,151.53,,Medical Peptides,"LL-37 2mg, Medical Peptides",5,Purity,>98%,1,1
simple,AV-MED-006,Thymosin Alpha-1 5mg,1,0,visible,"Sourced to rigorous standards, Thymosin Alpha-1 5mg is a trusted medical peptides peptide for tissue repair and regeneration. Available to buy online Australia, Thymosin Alpha-1 5mg meets strict quality standards with ≥98% purity.","<h3>Thymosin Alpha-1 5mg | Medical Peptides | Research Grade Australia</h3>
<p><strong>Thymosin Alpha-1 5mg</strong> modulates inflammatory cytokine cascades and accelerates tissue repair via upregulation of growth factors. This compound is widely utilised in neuroimmunology and CNS repair studies, with growing interest from preclinical and translational research communities worldwide.</p>

<p>Research models commonly employ doses ranging from 200–500 mcg per administration depending on the study design. Researchers are advised to follow institutional guidelines and conduct thorough literature review prior to experimental use.</p>

<ul>
    <li>Accelerates musculoskeletal and gut tissue regeneration</li>
    <li>Reduces oxidative stress and supports mitochondrial health</li>
    <li>Enhances collagen deposition at injury sites</li>
    <li>Supports immune homeostasis and resolution of inflammation</li>
    <li>Lyophilised for maximum stability during storage and transport</li>
</ul>

<p><strong>Purity:</strong> ≥98% (HPLC verified) | <strong>Format:</strong> Lyophilised powder | <strong>Storage:</strong> Store at −20°C, protect from light and moisture. Stable for 24 months when properly stored.</p>

<p>Shop Thymosin Alpha-1 5mg online at Alluvia — trusted by Australian researchers and biohackers seeking the highest purity peptides.</p>",taxable,,1,100,0,0,143.94,,Medical Peptides,"Thymosin Alpha-1 5mg, Medical Peptides",5,Purity,>98%,1,1
simple,AV-MED-007,KPV 10mg,1,0,visible,"For those seeking quality medical peptides solutions, KPV 10mg delivers outstanding immune modulation and healing. Buy KPV 10mg online Australia from a trusted supplier committed to research excellence.","<h3>Buy KPV 10mg Online Australia | Medical Peptides</h3>
<p><strong>KPV 10mg</strong> binds to specific receptors in the CNS and peripheral tissues to promote healing and reduce oxidative stress. This compound is widely utilised in inflammatory disease and tissue engineering research, with growing interest from preclinical and translational research communities worldwide.</p>

<p>Standard research protocols reconstitute lyophilised peptide in sterile bacteriostatic water prior to use. Researchers are advised to follow institutional guidelines and conduct thorough literature review prior to experimental use.</p>

<ul>
    <li>Potent anti-inflammatory and tissue repair activity</li>
    <li>Supports CNS neuroprotection and cognitive function</li>
    <li>Promotes angiogenesis and wound healing</li>
    <li>Modulates immune response and cytokine balance</li>
    <li>High purity ≥98% for reliable research outcomes</li>
</ul>

<p><strong>Purity:</strong> ≥98% (HPLC verified) | <strong>Format:</strong> Lyophilised powder | <strong>Storage:</strong> Store at −20°C, protect from light and moisture. Stable for 24 months when properly stored.</p>

<p>Buy KPV 10mg online in Australia from Alluvia — trusted by Australian researchers and biohackers for quality and purity.</p>",taxable,,1,100,0,0,171.31,,Medical Peptides,"KPV 10mg, Medical Peptides",5,Purity,>98%,1,1
simple,AV-MED-008,VIP (Vasoactive Intestinal Peptide) 2mg,1,0,visible,"VIP (Vasoactive Intestinal Peptide) 2mg is a research-grade medical peptides peptide renowned for neuroprotection and CNS support. Available online across Australia, this peptide is supplied at ≥98% purity for reliable results.","<h3>VIP (Vasoactive Intestinal Peptide) 2mg – High Purity Medical Peptides Peptide</h3>
<p><strong>VIP (Vasoactive Intestinal Peptide) 2mg</strong> activates endogenous repair pathways by interacting with actin-binding proteins and angiogenic factors. This compound is widely utilised in peptide therapeutics and translational medicine, with growing interest from preclinical and translational research communities worldwide.</p>

<p>Investigational dosing in preclinical models typically ranges from 100–500 mcg, adjusted for body weight. Researchers are advised to follow institutional guidelines and conduct thorough literature review prior to experimental use.</p>

<ul>
    <li>Accelerates musculoskeletal and gut tissue regeneration</li>
    <li>Reduces oxidative stress and supports mitochondrial health</li>
    <li>Enhances collagen deposition at injury sites</li>
    <li>Supports immune homeostasis and resolution of inflammation</li>
    <li>Lyophilised for maximum stability during storage and transport</li>
</ul>

<p><strong>Purity:</strong> ≥98% (HPLC verified) | <strong>Format:</strong> Lyophilised powder | <strong>Storage:</strong> Store at −20°C, protect from light and moisture. Stable for 24 months when properly stored.</p>

<p>Order VIP (Vasoactive Intestinal Peptide) 2mg online Australia with confidence from Alluvia, the trusted supplier for Australian researchers and peptide enthusiasts.</p>",taxable,,1,100,0,0,69.04,,Medical Peptides,"VIP (Vasoactive Intestinal Peptide) 2mg, Medical Peptides",5,Purity,>98%,1,1
simple,AV-MED-009,SS-31 2mg,1,0,visible,"High-purity SS-31 2mg is a benchmark medical peptides compound in the field of anti-inflammatory activity. Trusted by Australian researchers and biohackers, SS-31 2mg is available online with fast local dispatch.","<h3>SS-31 2mg for Medical Peptides Research | Australia</h3>
<p><strong>SS-31 2mg</strong> regulates immune cell activity and promotes resolution of inflammation through receptor-mediated signalling. This compound is widely utilised in regenerative medicine and wound healing research, with growing interest from preclinical and translational research communities worldwide.</p>

<p>In research settings, typical protocols involve reconstitution in bacteriostatic water at concentrations of 500–1000 mcg/mL. Researchers are advised to follow institutional guidelines and conduct thorough literature review prior to experimental use.</p>

<ul>
    <li>Potent anti-inflammatory and tissue repair activity</li>
    <li>Supports CNS neuroprotection and cognitive function</li>
    <li>Promotes angiogenesis and wound healing</li>
    <li>Modulates immune response and cytokine balance</li>
    <li>High purity ≥98% for reliable research outcomes</li>
</ul>

<p><strong>Purity:</strong> ≥98% (HPLC verified) | <strong>Format:</strong> Lyophilised powder | <strong>Storage:</strong> Store at −20°C, protect from light and moisture. Stable for 24 months when properly stored.</p>

<p>Australian researchers and biohackers trust Alluvia for premium SS-31 2mg — order online today with fast, discreet delivery.</p>",taxable,,1,100,0,0,111.58,,Medical Peptides,"SS-31 2mg, Medical Peptides",5,Purity,>98%,1,1
simple,AV-MED-010,DSIP 5mg,1,0,visible,"Used by researchers worldwide, DSIP 5mg is an advanced medical peptides peptide for cellular recovery and protection. Australian researchers can buy DSIP 5mg online with confidence, backed by ≥98% purity certification.","<h3>Premium DSIP 5mg | Medical Peptides Australia</h3>
<p><strong>DSIP 5mg</strong> supports mitochondrial function and cellular bioenergetics through targeted peptide-receptor interactions. This compound is widely utilised in neuroimmunology and CNS repair studies, with growing interest from preclinical and translational research communities worldwide.</p>

<p>Research models commonly employ doses ranging from 200–500 mcg per administration depending on the study design. Researchers are advised to follow institutional guidelines and conduct thorough literature review prior to experimental use.</p>

<ul>
    <li>Accelerates musculoskeletal and gut tissue regeneration</li>
    <li>Reduces oxidative stress and supports mitochondrial health</li>
    <li>Enhances collagen deposition at injury sites</li>
    <li>Supports immune homeostasis and resolution of inflammation</li>
    <li>Lyophilised for maximum stability during storage and transport</li>
</ul>

<p><strong>Purity:</strong> ≥98% (HPLC verified) | <strong>Format:</strong> Lyophilised powder | <strong>Storage:</strong> Store at −20°C, protect from light and moisture. Stable for 24 months when properly stored.</p>

<p>Purchase DSIP 5mg from Alluvia, Australia's leading supplier of research-grade peptides — trusted by Australian researchers nationwide.</p>",taxable,,1,100,0,0,61.78,,Medical Peptides,"DSIP 5mg, Medical Peptides",5,Purity,>98%,1,1
simple,AV-MED-011,Dihexa 5mg,1,0,visible,"Dihexa 5mg is a high-purity medical peptides compound offering tissue repair and regeneration. Available to buy online Australia, Dihexa 5mg meets strict quality standards with ≥98% purity.","<h3>Dihexa 5mg | Medical Peptides | Research Grade Australia</h3>
<p><strong>Dihexa 5mg</strong> modulates inflammatory cytokine cascades and accelerates tissue repair via upregulation of growth factors. This compound is widely utilised in inflammatory disease and tissue engineering research, with growing interest from preclinical and translational research communities worldwide.</p>

<p>Standard research protocols reconstitute lyophilised peptide in sterile bacteriostatic water prior to use. Researchers are advised to follow institutional guidelines and conduct thorough literature review prior to experimental use.</p>

<ul>
    <li>Potent anti-inflammatory and tissue repair activity</li>
    <li>Supports CNS neuroprotection and cognitive function</li>
    <li>Promotes angiogenesis and wound healing</li>
    <li>Modulates immune response and cytokine balance</li>
    <li>High purity ≥98% for reliable research outcomes</li>
</ul>

<p><strong>Purity:</strong> ≥98% (HPLC verified) | <strong>Format:</strong> Lyophilised powder | <strong>Storage:</strong> Store at −20°C, protect from light and moisture. Stable for 24 months when properly stored.</p>

<p>Alluvia provides Australian researchers with premium-grade Dihexa 5mg — buy online Australia for fast domestic dispatch.</p>",taxable,,1,100,0,0,85.77,,Medical Peptides,"Dihexa 5mg, Medical Peptides",5,Purity,>98%,1,1
simple,AV-MED-012,Pinealon 10mg,1,0,visible,"Discover Pinealon 10mg, a premium medical peptides peptide designed for immune modulation and healing. Buy Pinealon 10mg online Australia from a trusted supplier committed to research excellence.","<h3>Buy Pinealon 10mg Online Australia | Medical Peptides</h3>
<p><strong>Pinealon 10mg</strong> binds to specific receptors in the CNS and peripheral tissues to promote healing and reduce oxidative stress. This compound is widely utilised in peptide therapeutics and translational medicine, with growing interest from preclinical and translational research communities worldwide.</p>

<p>Investigational dosing in preclinical models typically ranges from 100–500 mcg, adjusted for body weight. Researchers are advised to follow institutional guidelines and conduct thorough literature review prior to experimental use.</p>

<ul>
    <li>Accelerates musculoskeletal and gut tissue regeneration</li>
    <li>Reduces oxidative stress and supports mitochondrial health</li>
    <li>Enhances collagen deposition at injury sites</li>
    <li>Supports immune homeostasis and resolution of inflammation</li>
    <li>Lyophilised for maximum stability during storage and transport</li>
</ul>

<p><strong>Purity:</strong> ≥98% (HPLC verified) | <strong>Format:</strong> Lyophilised powder | <strong>Storage:</strong> Store at −20°C, protect from light and moisture. Stable for 24 months when properly stored.</p>

<p>Shop Pinealon 10mg online at Alluvia — trusted by Australian researchers and biohackers seeking the highest purity peptides.</p>",taxable,,1,100,0,0,122.18,,Medical Peptides,"Pinealon 10mg, Medical Peptides",5,Purity,>98%,1,1
simple,AV-MED-013,Cortagen 10mg,1,0,visible,"Cortagen 10mg provides researchers with a potent medical peptides agent supporting neuroprotection and CNS support. Available online across Australia, this peptide is supplied at ≥98% purity for reliable results.","<h3>Cortagen 10mg – High Purity Medical Peptides Peptide</h3>
<p><strong>Cortagen 10mg</strong> activates endogenous repair pathways by interacting with actin-binding proteins and angiogenic factors. This compound is widely utilised in regenerative medicine and wound healing research, with growing interest from preclinical and translational research communities worldwide.</p>

<p>In research settings, typical protocols involve reconstitution in bacteriostatic water at concentrations of 500–1000 mcg/mL. Researchers are advised to follow institutional guidelines and conduct thorough literature review prior to experimental use.</p>

<ul>
    <li>Potent anti-inflammatory and tissue repair activity</li>
    <li>Supports CNS neuroprotection and cognitive function</li>
    <li>Promotes angiogenesis and wound healing</li>
    <li>Modulates immune response and cytokine balance</li>
    <li>High purity ≥98% for reliable research outcomes</li>
</ul>

<p><strong>Purity:</strong> ≥98% (HPLC verified) | <strong>Format:</strong> Lyophilised powder | <strong>Storage:</strong> Store at −20°C, protect from light and moisture. Stable for 24 months when properly stored.</p>

<p>Buy Cortagen 10mg online in Australia from Alluvia — trusted by Australian researchers and biohackers for quality and purity.</p>",taxable,,1,100,0,0,61.37,,Medical Peptides,"Cortagen 10mg, Medical Peptides",5,Purity,>98%,1,1
simple,AV-MED-014,Timalin 10mg,1,0,visible,"A leading medical peptides compound, Timalin 10mg is valued for its role in anti-inflammatory activity. Trusted by Australian researchers and biohackers, Timalin 10mg is available online with fast local dispatch.","<h3>Timalin 10mg for Medical Peptides Research | Australia</h3>
<p><strong>Timalin 10mg</strong> regulates immune cell activity and promotes resolution of inflammation through receptor-mediated signalling. This compound is widely utilised in neuroimmunology and CNS repair studies, with growing interest from preclinical and translational research communities worldwide.</p>

<p>Research models commonly employ doses ranging from 200–500 mcg per administration depending on the study design. Researchers are advised to follow institutional guidelines and conduct thorough literature review prior to experimental use.</p>

<ul>
    <li>Accelerates musculoskeletal and gut tissue regeneration</li>
    <li>Reduces oxidative stress and supports mitochondrial health</li>
    <li>Enhances collagen deposition at injury sites</li>
    <li>Supports immune homeostasis and resolution of inflammation</li>
    <li>Lyophilised for maximum stability during storage and transport</li>
</ul>

<p><strong>Purity:</strong> ≥98% (HPLC verified) | <strong>Format:</strong> Lyophilised powder | <strong>Storage:</strong> Store at −20°C, protect from light and moisture. Stable for 24 months when properly stored.</p>

<p>Order Timalin 10mg online Australia with confidence from Alluvia, the trusted supplier for Australian researchers and peptide enthusiasts.</p>",taxable,,1,100,0,0,83.25,,Medical Peptides,"Timalin 10mg, Medical Peptides",5,Purity,>98%,1,1
simple,AV-MED-015,Bronchogen 10mg,1,0,visible,"Bronchogen 10mg stands out among medical peptides products for its proven role in cellular recovery and protection. Australian researchers can buy Bronchogen 10mg online with confidence, backed by ≥98% purity certification.","<h3>Premium Bronchogen 10mg | Medical Peptides Australia</h3>
<p><strong>Bronchogen 10mg</strong> supports mitochondrial function and cellular bioenergetics through targeted peptide-receptor interactions. This compound is widely utilised in inflammatory disease and tissue engineering research, with growing interest from preclinical and translational research communities worldwide.</p>

<p>Standard research protocols reconstitute lyophilised peptide in sterile bacteriostatic water prior to use. Researchers are advised to follow institutional guidelines and conduct thorough literature review prior to experimental use.</p>

<ul>
    <li>Potent anti-inflammatory and tissue repair activity</li>
    <li>Supports CNS neuroprotection and cognitive function</li>
    <li>Promotes angiogenesis and wound healing</li>
    <li>Modulates immune response and cytokine balance</li>
    <li>High purity ≥98% for reliable research outcomes</li>
</ul>

<p><strong>Purity:</strong> ≥98% (HPLC verified) | <strong>Format:</strong> Lyophilised powder | <strong>Storage:</strong> Store at −20°C, protect from light and moisture. Stable for 24 months when properly stored.</p>

<p>Australian researchers and biohackers trust Alluvia for premium Bronchogen 10mg — order online today with fast, discreet delivery.</p>",taxable,,1,100,0,0,140.54,,Medical Peptides,"Bronchogen 10mg, Medical Peptides",5,Purity,>98%,1,1
simple,AV-MED-016,Cardalgin 10mg,1,0,visible,"Sourced to rigorous standards, Cardalgin 10mg is a trusted medical peptides peptide for tissue repair and regeneration. Available to buy online Australia, Cardalgin 10mg meets strict quality standards with ≥98% purity.","<h3>Cardalgin 10mg | Medical Peptides | Research Grade Australia</h3>
<p><strong>Cardalgin 10mg</strong> modulates inflammatory cytokine cascades and accelerates tissue repair via upregulation of growth factors. This compound is widely utilised in peptide therapeutics and translational medicine, with growing interest from preclinical and translational research communities worldwide.</p>

<p>Investigational dosing in preclinical models typically ranges from 100–500 mcg, adjusted for body weight. Researchers are advised to follow institutional guidelines and conduct thorough literature review prior to experimental use.</p>

<ul>
    <li>Accelerates musculoskeletal and gut tissue regeneration</li>
    <li>Reduces oxidative stress and supports mitochondrial health</li>
    <li>Enhances collagen deposition at injury sites</li>
    <li>Supports immune homeostasis and resolution of inflammation</li>
    <li>Lyophilised for maximum stability during storage and transport</li>
</ul>

<p><strong>Purity:</strong> ≥98% (HPLC verified) | <strong>Format:</strong> Lyophilised powder | <strong>Storage:</strong> Store at −20°C, protect from light and moisture. Stable for 24 months when properly stored.</p>

<p>Purchase Cardalgin 10mg from Alluvia, Australia's leading supplier of research-grade peptides — trusted by Australian researchers nationwide.</p>",taxable,,1,100,0,0,127.21,,Medical Peptides,"Cardalgin 10mg, Medical Peptides",5,Purity,>98%,1,1
simple,AV-MED-017,Vilon 10mg,1,0,visible,"For those seeking quality medical peptides solutions, Vilon 10mg delivers outstanding immune modulation and healing. Buy Vilon 10mg online Australia from a trusted supplier committed to research excellence.","<h3>Buy Vilon 10mg Online Australia | Medical Peptides</h3>
<p><strong>Vilon 10mg</strong> binds to specific receptors in the CNS and peripheral tissues to promote healing and reduce oxidative stress. This compound is widely utilised in regenerative medicine and wound healing research, with growing interest from preclinical and translational research communities worldwide.</p>

<p>In research settings, typical protocols involve reconstitution in bacteriostatic water at concentrations of 500–1000 mcg/mL. Researchers are advised to follow institutional guidelines and conduct thorough literature review prior to experimental use.</p>

<ul>
    <li>Potent anti-inflammatory and tissue repair activity</li>
    <li>Supports CNS neuroprotection and cognitive function</li>
    <li>Promotes angiogenesis and wound healing</li>
    <li>Modulates immune response and cytokine balance</li>
    <li>High purity ≥98% for reliable research outcomes</li>
</ul>

<p><strong>Purity:</strong> ≥98% (HPLC verified) | <strong>Format:</strong> Lyophilised powder | <strong>Storage:</strong> Store at −20°C, protect from light and moisture. Stable for 24 months when properly stored.</p>

<p>Alluvia provides Australian researchers with premium-grade Vilon 10mg — buy online Australia for fast domestic dispatch.</p>",taxable,,1,100,0,0,86.0,,Medical Peptides,"Vilon 10mg, Medical Peptides",5,Purity,>98%,1,1
simple,AV-MED-018,Prostamax 10mg,1,0,visible,"Prostamax 10mg is a research-grade medical peptides peptide renowned for neuroprotection and CNS support. Available online across Australia, this peptide is supplied at ≥98% purity for reliable results.","<h3>Prostamax 10mg – High Purity Medical Peptides Peptide</h3>
<p><strong>Prostamax 10mg</strong> activates endogenous repair pathways by interacting with actin-binding proteins and angiogenic factors. This compound is widely utilised in neuroimmunology and CNS repair studies, with growing interest from preclinical and translational research communities worldwide.</p>

<p>Research models commonly employ doses ranging from 200–500 mcg per administration depending on the study design. Researchers are advised to follow institutional guidelines and conduct thorough literature review prior to experimental use.</p>

<ul>
    <li>Accelerates musculoskeletal and gut tissue regeneration</li>
    <li>Reduces oxidative stress and supports mitochondrial health</li>
    <li>Enhances collagen deposition at injury sites</li>
    <li>Supports immune homeostasis and resolution of inflammation</li>
    <li>Lyophilised for maximum stability during storage and transport</li>
</ul>

<p><strong>Purity:</strong> ≥98% (HPLC verified) | <strong>Format:</strong> Lyophilised powder | <strong>Storage:</strong> Store at −20°C, protect from light and moisture. Stable for 24 months when properly stored.</p>

<p>Shop Prostamax 10mg online at Alluvia — trusted by Australian researchers and biohackers seeking the highest purity peptides.</p>",taxable,,1,100,0,0,132.84,,Medical Peptides,"Prostamax 10mg, Medical Peptides",5,Purity,>98%,1,1
simple,AV-MED-019,Ventfort 10mg,1,0,visible,"High-purity Ventfort 10mg is a benchmark medical peptides compound in the field of anti-inflammatory activity. Trusted by Australian researchers and biohackers, Ventfort 10mg is available online with fast local dispatch.","<h3>Ventfort 10mg for Medical Peptides Research | Australia</h3>
<p><strong>Ventfort 10mg</strong> regulates immune cell activity and promotes resolution of inflammation through receptor-mediated signalling. This compound is widely utilised in inflammatory disease and tissue engineering research, with growing interest from preclinical and translational research communities worldwide.</p>

<p>Standard research protocols reconstitute lyophilised peptide in sterile bacteriostatic water prior to use. Researchers are advised to follow institutional guidelines and conduct thorough literature review prior to experimental use.</p>

<ul>
    <li>Potent anti-inflammatory and tissue repair activity</li>
    <li>Supports CNS neuroprotection and cognitive function</li>
    <li>Promotes angiogenesis and wound healing</li>
    <li>Modulates immune response and cytokine balance</li>
    <li>High purity ≥98% for reliable research outcomes</li>
</ul>

<p><strong>Purity:</strong> ≥98% (HPLC verified) | <strong>Format:</strong> Lyophilised powder | <strong>Storage:</strong> Store at −20°C, protect from light and moisture. Stable for 24 months when properly stored.</p>

<p>Buy Ventfort 10mg online in Australia from Alluvia — trusted by Australian researchers and biohackers for quality and purity.</p>",taxable,,1,100,0,0,160.8,,Medical Peptides,"Ventfort 10mg, Medical Peptides",5,Purity,>98%,1,1
simple,AV-MED-020,Chelohart 10mg,1,0,visible,"Used by researchers worldwide, Chelohart 10mg is an advanced medical peptides peptide for cellular recovery and protection. Australian researchers can buy Chelohart 10mg online with confidence, backed by ≥98% purity certification.","<h3>Premium Chelohart 10mg | Medical Peptides Australia</h3>
<p><strong>Chelohart 10mg</strong> supports mitochondrial function and cellular bioenergetics through targeted peptide-receptor interactions. This compound is widely utilised in peptide therapeutics and translational medicine, with growing interest from preclinical and translational research communities worldwide.</p>

<p>Investigational dosing in preclinical models typically ranges from 100–500 mcg, adjusted for body weight. Researchers are advised to follow institutional guidelines and conduct thorough literature review prior to experimental use.</p>

<ul>
    <li>Accelerates musculoskeletal and gut tissue regeneration</li>
    <li>Reduces oxidative stress and supports mitochondrial health</li>
    <li>Enhances collagen deposition at injury sites</li>
    <li>Supports immune homeostasis and resolution of inflammation</li>
    <li>Lyophilised for maximum stability during storage and transport</li>
</ul>

<p><strong>Purity:</strong> ≥98% (HPLC verified) | <strong>Format:</strong> Lyophilised powder | <strong>Storage:</strong> Store at −20°C, protect from light and moisture. Stable for 24 months when properly stored.</p>

<p>Order Chelohart 10mg online Australia with confidence from Alluvia, the trusted supplier for Australian researchers and peptide enthusiasts.</p>",taxable,,1,100,0,0,58.83,,Medical Peptides,"Chelohart 10mg, Medical Peptides",5,Purity,>98%,1,1
simple,AV-MED-021,Glandokort 10mg,1,0,visible,"Glandokort 10mg is a high-purity medical peptides compound offering tissue repair and regeneration. Available to buy online Australia, Glandokort 10mg meets strict quality standards with ≥98% purity.","<h3>Glandokort 10mg | Medical Peptides | Research Grade Australia</h3>
<p><strong>Glandokort 10mg</strong> modulates inflammatory cytokine cascades and accelerates tissue repair via upregulation of growth factors. This compound is widely utilised in regenerative medicine and wound healing research, with growing interest from preclinical and translational research communities worldwide.</p>

<p>In research settings, typical protocols involve reconstitution in bacteriostatic water at concentrations of 500–1000 mcg/mL. Researchers are advised to follow institutional guidelines and conduct thorough literature review prior to experimental use.</p>

<ul>
    <li>Potent anti-inflammatory and tissue repair activity</li>
    <li>Supports CNS neuroprotection and cognitive function</li>
    <li>Promotes angiogenesis and wound healing</li>
    <li>Modulates immune response and cytokine balance</li>
    <li>High purity ≥98% for reliable research outcomes</li>
</ul>

<p><strong>Purity:</strong> ≥98% (HPLC verified) | <strong>Format:</strong> Lyophilised powder | <strong>Storage:</strong> Store at −20°C, protect from light and moisture. Stable for 24 months when properly stored.</p>

<p>Australian researchers and biohackers trust Alluvia for premium Glandokort 10mg — order online today with fast, discreet delivery.</p>",taxable,,1,100,0,0,160.34,,Medical Peptides,"Glandokort 10mg, Medical Peptides",5,Purity,>98%,1,1
simple,AV-MED-022,Crystagen 10mg,1,0,visible,"Discover Crystagen 10mg, a premium medical peptides peptide designed for immune modulation and healing. Buy Crystagen 10mg online Australia from a trusted supplier committed to research excellence.","<h3>Buy Crystagen 10mg Online Australia | Medical Peptides</h3>
<p><strong>Crystagen 10mg</strong> binds to specific receptors in the CNS and peripheral tissues to promote healing and reduce oxidative stress. This compound is widely utilised in neuroimmunology and CNS repair studies, with growing interest from preclinical and translational research communities worldwide.</p>

<p>Research models commonly employ doses ranging from 200–500 mcg per administration depending on the study design. Researchers are advised to follow institutional guidelines and conduct thorough literature review prior to experimental use.</p>

<ul>
    <li>Accelerates musculoskeletal and gut tissue regeneration</li>
    <li>Reduces oxidative stress and supports mitochondrial health</li>
    <li>Enhances collagen deposition at injury sites</li>
    <li>Supports immune homeostasis and resolution of inflammation</li>
    <li>Lyophilised for maximum stability during storage and transport</li>
</ul>

<p><strong>Purity:</strong> ≥98% (HPLC verified) | <strong>Format:</strong> Lyophilised powder | <strong>Storage:</strong> Store at −20°C, protect from light and moisture. Stable for 24 months when properly stored.</p>

<p>Purchase Crystagen 10mg from Alluvia, Australia's leading supplier of research-grade peptides — trusted by Australian researchers nationwide.</p>",taxable,,1,100,0,0,146.66,,Medical Peptides,"Crystagen 10mg, Medical Peptides",5,Purity,>98%,1,1
simple,AV-MED-023,Bonothyrk 10mg,1,0,visible,"Bonothyrk 10mg provides researchers with a potent medical peptides agent supporting neuroprotection and CNS support. Available online across Australia, this peptide is supplied at ≥98% purity for reliable results.","<h3>Bonothyrk 10mg – High Purity Medical Peptides Peptide</h3>
<p><strong>Bonothyrk 10mg</strong> activates endogenous repair pathways by interacting with actin-binding proteins and angiogenic factors. This compound is widely utilised in inflammatory disease and tissue engineering research, with growing interest from preclinical and translational research communities worldwide.</p>

<p>Standard research protocols reconstitute lyophilised peptide in sterile bacteriostatic water prior to use. Researchers are advised to follow institutional guidelines and conduct thorough literature review prior to experimental use.</p>

<ul>
    <li>Potent anti-inflammatory and tissue repair activity</li>
    <li>Supports CNS neuroprotection and cognitive function</li>
    <li>Promotes angiogenesis and wound healing</li>
    <li>Modulates immune response and cytokine balance</li>
    <li>High purity ≥98% for reliable research outcomes</li>
</ul>

<p><strong>Purity:</strong> ≥98% (HPLC verified) | <strong>Format:</strong> Lyophilised powder | <strong>Storage:</strong> Store at −20°C, protect from light and moisture. Stable for 24 months when properly stored.</p>

<p>Alluvia provides Australian researchers with premium-grade Bonothyrk 10mg — buy online Australia for fast domestic dispatch.</p>",taxable,,1,100,0,0,101.21,,Medical Peptides,"Bonothyrk 10mg, Medical Peptides",5,Purity,>98%,1,1
simple,AV-MED-024,Ovagen 10mg,1,0,visible,"A leading medical peptides compound, Ovagen 10mg is valued for its role in anti-inflammatory activity. Trusted by Australian researchers and biohackers, Ovagen 10mg is available online with fast local dispatch.","<h3>Ovagen 10mg for Medical Peptides Research | Australia</h3>
<p><strong>Ovagen 10mg</strong> regulates immune cell activity and promotes resolution of inflammation through receptor-mediated signalling. This compound is widely utilised in peptide therapeutics and translational medicine, with growing interest from preclinical and translational research communities worldwide.</p>

<p>Investigational dosing in preclinical models typically ranges from 100–500 mcg, adjusted for body weight. Researchers are advised to follow institutional guidelines and conduct thorough literature review prior to experimental use.</p>

<ul>
    <li>Accelerates musculoskeletal and gut tissue regeneration</li>
    <li>Reduces oxidative stress and supports mitochondrial health</li>
    <li>Enhances collagen deposition at injury sites</li>
    <li>Supports immune homeostasis and resolution of inflammation</li>
    <li>Lyophilised for maximum stability during storage and transport</li>
</ul>

<p><strong>Purity:</strong> ≥98% (HPLC verified) | <strong>Format:</strong> Lyophilised powder | <strong>Storage:</strong> Store at −20°C, protect from light and moisture. Stable for 24 months when properly stored.</p>

<p>Shop Ovagen 10mg online at Alluvia — trusted by Australian researchers and biohackers seeking the highest purity peptides.</p>",taxable,,1,100,0,0,77.75,,Medical Peptides,"Ovagen 10mg, Medical Peptides",5,Purity,>98%,1,1
simple,AV-MED-025,Libidon 10mg,1,0,visible,"Libidon 10mg stands out among medical peptides products for its proven role in cellular recovery and protection. Australian researchers can buy Libidon 10mg online with confidence, backed by ≥98% purity certification.","<h3>Premium Libidon 10mg | Medical Peptides Australia</h3>
<p><strong>Libidon 10mg</strong> supports mitochondrial function and cellular bioenergetics through targeted peptide-receptor interactions. This compound is widely utilised in regenerative medicine and wound healing research, with growing interest from preclinical and translational research communities worldwide.</p>

<p>In research settings, typical protocols involve reconstitution in bacteriostatic water at concentrations of 500–1000 mcg/mL. Researchers are advised to follow institutional guidelines and conduct thorough literature review prior to experimental use.</p>

<ul>
    <li>Potent anti-inflammatory and tissue repair activity</li>
    <li>Supports CNS neuroprotection and cognitive function</li>
    <li>Promotes angiogenesis and wound healing</li>
    <li>Modulates immune response and cytokine balance</li>
    <li>High purity ≥98% for reliable research outcomes</li>
</ul>

<p><strong>Purity:</strong> ≥98% (HPLC verified) | <strong>Format:</strong> Lyophilised powder | <strong>Storage:</strong> Store at −20°C, protect from light and moisture. Stable for 24 months when properly stored.</p>

<p>Buy Libidon 10mg online in Australia from Alluvia — trusted by Australian researchers and biohackers for quality and purity.</p>",taxable,,1,100,0,0,179.57,,Medical Peptides,"Libidon 10mg, Medical Peptides",5,Purity,>98%,1,1
simple,AV-MED-026,Gotratix 10mg,1,0,visible,"Sourced to rigorous standards, Gotratix 10mg is a trusted medical peptides peptide for tissue repair and regeneration. Available to buy online Australia, Gotratix 10mg meets strict quality standards with ≥98% purity.","<h3>Gotratix 10mg | Medical Peptides | Research Grade Australia</h3>
<p><strong>Gotratix 10mg</strong> modulates inflammatory cytokine cascades and accelerates tissue repair via upregulation of growth factors. This compound is widely utilised in neuroimmunology and CNS repair studies, with growing interest from preclinical and translational research communities worldwide.</p>

<p>Research models commonly employ doses ranging from 200–500 mcg per administration depending on the study design. Researchers are advised to follow institutional guidelines and conduct thorough literature review prior to experimental use.</p>

<ul>
    <li>Accelerates musculoskeletal and gut tissue regeneration</li>
    <li>Reduces oxidative stress and supports mitochondrial health</li>
    <li>Enhances collagen deposition at injury sites</li>
    <li>Supports immune homeostasis and resolution of inflammation</li>
    <li>Lyophilised for maximum stability during storage and transport</li>
</ul>

<p><strong>Purity:</strong> ≥98% (HPLC verified) | <strong>Format:</strong> Lyophilised powder | <strong>Storage:</strong> Store at −20°C, protect from light and moisture. Stable for 24 months when properly stored.</p>

<p>Order Gotratix 10mg online Australia with confidence from Alluvia, the trusted supplier for Australian researchers and peptide enthusiasts.</p>",taxable,,1,100,0,0,100.75,,Medical Peptides,"Gotratix 10mg, Medical Peptides",5,Purity,>98%,1,1
simple,AV-MED-027,Cerluten 10mg,1,0,visible,"For those seeking quality medical peptides solutions, Cerluten 10mg delivers outstanding immune modulation and healing. Buy Cerluten 10mg online Australia from a trusted supplier committed to research excellence.","<h3>Buy Cerluten 10mg Online Australia | Medical Peptides</h3>
<p><strong>Cerluten 10mg</strong> binds to specific receptors in the CNS and peripheral tissues to promote healing and reduce oxidative stress. This compound is widely utilised in inflammatory disease and tissue engineering research, with growing interest from preclinical and translational research communities worldwide.</p>

<p>Standard research protocols reconstitute lyophilised peptide in sterile bacteriostatic water prior to use. Researchers are advised to follow institutional guidelines and conduct thorough literature review prior to experimental use.</p>

<ul>
    <li>Potent anti-inflammatory and tissue repair activity</li>
    <li>Supports CNS neuroprotection and cognitive function</li>
    <li>Promotes angiogenesis and wound healing</li>
    <li>Modulates immune response and cytokine balance</li>
    <li>High purity ≥98% for reliable research outcomes</li>
</ul>

<p><strong>Purity:</strong> ≥98% (HPLC verified) | <strong>Format:</strong> Lyophilised powder | <strong>Storage:</strong> Store at −20°C, protect from light and moisture. Stable for 24 months when properly stored.</p>

<p>Australian researchers and biohackers trust Alluvia for premium Cerluten 10mg — order online today with fast, discreet delivery.</p>",taxable,,1,100,0,0,69.78,,Medical Peptides,"Cerluten 10mg, Medical Peptides",5,Purity,>98%,1,1
simple,AV-MED-028,Testoluten 10mg,1,0,visible,"Testoluten 10mg is a research-grade medical peptides peptide renowned for neuroprotection and CNS support. Available online across Australia, this peptide is supplied at ≥98% purity for reliable results.","<h3>Testoluten 10mg – High Purity Medical Peptides Peptide</h3>
<p><strong>Testoluten 10mg</strong> activates endogenous repair pathways by interacting with actin-binding proteins and angiogenic factors. This compound is widely utilised in peptide therapeutics and translational medicine, with growing interest from preclinical and translational research communities worldwide.</p>

<p>Investigational dosing in preclinical models typically ranges from 100–500 mcg, adjusted for body weight. Researchers are advised to follow institutional guidelines and conduct thorough literature review prior to experimental use.</p>

<ul>
    <li>Accelerates musculoskeletal and gut tissue regeneration</li>
    <li>Reduces oxidative stress and supports mitochondrial health</li>
    <li>Enhances collagen deposition at injury sites</li>
    <li>Supports immune homeostasis and resolution of inflammation</li>
    <li>Lyophilised for maximum stability during storage and transport</li>
</ul>

<p><strong>Purity:</strong> ≥98% (HPLC verified) | <strong>Format:</strong> Lyophilised powder | <strong>Storage:</strong> Store at −20°C, protect from light and moisture. Stable for 24 months when properly stored.</p>

<p>Purchase Testoluten 10mg from Alluvia, Australia's leading supplier of research-grade peptides — trusted by Australian researchers nationwide.</p>",taxable,,1,100,0,0,70.28,,Medical Peptides,"Testoluten 10mg, Medical Peptides",5,Purity,>98%,1,1
simple,AV-MED-029,Pielotax 10mg,1,0,visible,"High-purity Pielotax 10mg is a benchmark medical peptides compound in the field of anti-inflammatory activity. Trusted by Australian researchers and biohackers, Pielotax 10mg is available online with fast local dispatch.","<h3>Pielotax 10mg for Medical Peptides Research | Australia</h3>
<p><strong>Pielotax 10mg</strong> regulates immune cell activity and promotes resolution of inflammation through receptor-mediated signalling. This compound is widely utilised in regenerative medicine and wound healing research, with growing interest from preclinical and translational research communities worldwide.</p>

<p>In research settings, typical protocols involve reconstitution in bacteriostatic water at concentrations of 500–1000 mcg/mL. Researchers are advised to follow institutional guidelines and conduct thorough literature review prior to experimental use.</p>

<ul>
    <li>Potent anti-inflammatory and tissue repair activity</li>
    <li>Supports CNS neuroprotection and cognitive function</li>
    <li>Promotes angiogenesis and wound healing</li>
    <li>Modulates immune response and cytokine balance</li>
    <li>High purity ≥98% for reliable research outcomes</li>
</ul>

<p><strong>Purity:</strong> ≥98% (HPLC verified) | <strong>Format:</strong> Lyophilised powder | <strong>Storage:</strong> Store at −20°C, protect from light and moisture. Stable for 24 months when properly stored.</p>

<p>Alluvia provides Australian researchers with premium-grade Pielotax 10mg — buy online Australia for fast domestic dispatch.</p>",taxable,,1,100,0,0,165.63,,Medical Peptides,"Pielotax 10mg, Medical Peptides",5,Purity,>98%,1,1
simple,AV-MED-030,Sigumir 10mg,1,0,visible,"Used by researchers worldwide, Sigumir 10mg is an advanced medical peptides peptide for cellular recovery and protection. Australian researchers can buy Sigumir 10mg online with confidence, backed by ≥98% purity certification.","<h3>Premium Sigumir 10mg | Medical Peptides Australia</h3>
<p><strong>Sigumir 10mg</strong> supports mitochondrial function and cellular bioenergetics through targeted peptide-receptor interactions. This compound is widely utilised in neuroimmunology and CNS repair studies, with growing interest from preclinical and translational research communities worldwide.</p>

<p>Research models commonly employ doses ranging from 200–500 mcg per administration depending on the study design. Researchers are advised to follow institutional guidelines and conduct thorough literature review prior to experimental use.</p>

<ul>
    <li>Accelerates musculoskeletal and gut tissue regeneration</li>
    <li>Reduces oxidative stress and supports mitochondrial health</li>
    <li>Enhances collagen deposition at injury sites</li>
    <li>Supports immune homeostasis and resolution of inflammation</li>
    <li>Lyophilised for maximum stability during storage and transport</li>
</ul>

<p><strong>Purity:</strong> ≥98% (HPLC verified) | <strong>Format:</strong> Lyophilised powder | <strong>Storage:</strong> Store at −20°C, protect from light and moisture. Stable for 24 months when properly stored.</p>

<p>Shop Sigumir 10mg online at Alluvia — trusted by Australian researchers and biohackers seeking the highest purity peptides.</p>",taxable,,1,100,0,0,134.67,,Medical Peptides,"Sigumir 10mg, Medical Peptides",5,Purity,>98%,1,1
simple,AV-MED-031,Chonluten 10mg,1,0,visible,"Chonluten 10mg is a high-purity medical peptides compound offering tissue repair and regeneration. Available to buy online Australia, Chonluten 10mg meets strict quality standards with ≥98% purity.","<h3>Chonluten 10mg | Medical Peptides | Research Grade Australia</h3>
<p><strong>Chonluten 10mg</strong> modulates inflammatory cytokine cascades and accelerates tissue repair via upregulation of growth factors. This compound is widely utilised in inflammatory disease and tissue engineering research, with growing interest from preclinical and translational research communities worldwide.</p>

<p>Standard research protocols reconstitute lyophilised peptide in sterile bacteriostatic water prior to use. Researchers are advised to follow institutional guidelines and conduct thorough literature review prior to experimental use.</p>

<ul>
    <li>Potent anti-inflammatory and tissue repair activity</li>
    <li>Supports CNS neuroprotection and cognitive function</li>
    <li>Promotes angiogenesis and wound healing</li>
    <li>Modulates immune response and cytokine balance</li>
    <li>High purity ≥98% for reliable research outcomes</li>
</ul>

<p><strong>Purity:</strong> ≥98% (HPLC verified) | <strong>Format:</strong> Lyophilised powder | <strong>Storage:</strong> Store at −20°C, protect from light and moisture. Stable for 24 months when properly stored.</p>

<p>Buy Chonluten 10mg online in Australia from Alluvia — trusted by Australian researchers and biohackers for quality and purity.</p>",taxable,,1,100,0,0,160.51,,Medical Peptides,"Chonluten 10mg, Medical Peptides",5,Purity,>98%,1,1
simple,AV-MED-032,Bonomarlot 10mg,1,0,visible,"Discover Bonomarlot 10mg, a premium medical peptides peptide designed for immune modulation and healing. Buy Bonomarlot 10mg online Australia from a trusted supplier committed to research excellence.","<h3>Buy Bonomarlot 10mg Online Australia | Medical Peptides</h3>
<p><strong>Bonomarlot 10mg</strong> binds to specific receptors in the CNS and peripheral tissues to promote healing and reduce oxidative stress. This compound is widely utilised in peptide therapeutics and translational medicine, with growing interest from preclinical and translational research communities worldwide.</p>

<p>Investigational dosing in preclinical models typically ranges from 100–500 mcg, adjusted for body weight. Researchers are advised to follow institutional guidelines and conduct thorough literature review prior to experimental use.</p>

<ul>
    <li>Accelerates musculoskeletal and gut tissue regeneration</li>
    <li>Reduces oxidative stress and supports mitochondrial health</li>
    <li>Enhances collagen deposition at injury sites</li>
    <li>Supports immune homeostasis and resolution of inflammation</li>
    <li>Lyophilised for maximum stability during storage and transport</li>
</ul>

<p><strong>Purity:</strong> ≥98% (HPLC verified) | <strong>Format:</strong> Lyophilised powder | <strong>Storage:</strong> Store at −20°C, protect from light and moisture. Stable for 24 months when properly stored.</p>

<p>Order Bonomarlot 10mg online Australia with confidence from Alluvia, the trusted supplier for Australian researchers and peptide enthusiasts.</p>",taxable,,1,100,0,0,150.68,,Medical Peptides,"Bonomarlot 10mg, Medical Peptides",5,Purity,>98%,1,1
simple,AV-MED-033,Suprefort 10mg,1,0,visible,"Suprefort 10mg provides researchers with a potent medical peptides agent supporting neuroprotection and CNS support. Available online across Australia, this peptide is supplied at ≥98% purity for reliable results.","<h3>Suprefort 10mg – High Purity Medical Peptides Peptide</h3>
<p><strong>Suprefort 10mg</strong> activates endogenous repair pathways by interacting with actin-binding proteins and angiogenic factors. This compound is widely utilised in regenerative medicine and wound healing research, with growing interest from preclinical and translational research communities worldwide.</p>

<p>In research settings, typical protocols involve reconstitution in bacteriostatic water at concentrations of 500–1000 mcg/mL. Researchers are advised to follow institutional guidelines and conduct thorough literature review prior to experimental use.</p>

<ul>
    <li>Potent anti-inflammatory and tissue repair activity</li>
    <li>Supports CNS neuroprotection and cognitive function</li>
    <li>Promotes angiogenesis and wound healing</li>
    <li>Modulates immune response and cytokine balance</li>
    <li>High purity ≥98% for reliable research outcomes</li>
</ul>

<p><strong>Purity:</strong> ≥98% (HPLC verified) | <strong>Format:</strong> Lyophilised powder | <strong>Storage:</strong> Store at −20°C, protect from light and moisture. Stable for 24 months when properly stored.</p>

<p>Australian researchers and biohackers trust Alluvia for premium Suprefort 10mg — order online today with fast, discreet delivery.</p>",taxable,,1,100,0,0,126.1,,Medical Peptides,"Suprefort 10mg, Medical Peptides",5,Purity,>98%,1,1
simple,AV-MED-034,Svetinorm 10mg,1,0,visible,"A leading medical peptides compound, Svetinorm 10mg is valued for its role in anti-inflammatory activity. Trusted by Australian researchers and biohackers, Svetinorm 10mg is available online with fast local dispatch.","<h3>Svetinorm 10mg for Medical Peptides Research | Australia</h3>
<p><strong>Svetinorm 10mg</strong> regulates immune cell activity and promotes resolution of inflammation through receptor-mediated signalling. This compound is widely utilised in neuroimmunology and CNS repair studies, with growing interest from preclinical and translational research communities worldwide.</p>

<p>Research models commonly employ doses ranging from 200–500 mcg per administration depending on the study design. Researchers are advised to follow institutional guidelines and conduct thorough literature review prior to experimental use.</p>

<ul>
    <li>Accelerates musculoskeletal and gut tissue regeneration</li>
    <li>Reduces oxidative stress and supports mitochondrial health</li>
    <li>Enhances collagen deposition at injury sites</li>
    <li>Supports immune homeostasis and resolution of inflammation</li>
    <li>Lyophilised for maximum stability during storage and transport</li>
</ul>

<p><strong>Purity:</strong> ≥98% (HPLC verified) | <strong>Format:</strong> Lyophilised powder | <strong>Storage:</strong> Store at −20°C, protect from light and moisture. Stable for 24 months when properly stored.</p>

<p>Purchase Svetinorm 10mg from Alluvia, Australia's leading supplier of research-grade peptides — trusted by Australian researchers nationwide.</p>",taxable,,1,100,0,0,181.59,,Medical Peptides,"Svetinorm 10mg, Medical Peptides",5,Purity,>98%,1,1
simple,AV-MED-035,Pancragen 10mg,1,0,visible,"Pancragen 10mg stands out among medical peptides products for its proven role in cellular recovery and protection. Australian researchers can buy Pancragen 10mg online with confidence, backed by ≥98% purity certification.","<h3>Premium Pancragen 10mg | Medical Peptides Australia</h3>
<p><strong>Pancragen 10mg</strong> supports mitochondrial function and cellular bioenergetics through targeted peptide-receptor interactions. This compound is widely utilised in inflammatory disease and tissue engineering research, with growing interest from preclinical and translational research communities worldwide.</p>

<p>Standard research protocols reconstitute lyophilised peptide in sterile bacteriostatic water prior to use. Researchers are advised to follow institutional guidelines and conduct thorough literature review prior to experimental use.</p>

<ul>
    <li>Potent anti-inflammatory and tissue repair activity</li>
    <li>Supports CNS neuroprotection and cognitive function</li>
    <li>Promotes angiogenesis and wound healing</li>
    <li>Modulates immune response and cytokine balance</li>
    <li>High purity ≥98% for reliable research outcomes</li>
</ul>

<p><strong>Purity:</strong> ≥98% (HPLC verified) | <strong>Format:</strong> Lyophilised powder | <strong>Storage:</strong> Store at −20°C, protect from light and moisture. Stable for 24 months when properly stored.</p>

<p>Alluvia provides Australian researchers with premium-grade Pancragen 10mg — buy online Australia for fast domestic dispatch.</p>",taxable,,1,100,0,0,106.07,,Medical Peptides,"Pancragen 10mg, Medical Peptides",5,Purity,>98%,1,1
simple,AV-MED-036,Endoluten 10mg,1,0,visible,"Sourced to rigorous standards, Endoluten 10mg is a trusted medical peptides peptide for tissue repair and regeneration. Available to buy online Australia, Endoluten 10mg meets strict quality standards with ≥98% purity.","<h3>Endoluten 10mg | Medical Peptides | Research Grade Australia</h3>
<p><strong>Endoluten 10mg</strong> modulates inflammatory cytokine cascades and accelerates tissue repair via upregulation of growth factors. This compound is widely utilised in peptide therapeutics and translational medicine, with growing interest from preclinical and translational research communities worldwide.</p>

<p>Investigational dosing in preclinical models typically ranges from 100–500 mcg, adjusted for body weight. Researchers are advised to follow institutional guidelines and conduct thorough literature review prior to experimental use.</p>

<ul>
    <li>Accelerates musculoskeletal and gut tissue regeneration</li>
    <li>Reduces oxidative stress and supports mitochondrial health</li>
    <li>Enhances collagen deposition at injury sites</li>
    <li>Supports immune homeostasis and resolution of inflammation</li>
    <li>Lyophilised for maximum stability during storage and transport</li>
</ul>

<p><strong>Purity:</strong> ≥98% (HPLC verified) | <strong>Format:</strong> Lyophilised powder | <strong>Storage:</strong> Store at −20°C, protect from light and moisture. Stable for 24 months when properly stored.</p>

<p>Shop Endoluten 10mg online at Alluvia — trusted by Australian researchers and biohackers seeking the highest purity peptides.</p>",taxable,,1,100,0,0,128.11,,Medical Peptides,"Endoluten 10mg, Medical Peptides",5,Purity,>98%,1,1
simple,AV-MED-037,Humanin 2mg,1,0,visible,"For those seeking quality medical peptides solutions, Humanin 2mg delivers outstanding immune modulation and healing. Buy Humanin 2mg online Australia from a trusted supplier committed to research excellence.","<h3>Buy Humanin 2mg Online Australia | Medical Peptides</h3>
<p><strong>Humanin 2mg</strong> binds to specific receptors in the CNS and peripheral tissues to promote healing and reduce oxidative stress. This compound is widely utilised in regenerative medicine and wound healing research, with growing interest from preclinical and translational research communities worldwide.</p>

<p>In research settings, typical protocols involve reconstitution in bacteriostatic water at concentrations of 500–1000 mcg/mL. Researchers are advised to follow institutional guidelines and conduct thorough literature review prior to experimental use.</p>

<ul>
    <li>Potent anti-inflammatory and tissue repair activity</li>
    <li>Supports CNS neuroprotection and cognitive function</li>
    <li>Promotes angiogenesis and wound healing</li>
    <li>Modulates immune response and cytokine balance</li>
    <li>High purity ≥98% for reliable research outcomes</li>
</ul>

<p><strong>Purity:</strong> ≥98% (HPLC verified) | <strong>Format:</strong> Lyophilised powder | <strong>Storage:</strong> Store at −20°C, protect from light and moisture. Stable for 24 months when properly stored.</p>

<p>Buy Humanin 2mg online in Australia from Alluvia — trusted by Australian researchers and biohackers for quality and purity.</p>",taxable,,1,100,0,0,163.33,,Medical Peptides,"Humanin 2mg, Medical Peptides",5,Purity,>98%,1,1
simple,AV-MED-038,MOTS-c 5mg,1,0,visible,"MOTS-c 5mg is a research-grade medical peptides peptide renowned for neuroprotection and CNS support. Available online across Australia, this peptide is supplied at ≥98% purity for reliable results.","<h3>MOTS-c 5mg – High Purity Medical Peptides Peptide</h3>
<p><strong>MOTS-c 5mg</strong> activates endogenous repair pathways by interacting with actin-binding proteins and angiogenic factors. This compound is widely utilised in neuroimmunology and CNS repair studies, with growing interest from preclinical and translational research communities worldwide.</p>

<p>Research models commonly employ doses ranging from 200–500 mcg per administration depending on the study design. Researchers are advised to follow institutional guidelines and conduct thorough literature review prior to experimental use.</p>

<ul>
    <li>Accelerates musculoskeletal and gut tissue regeneration</li>
    <li>Reduces oxidative stress and supports mitochondrial health</li>
    <li>Enhances collagen deposition at injury sites</li>
    <li>Supports immune homeostasis and resolution of inflammation</li>
    <li>Lyophilised for maximum stability during storage and transport</li>
</ul>

<p><strong>Purity:</strong> ≥98% (HPLC verified) | <strong>Format:</strong> Lyophilised powder | <strong>Storage:</strong> Store at −20°C, protect from light and moisture. Stable for 24 months when properly stored.</p>

<p>Order MOTS-c 5mg online Australia with confidence from Alluvia, the trusted supplier for Australian researchers and peptide enthusiasts.</p>",taxable,,1,100,0,0,136.55,,Medical Peptides,"MOTS-c 5mg, Medical Peptides",5,Purity,>98%,1,1
simple,AV-MED-039,Thymulin 5mg,1,0,visible,"High-purity Thymulin 5mg is a benchmark medical peptides compound in the field of anti-inflammatory activity. Trusted by Australian researchers and biohackers, Thymulin 5mg is available online with fast local dispatch.","<h3>Thymulin 5mg for Medical Peptides Research | Australia</h3>
<p><strong>Thymulin 5mg</strong> regulates immune cell activity and promotes resolution of inflammation through receptor-mediated signalling. This compound is widely utilised in inflammatory disease and tissue engineering research, with growing interest from preclinical and translational research communities worldwide.</p>

<p>Standard research protocols reconstitute lyophilised peptide in sterile bacteriostatic water prior to use. Researchers are advised to follow institutional guidelines and conduct thorough literature review prior to experimental use.</p>

<ul>
    <li>Potent anti-inflammatory and tissue repair activity</li>
    <li>Supports CNS neuroprotection and cognitive function</li>
    <li>Promotes angiogenesis and wound healing</li>
    <li>Modulates immune response and cytokine balance</li>
    <li>High purity ≥98% for reliable research outcomes</li>
</ul>

<p><strong>Purity:</strong> ≥98% (HPLC verified) | <strong>Format:</strong> Lyophilised powder | <strong>Storage:</strong> Store at −20°C, protect from light and moisture. Stable for 24 months when properly stored.</p>

<p>Australian researchers and biohackers trust Alluvia for premium Thymulin 5mg — order online today with fast, discreet delivery.</p>",taxable,,1,100,0,0,167.44,,Medical Peptides,"Thymulin 5mg, Medical Peptides",5,Purity,>98%,1,1
simple,AV-MED-040,TB-4 Fragment (17-23) 2mg,1,0,visible,"Used by researchers worldwide, TB-4 Fragment (17-23) 2mg is an advanced medical peptides peptide for cellular recovery and protection. Australian researchers can buy TB-4 Fragment (17-23) 2mg online with confidence, backed by ≥98% purity certification.","<h3>Premium TB-4 Fragment (17-23) 2mg | Medical Peptides Australia</h3>
<p><strong>TB-4 Fragment (17-23) 2mg</strong> supports mitochondrial function and cellular bioenergetics through targeted peptide-receptor interactions. This compound is widely utilised in peptide therapeutics and translational medicine, with growing interest from preclinical and translational research communities worldwide.</p>

<p>Investigational dosing in preclinical models typically ranges from 100–500 mcg, adjusted for body weight. Researchers are advised to follow institutional guidelines and conduct thorough literature review prior to experimental use.</p>

<ul>
    <li>Accelerates musculoskeletal and gut tissue regeneration</li>
    <li>Reduces oxidative stress and supports mitochondrial health</li>
    <li>Enhances collagen deposition at injury sites</li>
    <li>Supports immune homeostasis and resolution of inflammation</li>
    <li>Lyophilised for maximum stability during storage and transport</li>
</ul>

<p><strong>Purity:</strong> ≥98% (HPLC verified) | <strong>Format:</strong> Lyophilised powder | <strong>Storage:</strong> Store at −20°C, protect from light and moisture. Stable for 24 months when properly stored.</p>

<p>Purchase TB-4 Fragment (17-23) 2mg from Alluvia, Australia's leading supplier of research-grade peptides — trusted by Australian researchers nationwide.</p>",taxable,,1,100,0,0,131.32,,Medical Peptides,"TB-4 Fragment (17-23) 2mg, Medical Peptides",5,Purity,>98%,1,1
simple,AV-MED-041,PT-141 10mg,1,0,visible,"PT-141 10mg is a high-purity medical peptides compound offering tissue repair and regeneration. Available to buy online Australia, PT-141 10mg meets strict quality standards with ≥98% purity.","<h3>PT-141 10mg | Medical Peptides | Research Grade Australia</h3>
<p><strong>PT-141 10mg</strong> modulates inflammatory cytokine cascades and accelerates tissue repair via upregulation of growth factors. This compound is widely utilised in regenerative medicine and wound healing research, with growing interest from preclinical and translational research communities worldwide.</p>

<p>In research settings, typical protocols involve reconstitution in bacteriostatic water at concentrations of 500–1000 mcg/mL. Researchers are advised to follow institutional guidelines and conduct thorough literature review prior to experimental use.</p>

<ul>
    <li>Potent anti-inflammatory and tissue repair activity</li>
    <li>Supports CNS neuroprotection and cognitive function</li>
    <li>Promotes angiogenesis and wound healing</li>
    <li>Modulates immune response and cytokine balance</li>
    <li>High purity ≥98% for reliable research outcomes</li>
</ul>

<p><strong>Purity:</strong> ≥98% (HPLC verified) | <strong>Format:</strong> Lyophilised powder | <strong>Storage:</strong> Store at −20°C, protect from light and moisture. Stable for 24 months when properly stored.</p>

<p>Alluvia provides Australian researchers with premium-grade PT-141 10mg — buy online Australia for fast domestic dispatch.</p>",taxable,,1,100,0,0,147.48,,Medical Peptides,"PT-141 10mg, Medical Peptides",5,Purity,>98%,1,1
simple,AV-MED-042,Kisspeptin-10 2mg,1,0,visible,"Discover Kisspeptin-10 2mg, a premium medical peptides peptide designed for immune modulation and healing. Buy Kisspeptin-10 2mg online Australia from a trusted supplier committed to research excellence.","<h3>Buy Kisspeptin-10 2mg Online Australia | Medical Peptides</h3>
<p><strong>Kisspeptin-10 2mg</strong> binds to specific receptors in the CNS and peripheral tissues to promote healing and reduce oxidative stress. This compound is widely utilised in neuroimmunology and CNS repair studies, with growing interest from preclinical and translational research communities worldwide.</p>

<p>Research models commonly employ doses ranging from 200–500 mcg per administration depending on the study design. Researchers are advised to follow institutional guidelines and conduct thorough literature review prior to experimental use.</p>

<ul>
    <li>Accelerates musculoskeletal and gut tissue regeneration</li>
    <li>Reduces oxidative stress and supports mitochondrial health</li>
    <li>Enhances collagen deposition at injury sites</li>
    <li>Supports immune homeostasis and resolution of inflammation</li>
    <li>Lyophilised for maximum stability during storage and transport</li>
</ul>

<p><strong>Purity:</strong> ≥98% (HPLC verified) | <strong>Format:</strong> Lyophilised powder | <strong>Storage:</strong> Store at −20°C, protect from light and moisture. Stable for 24 months when properly stored.</p>

<p>Shop Kisspeptin-10 2mg online at Alluvia — trusted by Australian researchers and biohackers seeking the highest purity peptides.</p>",taxable,,1,100,0,0,63.82,,Medical Peptides,"Kisspeptin-10 2mg, Medical Peptides",5,Purity,>98%,1,1
simple,AV-MED-043,GLP-1 (7-36) 2mg,1,0,visible,"GLP-1 (7-36) 2mg provides researchers with a potent medical peptides agent supporting neuroprotection and CNS support. Available online across Australia, this peptide is supplied at ≥98% purity for reliable results.","<h3>GLP-1 (7-36) 2mg – High Purity Medical Peptides Peptide</h3>
<p><strong>GLP-1 (7-36) 2mg</strong> activates endogenous repair pathways by interacting with actin-binding proteins and angiogenic factors. This compound is widely utilised in inflammatory disease and tissue engineering research, with growing interest from preclinical and translational research communities worldwide.</p>

<p>Standard research protocols reconstitute lyophilised peptide in sterile bacteriostatic water prior to use. Researchers are advised to follow institutional guidelines and conduct thorough literature review prior to experimental use.</p>

<ul>
    <li>Potent anti-inflammatory and tissue repair activity</li>
    <li>Supports CNS neuroprotection and cognitive function</li>
    <li>Promotes angiogenesis and wound healing</li>
    <li>Modulates immune response and cytokine balance</li>
    <li>High purity ≥98% for reliable research outcomes</li>
</ul>

<p><strong>Purity:</strong> ≥98% (HPLC verified) | <strong>Format:</strong> Lyophilised powder | <strong>Storage:</strong> Store at −20°C, protect from light and moisture. Stable for 24 months when properly stored.</p>

<p>Buy GLP-1 (7-36) 2mg online in Australia from Alluvia — trusted by Australian researchers and biohackers for quality and purity.</p>",taxable,,1,100,0,0,86.94,,Medical Peptides,"GLP-1 (7-36) 2mg, Medical Peptides",5,Purity,>98%,1,1
simple,AV-MED-044,Larazotide Acetate 5mg,1,0,visible,"A leading medical peptides compound, Larazotide Acetate 5mg is valued for its role in anti-inflammatory activity. Trusted by Australian researchers and biohackers, Larazotide Acetate 5mg is available online with fast local dispatch.","<h3>Larazotide Acetate 5mg for Medical Peptides Research | Australia</h3>
<p><strong>Larazotide Acetate 5mg</strong> regulates immune cell activity and promotes resolution of inflammation through receptor-mediated signalling. This compound is widely utilised in peptide therapeutics and translational medicine, with growing interest from preclinical and translational research communities worldwide.</p>

<p>Investigational dosing in preclinical models typically ranges from 100–500 mcg, adjusted for body weight. Researchers are advised to follow institutional guidelines and conduct thorough literature review prior to experimental use.</p>

<ul>
    <li>Accelerates musculoskeletal and gut tissue regeneration</li>
    <li>Reduces oxidative stress and supports mitochondrial health</li>
    <li>Enhances collagen deposition at injury sites</li>
    <li>Supports immune homeostasis and resolution of inflammation</li>
    <li>Lyophilised for maximum stability during storage and transport</li>
</ul>

<p><strong>Purity:</strong> ≥98% (HPLC verified) | <strong>Format:</strong> Lyophilised powder | <strong>Storage:</strong> Store at −20°C, protect from light and moisture. Stable for 24 months when properly stored.</p>

<p>Order Larazotide Acetate 5mg online Australia with confidence from Alluvia, the trusted supplier for Australian researchers and peptide enthusiasts.</p>",taxable,,1,100,0,0,94.75,,Medical Peptides,"Larazotide Acetate 5mg, Medical Peptides",5,Purity,>98%,1,1
simple,AV-MED-045,PE-22-28 5mg,1,0,visible,"PE-22-28 5mg stands out among medical peptides products for its proven role in cellular recovery and protection. Australian researchers can buy PE-22-28 5mg online with confidence, backed by ≥98% purity certification.","<h3>Premium PE-22-28 5mg | Medical Peptides Australia</h3>
<p><strong>PE-22-28 5mg</strong> supports mitochondrial function and cellular bioenergetics through targeted peptide-receptor interactions. This compound is widely utilised in regenerative medicine and wound healing research, with growing interest from preclinical and translational research communities worldwide.</p>

<p>In research settings, typical protocols involve reconstitution in bacteriostatic water at concentrations of 500–1000 mcg/mL. Researchers are advised to follow institutional guidelines and conduct thorough literature review prior to experimental use.</p>

<ul>
    <li>Potent anti-inflammatory and tissue repair activity</li>
    <li>Supports CNS neuroprotection and cognitive function</li>
    <li>Promotes angiogenesis and wound healing</li>
    <li>Modulates immune response and cytokine balance</li>
    <li>High purity ≥98% for reliable research outcomes</li>
</ul>

<p><strong>Purity:</strong> ≥98% (HPLC verified) | <strong>Format:</strong> Lyophilised powder | <strong>Storage:</strong> Store at −20°C, protect from light and moisture. Stable for 24 months when properly stored.</p>

<p>Australian researchers and biohackers trust Alluvia for premium PE-22-28 5mg — order online today with fast, discreet delivery.</p>",taxable,,1,100,0,0,68.13,,Medical Peptides,"PE-22-28 5mg, Medical Peptides",5,Purity,>98%,1,1
simple,AV-MED-046,Spadin 5mg,1,0,visible,"Sourced to rigorous standards, Spadin 5mg is a trusted medical peptides peptide for tissue repair and regeneration. Available to buy online Australia, Spadin 5mg meets strict quality standards with ≥98% purity.","<h3>Spadin 5mg | Medical Peptides | Research Grade Australia</h3>
<p><strong>Spadin 5mg</strong> modulates inflammatory cytokine cascades and accelerates tissue repair via upregulation of growth factors. This compound is widely utilised in neuroimmunology and CNS repair studies, with growing interest from preclinical and translational research communities worldwide.</p>

<p>Research models commonly employ doses ranging from 200–500 mcg per administration depending on the study design. Researchers are advised to follow institutional guidelines and conduct thorough literature review prior to experimental use.</p>

<ul>
    <li>Accelerates musculoskeletal and gut tissue regeneration</li>
    <li>Reduces oxidative stress and supports mitochondrial health</li>
    <li>Enhances collagen deposition at injury sites</li>
    <li>Supports immune homeostasis and resolution of inflammation</li>
    <li>Lyophilised for maximum stability during storage and transport</li>
</ul>

<p><strong>Purity:</strong> ≥98% (HPLC verified) | <strong>Format:</strong> Lyophilised powder | <strong>Storage:</strong> Store at −20°C, protect from light and moisture. Stable for 24 months when properly stored.</p>

<p>Purchase Spadin 5mg from Alluvia, Australia's leading supplier of research-grade peptides — trusted by Australian researchers nationwide.</p>",taxable,,1,100,0,0,87.56,,Medical Peptides,"Spadin 5mg, Medical Peptides",5,Purity,>98%,1,1
simple,AV-MED-047,NAP (NAPVSIPQ) 10mg,1,0,visible,"For those seeking quality medical peptides solutions, NAP (NAPVSIPQ) 10mg delivers outstanding immune modulation and healing. Buy NAP (NAPVSIPQ) 10mg online Australia from a trusted supplier committed to research excellence.","<h3>Buy NAP (NAPVSIPQ) 10mg Online Australia | Medical Peptides</h3>
<p><strong>NAP (NAPVSIPQ) 10mg</strong> binds to specific receptors in the CNS and peripheral tissues to promote healing and reduce oxidative stress. This compound is widely utilised in inflammatory disease and tissue engineering research, with growing interest from preclinical and translational research communities worldwide.</p>

<p>Standard research protocols reconstitute lyophilised peptide in sterile bacteriostatic water prior to use. Researchers are advised to follow institutional guidelines and conduct thorough literature review prior to experimental use.</p>

<ul>
    <li>Potent anti-inflammatory and tissue repair activity</li>
    <li>Supports CNS neuroprotection and cognitive function</li>
    <li>Promotes angiogenesis and wound healing</li>
    <li>Modulates immune response and cytokine balance</li>
    <li>High purity ≥98% for reliable research outcomes</li>
</ul>

<p><strong>Purity:</strong> ≥98% (HPLC verified) | <strong>Format:</strong> Lyophilised powder | <strong>Storage:</strong> Store at −20°C, protect from light and moisture. Stable for 24 months when properly stored.</p>

<p>Alluvia provides Australian researchers with premium-grade NAP (NAPVSIPQ) 10mg — buy online Australia for fast domestic dispatch.</p>",taxable,,1,100,0,0,70.83,,Medical Peptides,"NAP (NAPVSIPQ) 10mg, Medical Peptides",5,Purity,>98%,1,1
simple,AV-MED-048,ACTH (1-24) 2mg,1,0,visible,"ACTH (1-24) 2mg is a research-grade medical peptides peptide renowned for neuroprotection and CNS support. Available online across Australia, this peptide is supplied at ≥98% purity for reliable results.","<h3>ACTH (1-24) 2mg – High Purity Medical Peptides Peptide</h3>
<p><strong>ACTH (1-24) 2mg</strong> activates endogenous repair pathways by interacting with actin-binding proteins and angiogenic factors. This compound is widely utilised in peptide therapeutics and translational medicine, with growing interest from preclinical and translational research communities worldwide.</p>

<p>Investigational dosing in preclinical models typically ranges from 100–500 mcg, adjusted for body weight. Researchers are advised to follow institutional guidelines and conduct thorough literature review prior to experimental use.</p>

<ul>
    <li>Accelerates musculoskeletal and gut tissue regeneration</li>
    <li>Reduces oxidative stress and supports mitochondrial health</li>
    <li>Enhances collagen deposition at injury sites</li>
    <li>Supports immune homeostasis and resolution of inflammation</li>
    <li>Lyophilised for maximum stability during storage and transport</li>
</ul>

<p><strong>Purity:</strong> ≥98% (HPLC verified) | <strong>Format:</strong> Lyophilised powder | <strong>Storage:</strong> Store at −20°C, protect from light and moisture. Stable for 24 months when properly stored.</p>

<p>Shop ACTH (1-24) 2mg online at Alluvia — trusted by Australian researchers and biohackers seeking the highest purity peptides.</p>",taxable,,1,100,0,0,93.3,,Medical Peptides,"ACTH (1-24) 2mg, Medical Peptides",5,Purity,>98%,1,1
simple,AV-MED-049,LL-37 Truncated 2mg,1,0,visible,"High-purity LL-37 Truncated 2mg is a benchmark medical peptides compound in the field of anti-inflammatory activity. Trusted by Australian researchers and biohackers, LL-37 Truncated 2mg is available online with fast local dispatch.","<h3>LL-37 Truncated 2mg for Medical Peptides Research | Australia</h3>
<p><strong>LL-37 Truncated 2mg</strong> regulates immune cell activity and promotes resolution of inflammation through receptor-mediated signalling. This compound is widely utilised in regenerative medicine and wound healing research, with growing interest from preclinical and translational research communities worldwide.</p>

<p>In research settings, typical protocols involve reconstitution in bacteriostatic water at concentrations of 500–1000 mcg/mL. Researchers are advised to follow institutional guidelines and conduct thorough literature review prior to experimental use.</p>

<ul>
    <li>Potent anti-inflammatory and tissue repair activity</li>
    <li>Supports CNS neuroprotection and cognitive function</li>
    <li>Promotes angiogenesis and wound healing</li>
    <li>Modulates immune response and cytokine balance</li>
    <li>High purity ≥98% for reliable research outcomes</li>
</ul>

<p><strong>Purity:</strong> ≥98% (HPLC verified) | <strong>Format:</strong> Lyophilised powder | <strong>Storage:</strong> Store at −20°C, protect from light and moisture. Stable for 24 months when properly stored.</p>

<p>Buy LL-37 Truncated 2mg online in Australia from Alluvia — trusted by Australian researchers and biohackers for quality and purity.</p>",taxable,,1,100,0,0,138.73,,Medical Peptides,"LL-37 Truncated 2mg, Medical Peptides",5,Purity,>98%,1,1
simple,AV-MED-050,Angiotensin (1-7) 2mg,1,0,visible,"Used by researchers worldwide, Angiotensin (1-7) 2mg is an advanced medical peptides peptide for cellular recovery and protection. Australian researchers can buy Angiotensin (1-7) 2mg online with confidence, backed by ≥98% purity certification.","<h3>Premium Angiotensin (1-7) 2mg | Medical Peptides Australia</h3>
<p><strong>Angiotensin (1-7) 2mg</strong> supports mitochondrial function and cellular bioenergetics through targeted peptide-receptor interactions. This compound is widely utilised in neuroimmunology and CNS repair studies, with growing interest from preclinical and translational research communities worldwide.</p>

<p>Research models commonly employ doses ranging from 200–500 mcg per administration depending on the study design. Researchers are advised to follow institutional guidelines and conduct thorough literature review prior to experimental use.</p>

<ul>
    <li>Accelerates musculoskeletal and gut tissue regeneration</li>
    <li>Reduces oxidative stress and supports mitochondrial health</li>
    <li>Enhances collagen deposition at injury sites</li>
    <li>Supports immune homeostasis and resolution of inflammation</li>
    <li>Lyophilised for maximum stability during storage and transport</li>
</ul>

<p><strong>Purity:</strong> ≥98% (HPLC verified) | <strong>Format:</strong> Lyophilised powder | <strong>Storage:</strong> Store at −20°C, protect from light and moisture. Stable for 24 months when properly stored.</p>

<p>Order Angiotensin (1-7) 2mg online Australia with confidence from Alluvia, the trusted supplier for Australian researchers and peptide enthusiasts.</p>",taxable,,1,100,0,0,104.33,,Medical Peptides,"Angiotensin (1-7) 2mg, Medical Peptides",5,Purity,>98%,1,1
simple,AV-SKN-001,GHK-Cu 50mg,1,0,visible,"GHK-Cu 50mg is a high-purity skincare peptides compound offering collagen stimulation and anti-aging. Available to buy online Australia, GHK-Cu 50mg meets strict quality standards with ≥98% purity.","<h3>GHK-Cu 50mg | Skincare Peptides | Research Grade Australia</h3>
<p><strong>GHK-Cu 50mg</strong> stimulates fibroblast activity to increase collagen type I and III synthesis in the dermal matrix. This compound is widely utilised in cosmetic dermatology and anti-aging peptide research, with growing interest from preclinical and translational research communities worldwide.</p>

<p>In cosmetic research, this peptide is typically incorporated into formulations at 2–10% concentration by weight. Researchers are advised to follow institutional guidelines and conduct thorough literature review prior to experimental use.</p>

<ul>
    <li>Stimulates collagen I and III synthesis in fibroblasts</li>
    <li>Visibly reduces fine lines and expression wrinkles</li>
    <li>Improves skin firmness, elasticity and hydration</li>
    <li>Enhances dermal matrix integrity and barrier function</li>
    <li>High purity ≥98% ensures consistent cosmetic efficacy</li>
</ul>

<p><strong>Purity:</strong> ≥98% (HPLC verified) | <strong>Format:</strong> Lyophilised powder | <strong>Storage:</strong> Store at −20°C, protect from light and moisture. Stable for 24 months when properly stored.</p>

<p>Buy GHK-Cu 50mg online in Australia from Alluvia — trusted by Australian researchers and biohackers for quality and purity.</p>",taxable,,1,100,0,0,72.73,,Skincare Peptides,"GHK-Cu 50mg, Skincare Peptides",5,Purity,>98%,1,1
simple,AV-SKN-002,Matrixyl 3000 50mg,1,0,visible,"Discover Matrixyl 3000 50mg, a premium skincare peptides peptide designed for wrinkle reduction and skin firmness. Buy Matrixyl 3000 50mg online Australia from a trusted supplier committed to research excellence.","<h3>Buy Matrixyl 3000 50mg Online Australia | Skincare Peptides</h3>
<p><strong>Matrixyl 3000 50mg</strong> inhibits acetylcholine release at the neuromuscular junction to reduce expression line depth. This compound is widely utilised in skin biology and extracellular matrix studies, with growing interest from preclinical and translational research communities worldwide.</p>

<p>Research applications commonly employ solution concentrations of 1–5 mg/mL in aqueous buffer systems. Researchers are advised to follow institutional guidelines and conduct thorough literature review prior to experimental use.</p>

<ul>
    <li>Supports extracellular matrix remodelling</li>
    <li>Reduces periorbital puffiness and dark circles</li>
    <li>Promotes glycosaminoglycan and hyaluronic acid production</li>
    <li>Suitable for advanced cosmeceutical formulation research</li>
    <li>Stable lyophilised format with extended shelf life</li>
</ul>

<p><strong>Purity:</strong> ≥98% (HPLC verified) | <strong>Format:</strong> Lyophilised powder | <strong>Storage:</strong> Store at −20°C, protect from light and moisture. Stable for 24 months when properly stored.</p>

<p>Order Matrixyl 3000 50mg online Australia with confidence from Alluvia, the trusted supplier for Australian researchers and peptide enthusiasts.</p>",taxable,,1,100,0,0,59.39,,Skincare Peptides,"Matrixyl 3000 50mg, Skincare Peptides",5,Purity,>98%,1,1
simple,AV-SKN-003,Argireline (Acetyl Hexapeptide-3) 50mg,1,0,visible,"Argireline (Acetyl Hexapeptide-3) 50mg provides researchers with a potent skincare peptides agent supporting skin barrier enhancement. Available online across Australia, this peptide is supplied at ≥98% purity for reliable results.","<h3>Argireline (Acetyl Hexapeptide-3) 50mg – High Purity Skincare Peptides Peptide</h3>
<p><strong>Argireline (Acetyl Hexapeptide-3) 50mg</strong> activates TGF-β signalling pathways to enhance extracellular matrix remodelling. This compound is widely utilised in cosmeceutical formulation and efficacy research, with growing interest from preclinical and translational research communities worldwide.</p>

<p>Formulators typically test this peptide at active concentrations between 0.001% and 0.01% in finished products. Researchers are advised to follow institutional guidelines and conduct thorough literature review prior to experimental use.</p>

<ul>
    <li>Stimulates collagen I and III synthesis in fibroblasts</li>
    <li>Visibly reduces fine lines and expression wrinkles</li>
    <li>Improves skin firmness, elasticity and hydration</li>
    <li>Enhances dermal matrix integrity and barrier function</li>
    <li>High purity ≥98% ensures consistent cosmetic efficacy</li>
</ul>

<p><strong>Purity:</strong> ≥98% (HPLC verified) | <strong>Format:</strong> Lyophilised powder | <strong>Storage:</strong> Store at −20°C, protect from light and moisture. Stable for 24 months when properly stored.</p>

<p>Australian researchers and biohackers trust Alluvia for premium Argireline (Acetyl Hexapeptide-3) 50mg — order online today with fast, discreet delivery.</p>",taxable,,1,100,0,0,64.16,,Skincare Peptides,"Argireline (Acetyl Hexapeptide-3) 50mg, Skincare Peptides",5,Purity,>98%,1,1
simple,AV-SKN-004,SNAP-8 50mg,1,0,visible,"A leading skincare peptides compound, SNAP-8 50mg is valued for its role in dermal matrix remodelling. Trusted by Australian researchers and biohackers, SNAP-8 50mg is available online with fast local dispatch.","<h3>SNAP-8 50mg for Skincare Peptides Research | Australia</h3>
<p><strong>SNAP-8 50mg</strong> chelates copper ions to support enzymatic antioxidant defences and collagen cross-linking. This compound is widely utilised in dermal fibroblast and collagen biology research, with growing interest from preclinical and translational research communities worldwide.</p>

<p>Topical research protocols utilise concentrations of 5–50 mg per formulation batch for efficacy assessment. Researchers are advised to follow institutional guidelines and conduct thorough literature review prior to experimental use.</p>

<ul>
    <li>Supports extracellular matrix remodelling</li>
    <li>Reduces periorbital puffiness and dark circles</li>
    <li>Promotes glycosaminoglycan and hyaluronic acid production</li>
    <li>Suitable for advanced cosmeceutical formulation research</li>
    <li>Stable lyophilised format with extended shelf life</li>
</ul>

<p><strong>Purity:</strong> ≥98% (HPLC verified) | <strong>Format:</strong> Lyophilised powder | <strong>Storage:</strong> Store at −20°C, protect from light and moisture. Stable for 24 months when properly stored.</p>

<p>Purchase SNAP-8 50mg from Alluvia, Australia's leading supplier of research-grade peptides — trusted by Australian researchers nationwide.</p>",taxable,,1,100,0,0,119.74,,Skincare Peptides,"SNAP-8 50mg, Skincare Peptides",5,Purity,>98%,1,1
simple,AV-SKN-005,Leuphasyl 50mg,1,0,visible,"Leuphasyl 50mg stands out among skincare peptides products for its proven role in youthful skin tone and elasticity. Australian researchers can buy Leuphasyl 50mg online with confidence, backed by ≥98% purity certification.","<h3>Premium Leuphasyl 50mg | Skincare Peptides Australia</h3>
<p><strong>Leuphasyl 50mg</strong> promotes glycosaminoglycan synthesis, improving dermal hydration and structural integrity. This compound is widely utilised in cosmetic dermatology and anti-aging peptide research, with growing interest from preclinical and translational research communities worldwide.</p>

<p>In cosmetic research, this peptide is typically incorporated into formulations at 2–10% concentration by weight. Researchers are advised to follow institutional guidelines and conduct thorough literature review prior to experimental use.</p>

<ul>
    <li>Stimulates collagen I and III synthesis in fibroblasts</li>
    <li>Visibly reduces fine lines and expression wrinkles</li>
    <li>Improves skin firmness, elasticity and hydration</li>
    <li>Enhances dermal matrix integrity and barrier function</li>
    <li>High purity ≥98% ensures consistent cosmetic efficacy</li>
</ul>

<p><strong>Purity:</strong> ≥98% (HPLC verified) | <strong>Format:</strong> Lyophilised powder | <strong>Storage:</strong> Store at −20°C, protect from light and moisture. Stable for 24 months when properly stored.</p>

<p>Alluvia provides Australian researchers with premium-grade Leuphasyl 50mg — buy online Australia for fast domestic dispatch.</p>",taxable,,1,100,0,0,95.79,,Skincare Peptides,"Leuphasyl 50mg, Skincare Peptides",5,Purity,>98%,1,1
simple,AV-SKN-006,Syn-Coll (Palmitoyl Tripeptide-5) 50mg,1,0,visible,"Sourced to rigorous standards, Syn-Coll (Palmitoyl Tripeptide-5) 50mg is a trusted skincare peptides peptide for collagen stimulation and anti-aging. Available to buy online Australia, Syn-Coll (Palmitoyl Tripeptide-5) 50mg meets strict quality standards with ≥98% purity.","<h3>Syn-Coll (Palmitoyl Tripeptide-5) 50mg | Skincare Peptides | Research Grade Australia</h3>
<p><strong>Syn-Coll (Palmitoyl Tripeptide-5) 50mg</strong> stimulates fibroblast activity to increase collagen type I and III synthesis in the dermal matrix. This compound is widely utilised in skin biology and extracellular matrix studies, with growing interest from preclinical and translational research communities worldwide.</p>

<p>Research applications commonly employ solution concentrations of 1–5 mg/mL in aqueous buffer systems. Researchers are advised to follow institutional guidelines and conduct thorough literature review prior to experimental use.</p>

<ul>
    <li>Supports extracellular matrix remodelling</li>
    <li>Reduces periorbital puffiness and dark circles</li>
    <li>Promotes glycosaminoglycan and hyaluronic acid production</li>
    <li>Suitable for advanced cosmeceutical formulation research</li>
    <li>Stable lyophilised format with extended shelf life</li>
</ul>

<p><strong>Purity:</strong> ≥98% (HPLC verified) | <strong>Format:</strong> Lyophilised powder | <strong>Storage:</strong> Store at −20°C, protect from light and moisture. Stable for 24 months when properly stored.</p>

<p>Shop Syn-Coll (Palmitoyl Tripeptide-5) 50mg online at Alluvia — trusted by Australian researchers and biohackers seeking the highest purity peptides.</p>",taxable,,1,100,0,0,92.56,,Skincare Peptides,"Syn-Coll (Palmitoyl Tripeptide-5) 50mg, Skincare Peptides",5,Purity,>98%,1,1
simple,AV-SKN-007,Palmitoyl Pentapeptide-4 (Matrixyl) 50mg,1,0,visible,"For those seeking quality skincare peptides solutions, Palmitoyl Pentapeptide-4 (Matrixyl) 50mg delivers outstanding wrinkle reduction and skin firmness. Buy Palmitoyl Pentapeptide-4 (Matrixyl) 50mg online Australia from a trusted supplier committed to research excellence.","<h3>Buy Palmitoyl Pentapeptide-4 (Matrixyl) 50mg Online Australia | Skincare Peptides</h3>
<p><strong>Palmitoyl Pentapeptide-4 (Matrixyl) 50mg</strong> inhibits acetylcholine release at the neuromuscular junction to reduce expression line depth. This compound is widely utilised in cosmeceutical formulation and efficacy research, with growing interest from preclinical and translational research communities worldwide.</p>

<p>Formulators typically test this peptide at active concentrations between 0.001% and 0.01% in finished products. Researchers are advised to follow institutional guidelines and conduct thorough literature review prior to experimental use.</p>

<ul>
    <li>Stimulates collagen I and III synthesis in fibroblasts</li>
    <li>Visibly reduces fine lines and expression wrinkles</li>
    <li>Improves skin firmness, elasticity and hydration</li>
    <li>Enhances dermal matrix integrity and barrier function</li>
    <li>High purity ≥98% ensures consistent cosmetic efficacy</li>
</ul>

<p><strong>Purity:</strong> ≥98% (HPLC verified) | <strong>Format:</strong> Lyophilised powder | <strong>Storage:</strong> Store at −20°C, protect from light and moisture. Stable for 24 months when properly stored.</p>

<p>Buy Palmitoyl Pentapeptide-4 (Matrixyl) 50mg online in Australia from Alluvia — trusted by Australian researchers and biohackers for quality and purity.</p>",taxable,,1,100,0,0,56.2,,Skincare Peptides,"Palmitoyl Pentapeptide-4 (Matrixyl) 50mg, Skincare Peptides",5,Purity,>98%,1,1
simple,AV-SKN-008,Rigin (Palmitoyl Tetrapeptide-7) 50mg,1,0,visible,"Rigin (Palmitoyl Tetrapeptide-7) 50mg is a research-grade skincare peptides peptide renowned for skin barrier enhancement. Available online across Australia, this peptide is supplied at ≥98% purity for reliable results.","<h3>Rigin (Palmitoyl Tetrapeptide-7) 50mg – High Purity Skincare Peptides Peptide</h3>
<p><strong>Rigin (Palmitoyl Tetrapeptide-7) 50mg</strong> activates TGF-β signalling pathways to enhance extracellular matrix remodelling. This compound is widely utilised in dermal fibroblast and collagen biology research, with growing interest from preclinical and translational research communities worldwide.</p>

<p>Topical research protocols utilise concentrations of 5–50 mg per formulation batch for efficacy assessment. Researchers are advised to follow institutional guidelines and conduct thorough literature review prior to experimental use.</p>

<ul>
    <li>Supports extracellular matrix remodelling</li>
    <li>Reduces periorbital puffiness and dark circles</li>
    <li>Promotes glycosaminoglycan and hyaluronic acid production</li>
    <li>Suitable for advanced cosmeceutical formulation research</li>
    <li>Stable lyophilised format with extended shelf life</li>
</ul>

<p><strong>Purity:</strong> ≥98% (HPLC verified) | <strong>Format:</strong> Lyophilised powder | <strong>Storage:</strong> Store at −20°C, protect from light and moisture. Stable for 24 months when properly stored.</p>

<p>Order Rigin (Palmitoyl Tetrapeptide-7) 50mg online Australia with confidence from Alluvia, the trusted supplier for Australian researchers and peptide enthusiasts.</p>",taxable,,1,100,0,0,102.52,,Skincare Peptides,"Rigin (Palmitoyl Tetrapeptide-7) 50mg, Skincare Peptides",5,Purity,>98%,1,1
simple,AV-SKN-009,Decorinyl (Tripeptide-10 Citrulline) 50mg,1,0,visible,"High-purity Decorinyl (Tripeptide-10 Citrulline) 50mg is a benchmark skincare peptides compound in the field of dermal matrix remodelling. Trusted by Australian researchers and biohackers, Decorinyl (Tripeptide-10 Citrulline) 50mg is available online with fast local dispatch.","<h3>Decorinyl (Tripeptide-10 Citrulline) 50mg for Skincare Peptides Research | Australia</h3>
<p><strong>Decorinyl (Tripeptide-10 Citrulline) 50mg</strong> chelates copper ions to support enzymatic antioxidant defences and collagen cross-linking. This compound is widely utilised in cosmetic dermatology and anti-aging peptide research, with growing interest from preclinical and translational research communities worldwide.</p>

<p>In cosmetic research, this peptide is typically incorporated into formulations at 2–10% concentration by weight. Researchers are advised to follow institutional guidelines and conduct thorough literature review prior to experimental use.</p>

<ul>
    <li>Stimulates collagen I and III synthesis in fibroblasts</li>
    <li>Visibly reduces fine lines and expression wrinkles</li>
    <li>Improves skin firmness, elasticity and hydration</li>
    <li>Enhances dermal matrix integrity and barrier function</li>
    <li>High purity ≥98% ensures consistent cosmetic efficacy</li>
</ul>

<p><strong>Purity:</strong> ≥98% (HPLC verified) | <strong>Format:</strong> Lyophilised powder | <strong>Storage:</strong> Store at −20°C, protect from light and moisture. Stable for 24 months when properly stored.</p>

<p>Australian researchers and biohackers trust Alluvia for premium Decorinyl (Tripeptide-10 Citrulline) 50mg — order online today with fast, discreet delivery.</p>",taxable,,1,100,0,0,55.56,,Skincare Peptides,"Decorinyl (Tripeptide-10 Citrulline) 50mg, Skincare Peptides",5,Purity,>98%,1,1
simple,AV-SKN-010,Laminyl 50mg,1,0,visible,"Used by researchers worldwide, Laminyl 50mg is an advanced skincare peptides peptide for youthful skin tone and elasticity. Australian researchers can buy Laminyl 50mg online with confidence, backed by ≥98% purity certification.","<h3>Premium Laminyl 50mg | Skincare Peptides Australia</h3>
<p><strong>Laminyl 50mg</strong> promotes glycosaminoglycan synthesis, improving dermal hydration and structural integrity. This compound is widely utilised in skin biology and extracellular matrix studies, with growing interest from preclinical and translational research communities worldwide.</p>

<p>Research applications commonly employ solution concentrations of 1–5 mg/mL in aqueous buffer systems. Researchers are advised to follow institutional guidelines and conduct thorough literature review prior to experimental use.</p>

<ul>
    <li>Supports extracellular matrix remodelling</li>
    <li>Reduces periorbital puffiness and dark circles</li>
    <li>Promotes glycosaminoglycan and hyaluronic acid production</li>
    <li>Suitable for advanced cosmeceutical formulation research</li>
    <li>Stable lyophilised format with extended shelf life</li>
</ul>

<p><strong>Purity:</strong> ≥98% (HPLC verified) | <strong>Format:</strong> Lyophilised powder | <strong>Storage:</strong> Store at −20°C, protect from light and moisture. Stable for 24 months when properly stored.</p>

<p>Purchase Laminyl 50mg from Alluvia, Australia's leading supplier of research-grade peptides — trusted by Australian researchers nationwide.</p>",taxable,,1,100,0,0,73.49,,Skincare Peptides,"Laminyl 50mg, Skincare Peptides",5,Purity,>98%,1,1
simple,AV-SKN-011,Syn-Ake 10mg,1,0,visible,"Syn-Ake 10mg is a high-purity skincare peptides compound offering collagen stimulation and anti-aging. Available to buy online Australia, Syn-Ake 10mg meets strict quality standards with ≥98% purity.","<h3>Syn-Ake 10mg | Skincare Peptides | Research Grade Australia</h3>
<p><strong>Syn-Ake 10mg</strong> stimulates fibroblast activity to increase collagen type I and III synthesis in the dermal matrix. This compound is widely utilised in cosmeceutical formulation and efficacy research, with growing interest from preclinical and translational research communities worldwide.</p>

<p>Formulators typically test this peptide at active concentrations between 0.001% and 0.01% in finished products. Researchers are advised to follow institutional guidelines and conduct thorough literature review prior to experimental use.</p>

<ul>
    <li>Stimulates collagen I and III synthesis in fibroblasts</li>
    <li>Visibly reduces fine lines and expression wrinkles</li>
    <li>Improves skin firmness, elasticity and hydration</li>
    <li>Enhances dermal matrix integrity and barrier function</li>
    <li>High purity ≥98% ensures consistent cosmetic efficacy</li>
</ul>

<p><strong>Purity:</strong> ≥98% (HPLC verified) | <strong>Format:</strong> Lyophilised powder | <strong>Storage:</strong> Store at −20°C, protect from light and moisture. Stable for 24 months when properly stored.</p>

<p>Alluvia provides Australian researchers with premium-grade Syn-Ake 10mg — buy online Australia for fast domestic dispatch.</p>",taxable,,1,100,0,0,124.13,,Skincare Peptides,"Syn-Ake 10mg, Skincare Peptides",5,Purity,>98%,1,1
simple,AV-SKN-012,Chronoline 50mg,1,0,visible,"Discover Chronoline 50mg, a premium skincare peptides peptide designed for wrinkle reduction and skin firmness. Buy Chronoline 50mg online Australia from a trusted supplier committed to research excellence.","<h3>Buy Chronoline 50mg Online Australia | Skincare Peptides</h3>
<p><strong>Chronoline 50mg</strong> inhibits acetylcholine release at the neuromuscular junction to reduce expression line depth. This compound is widely utilised in dermal fibroblast and collagen biology research, with growing interest from preclinical and translational research communities worldwide.</p>

<p>Topical research protocols utilise concentrations of 5–50 mg per formulation batch for efficacy assessment. Researchers are advised to follow institutional guidelines and conduct thorough literature review prior to experimental use.</p>

<ul>
    <li>Supports extracellular matrix remodelling</li>
    <li>Reduces periorbital puffiness and dark circles</li>
    <li>Promotes glycosaminoglycan and hyaluronic acid production</li>
    <li>Suitable for advanced cosmeceutical formulation research</li>
    <li>Stable lyophilised format with extended shelf life</li>
</ul>

<p><strong>Purity:</strong> ≥98% (HPLC verified) | <strong>Format:</strong> Lyophilised powder | <strong>Storage:</strong> Store at −20°C, protect from light and moisture. Stable for 24 months when properly stored.</p>

<p>Shop Chronoline 50mg online at Alluvia — trusted by Australian researchers and biohackers seeking the highest purity peptides.</p>",taxable,,1,100,0,0,95.12,,Skincare Peptides,"Chronoline 50mg, Skincare Peptides",5,Purity,>98%,1,1
simple,AV-SKN-013,Progeline 50mg,1,0,visible,"Progeline 50mg provides researchers with a potent skincare peptides agent supporting skin barrier enhancement. Available online across Australia, this peptide is supplied at ≥98% purity for reliable results.","<h3>Progeline 50mg – High Purity Skincare Peptides Peptide</h3>
<p><strong>Progeline 50mg</strong> activates TGF-β signalling pathways to enhance extracellular matrix remodelling. This compound is widely utilised in cosmetic dermatology and anti-aging peptide research, with growing interest from preclinical and translational research communities worldwide.</p>

<p>In cosmetic research, this peptide is typically incorporated into formulations at 2–10% concentration by weight. Researchers are advised to follow institutional guidelines and conduct thorough literature review prior to experimental use.</p>

<ul>
    <li>Stimulates collagen I and III synthesis in fibroblasts</li>
    <li>Visibly reduces fine lines and expression wrinkles</li>
    <li>Improves skin firmness, elasticity and hydration</li>
    <li>Enhances dermal matrix integrity and barrier function</li>
    <li>High purity ≥98% ensures consistent cosmetic efficacy</li>
</ul>

<p><strong>Purity:</strong> ≥98% (HPLC verified) | <strong>Format:</strong> Lyophilised powder | <strong>Storage:</strong> Store at −20°C, protect from light and moisture. Stable for 24 months when properly stored.</p>

<p>Buy Progeline 50mg online in Australia from Alluvia — trusted by Australian researchers and biohackers for quality and purity.</p>",taxable,,1,100,0,0,88.23,,Skincare Peptides,"Progeline 50mg, Skincare Peptides",5,Purity,>98%,1,1
simple,AV-SKN-014,Dermican (Acetyl Tetrapeptide-9) 50mg,1,0,visible,"A leading skincare peptides compound, Dermican (Acetyl Tetrapeptide-9) 50mg is valued for its role in dermal matrix remodelling. Trusted by Australian researchers and biohackers, Dermican (Acetyl Tetrapeptide-9) 50mg is available online with fast local dispatch.","<h3>Dermican (Acetyl Tetrapeptide-9) 50mg for Skincare Peptides Research | Australia</h3>
<p><strong>Dermican (Acetyl Tetrapeptide-9) 50mg</strong> chelates copper ions to support enzymatic antioxidant defences and collagen cross-linking. This compound is widely utilised in skin biology and extracellular matrix studies, with growing interest from preclinical and translational research communities worldwide.</p>

<p>Research applications commonly employ solution concentrations of 1–5 mg/mL in aqueous buffer systems. Researchers are advised to follow institutional guidelines and conduct thorough literature review prior to experimental use.</p>

<ul>
    <li>Supports extracellular matrix remodelling</li>
    <li>Reduces periorbital puffiness and dark circles</li>
    <li>Promotes glycosaminoglycan and hyaluronic acid production</li>
    <li>Suitable for advanced cosmeceutical formulation research</li>
    <li>Stable lyophilised format with extended shelf life</li>
</ul>

<p><strong>Purity:</strong> ≥98% (HPLC verified) | <strong>Format:</strong> Lyophilised powder | <strong>Storage:</strong> Store at −20°C, protect from light and moisture. Stable for 24 months when properly stored.</p>

<p>Order Dermican (Acetyl Tetrapeptide-9) 50mg online Australia with confidence from Alluvia, the trusted supplier for Australian researchers and peptide enthusiasts.</p>",taxable,,1,100,0,0,98.82,,Skincare Peptides,"Dermican (Acetyl Tetrapeptide-9) 50mg, Skincare Peptides",5,Purity,>98%,1,1
simple,AV-SKN-015,Pepha-Tight 50mg,1,0,visible,"Pepha-Tight 50mg stands out among skincare peptides products for its proven role in youthful skin tone and elasticity. Australian researchers can buy Pepha-Tight 50mg online with confidence, backed by ≥98% purity certification.","<h3>Premium Pepha-Tight 50mg | Skincare Peptides Australia</h3>
<p><strong>Pepha-Tight 50mg</strong> promotes glycosaminoglycan synthesis, improving dermal hydration and structural integrity. This compound is widely utilised in cosmeceutical formulation and efficacy research, with growing interest from preclinical and translational research communities worldwide.</p>

<p>Formulators typically test this peptide at active concentrations between 0.001% and 0.01% in finished products. Researchers are advised to follow institutional guidelines and conduct thorough literature review prior to experimental use.</p>

<ul>
    <li>Stimulates collagen I and III synthesis in fibroblasts</li>
    <li>Visibly reduces fine lines and expression wrinkles</li>
    <li>Improves skin firmness, elasticity and hydration</li>
    <li>Enhances dermal matrix integrity and barrier function</li>
    <li>High purity ≥98% ensures consistent cosmetic efficacy</li>
</ul>

<p><strong>Purity:</strong> ≥98% (HPLC verified) | <strong>Format:</strong> Lyophilised powder | <strong>Storage:</strong> Store at −20°C, protect from light and moisture. Stable for 24 months when properly stored.</p>

<p>Australian researchers and biohackers trust Alluvia for premium Pepha-Tight 50mg — order online today with fast, discreet delivery.</p>",taxable,,1,100,0,0,111.96,,Skincare Peptides,"Pepha-Tight 50mg, Skincare Peptides",5,Purity,>98%,1,1
simple,AV-SKN-016,Eyeseryl (Acetyl Tetrapeptide-5) 50mg,1,0,visible,"Sourced to rigorous standards, Eyeseryl (Acetyl Tetrapeptide-5) 50mg is a trusted skincare peptides peptide for collagen stimulation and anti-aging. Available to buy online Australia, Eyeseryl (Acetyl Tetrapeptide-5) 50mg meets strict quality standards with ≥98% purity.","<h3>Eyeseryl (Acetyl Tetrapeptide-5) 50mg | Skincare Peptides | Research Grade Australia</h3>
<p><strong>Eyeseryl (Acetyl Tetrapeptide-5) 50mg</strong> stimulates fibroblast activity to increase collagen type I and III synthesis in the dermal matrix. This compound is widely utilised in dermal fibroblast and collagen biology research, with growing interest from preclinical and translational research communities worldwide.</p>

<p>Topical research protocols utilise concentrations of 5–50 mg per formulation batch for efficacy assessment. Researchers are advised to follow institutional guidelines and conduct thorough literature review prior to experimental use.</p>

<ul>
    <li>Supports extracellular matrix remodelling</li>
    <li>Reduces periorbital puffiness and dark circles</li>
    <li>Promotes glycosaminoglycan and hyaluronic acid production</li>
    <li>Suitable for advanced cosmeceutical formulation research</li>
    <li>Stable lyophilised format with extended shelf life</li>
</ul>

<p><strong>Purity:</strong> ≥98% (HPLC verified) | <strong>Format:</strong> Lyophilised powder | <strong>Storage:</strong> Store at −20°C, protect from light and moisture. Stable for 24 months when properly stored.</p>

<p>Purchase Eyeseryl (Acetyl Tetrapeptide-5) 50mg from Alluvia, Australia's leading supplier of research-grade peptides — trusted by Australian researchers nationwide.</p>",taxable,,1,100,0,0,106.41,,Skincare Peptides,"Eyeseryl (Acetyl Tetrapeptide-5) 50mg, Skincare Peptides",5,Purity,>98%,1,1
simple,AV-SKN-017,BONT-L Peptide 10mg,1,0,visible,"For those seeking quality skincare peptides solutions, BONT-L Peptide 10mg delivers outstanding wrinkle reduction and skin firmness. Buy BONT-L Peptide 10mg online Australia from a trusted supplier committed to research excellence.","<h3>Buy BONT-L Peptide 10mg Online Australia | Skincare Peptides</h3>
<p><strong>BONT-L Peptide 10mg</strong> inhibits acetylcholine release at the neuromuscular junction to reduce expression line depth. This compound is widely utilised in cosmetic dermatology and anti-aging peptide research, with growing interest from preclinical and translational research communities worldwide.</p>

<p>In cosmetic research, this peptide is typically incorporated into formulations at 2–10% concentration by weight. Researchers are advised to follow institutional guidelines and conduct thorough literature review prior to experimental use.</p>

<ul>
    <li>Stimulates collagen I and III synthesis in fibroblasts</li>
    <li>Visibly reduces fine lines and expression wrinkles</li>
    <li>Improves skin firmness, elasticity and hydration</li>
    <li>Enhances dermal matrix integrity and barrier function</li>
    <li>High purity ≥98% ensures consistent cosmetic efficacy</li>
</ul>

<p><strong>Purity:</strong> ≥98% (HPLC verified) | <strong>Format:</strong> Lyophilised powder | <strong>Storage:</strong> Store at −20°C, protect from light and moisture. Stable for 24 months when properly stored.</p>

<p>Alluvia provides Australian researchers with premium-grade BONT-L Peptide 10mg — buy online Australia for fast domestic dispatch.</p>",taxable,,1,100,0,0,61.01,,Skincare Peptides,"BONT-L Peptide 10mg, Skincare Peptides",5,Purity,>98%,1,1
simple,AV-SKN-018,Inyline (Acetyl Hexapeptide-30) 10mg,1,0,visible,"Inyline (Acetyl Hexapeptide-30) 10mg is a research-grade skincare peptides peptide renowned for skin barrier enhancement. Available online across Australia, this peptide is supplied at ≥98% purity for reliable results.","<h3>Inyline (Acetyl Hexapeptide-30) 10mg – High Purity Skincare Peptides Peptide</h3>
<p><strong>Inyline (Acetyl Hexapeptide-30) 10mg</strong> activates TGF-β signalling pathways to enhance extracellular matrix remodelling. This compound is widely utilised in skin biology and extracellular matrix studies, with growing interest from preclinical and translational research communities worldwide.</p>

<p>Research applications commonly employ solution concentrations of 1–5 mg/mL in aqueous buffer systems. Researchers are advised to follow institutional guidelines and conduct thorough literature review prior to experimental use.</p>

<ul>
    <li>Supports extracellular matrix remodelling</li>
    <li>Reduces periorbital puffiness and dark circles</li>
    <li>Promotes glycosaminoglycan and hyaluronic acid production</li>
    <li>Suitable for advanced cosmeceutical formulation research</li>
    <li>Stable lyophilised format with extended shelf life</li>
</ul>

<p><strong>Purity:</strong> ≥98% (HPLC verified) | <strong>Format:</strong> Lyophilised powder | <strong>Storage:</strong> Store at −20°C, protect from light and moisture. Stable for 24 months when properly stored.</p>

<p>Shop Inyline (Acetyl Hexapeptide-30) 10mg online at Alluvia — trusted by Australian researchers and biohackers seeking the highest purity peptides.</p>",taxable,,1,100,0,0,44.66,,Skincare Peptides,"Inyline (Acetyl Hexapeptide-30) 10mg, Skincare Peptides",5,Purity,>98%,1,1
simple,AV-SKN-019,Uplevity (Acetyl Hexapeptide-49) 10mg,1,0,visible,"High-purity Uplevity (Acetyl Hexapeptide-49) 10mg is a benchmark skincare peptides compound in the field of dermal matrix remodelling. Trusted by Australian researchers and biohackers, Uplevity (Acetyl Hexapeptide-49) 10mg is available online with fast local dispatch.","<h3>Uplevity (Acetyl Hexapeptide-49) 10mg for Skincare Peptides Research | Australia</h3>
<p><strong>Uplevity (Acetyl Hexapeptide-49) 10mg</strong> chelates copper ions to support enzymatic antioxidant defences and collagen cross-linking. This compound is widely utilised in cosmeceutical formulation and efficacy research, with growing interest from preclinical and translational research communities worldwide.</p>

<p>Formulators typically test this peptide at active concentrations between 0.001% and 0.01% in finished products. Researchers are advised to follow institutional guidelines and conduct thorough literature review prior to experimental use.</p>

<ul>
    <li>Stimulates collagen I and III synthesis in fibroblasts</li>
    <li>Visibly reduces fine lines and expression wrinkles</li>
    <li>Improves skin firmness, elasticity and hydration</li>
    <li>Enhances dermal matrix integrity and barrier function</li>
    <li>High purity ≥98% ensures consistent cosmetic efficacy</li>
</ul>

<p><strong>Purity:</strong> ≥98% (HPLC verified) | <strong>Format:</strong> Lyophilised powder | <strong>Storage:</strong> Store at −20°C, protect from light and moisture. Stable for 24 months when properly stored.</p>

<p>Buy Uplevity (Acetyl Hexapeptide-49) 10mg online in Australia from Alluvia — trusted by Australian researchers and biohackers for quality and purity.</p>",taxable,,1,100,0,0,68.18,,Skincare Peptides,"Uplevity (Acetyl Hexapeptide-49) 10mg, Skincare Peptides",5,Purity,>98%,1,1
simple,AV-SKN-020,Trifluoroacetyl-Tripeptide-2 10mg,1,0,visible,"Used by researchers worldwide, Trifluoroacetyl-Tripeptide-2 10mg is an advanced skincare peptides peptide for youthful skin tone and elasticity. Australian researchers can buy Trifluoroacetyl-Tripeptide-2 10mg online with confidence, backed by ≥98% purity certification.","<h3>Premium Trifluoroacetyl-Tripeptide-2 10mg | Skincare Peptides Australia</h3>
<p><strong>Trifluoroacetyl-Tripeptide-2 10mg</strong> promotes glycosaminoglycan synthesis, improving dermal hydration and structural integrity. This compound is widely utilised in dermal fibroblast and collagen biology research, with growing interest from preclinical and translational research communities worldwide.</p>

<p>Topical research protocols utilise concentrations of 5–50 mg per formulation batch for efficacy assessment. Researchers are advised to follow institutional guidelines and conduct thorough literature review prior to experimental use.</p>

<ul>
    <li>Supports extracellular matrix remodelling</li>
    <li>Reduces periorbital puffiness and dark circles</li>
    <li>Promotes glycosaminoglycan and hyaluronic acid production</li>
    <li>Suitable for advanced cosmeceutical formulation research</li>
    <li>Stable lyophilised format with extended shelf life</li>
</ul>

<p><strong>Purity:</strong> ≥98% (HPLC verified) | <strong>Format:</strong> Lyophilised powder | <strong>Storage:</strong> Store at −20°C, protect from light and moisture. Stable for 24 months when properly stored.</p>

<p>Order Trifluoroacetyl-Tripeptide-2 10mg online Australia with confidence from Alluvia, the trusted supplier for Australian researchers and peptide enthusiasts.</p>",taxable,,1,100,0,0,64.22,,Skincare Peptides,"Trifluoroacetyl-Tripeptide-2 10mg, Skincare Peptides",5,Purity,>98%,1,1
simple,AV-SKN-021,Deepaline PVB 50mg,1,0,visible,"Deepaline PVB 50mg is a high-purity skincare peptides compound offering collagen stimulation and anti-aging. Available to buy online Australia, Deepaline PVB 50mg meets strict quality standards with ≥98% purity.","<h3>Deepaline PVB 50mg | Skincare Peptides | Research Grade Australia</h3>
<p><strong>Deepaline PVB 50mg</strong> stimulates fibroblast activity to increase collagen type I and III synthesis in the dermal matrix. This compound is widely utilised in cosmetic dermatology and anti-aging peptide research, with growing interest from preclinical and translational research communities worldwide.</p>

<p>In cosmetic research, this peptide is typically incorporated into formulations at 2–10% concentration by weight. Researchers are advised to follow institutional guidelines and conduct thorough literature review prior to experimental use.</p>

<ul>
    <li>Stimulates collagen I and III synthesis in fibroblasts</li>
    <li>Visibly reduces fine lines and expression wrinkles</li>
    <li>Improves skin firmness, elasticity and hydration</li>
    <li>Enhances dermal matrix integrity and barrier function</li>
    <li>High purity ≥98% ensures consistent cosmetic efficacy</li>
</ul>

<p><strong>Purity:</strong> ≥98% (HPLC verified) | <strong>Format:</strong> Lyophilised powder | <strong>Storage:</strong> Store at −20°C, protect from light and moisture. Stable for 24 months when properly stored.</p>

<p>Australian researchers and biohackers trust Alluvia for premium Deepaline PVB 50mg — order online today with fast, discreet delivery.</p>",taxable,,1,100,0,0,59.51,,Skincare Peptides,"Deepaline PVB 50mg, Skincare Peptides",5,Purity,>98%,1,1
simple,AV-SKN-022,Pal-GHK 50mg,1,0,visible,"Discover Pal-GHK 50mg, a premium skincare peptides peptide designed for wrinkle reduction and skin firmness. Buy Pal-GHK 50mg online Australia from a trusted supplier committed to research excellence.","<h3>Buy Pal-GHK 50mg Online Australia | Skincare Peptides</h3>
<p><strong>Pal-GHK 50mg</strong> inhibits acetylcholine release at the neuromuscular junction to reduce expression line depth. This compound is widely utilised in skin biology and extracellular matrix studies, with growing interest from preclinical and translational research communities worldwide.</p>

<p>Research applications commonly employ solution concentrations of 1–5 mg/mL in aqueous buffer systems. Researchers are advised to follow institutional guidelines and conduct thorough literature review prior to experimental use.</p>

<ul>
    <li>Supports extracellular matrix remodelling</li>
    <li>Reduces periorbital puffiness and dark circles</li>
    <li>Promotes glycosaminoglycan and hyaluronic acid production</li>
    <li>Suitable for advanced cosmeceutical formulation research</li>
    <li>Stable lyophilised format with extended shelf life</li>
</ul>

<p><strong>Purity:</strong> ≥98% (HPLC verified) | <strong>Format:</strong> Lyophilised powder | <strong>Storage:</strong> Store at −20°C, protect from light and moisture. Stable for 24 months when properly stored.</p>

<p>Purchase Pal-GHK 50mg from Alluvia, Australia's leading supplier of research-grade peptides — trusted by Australian researchers nationwide.</p>",taxable,,1,100,0,0,120.26,,Skincare Peptides,"Pal-GHK 50mg, Skincare Peptides",5,Purity,>98%,1,1
simple,AV-SKN-023,Pal-GQPR 50mg,1,0,visible,"Pal-GQPR 50mg provides researchers with a potent skincare peptides agent supporting skin barrier enhancement. Available online across Australia, this peptide is supplied at ≥98% purity for reliable results.","<h3>Pal-GQPR 50mg – High Purity Skincare Peptides Peptide</h3>
<p><strong>Pal-GQPR 50mg</strong> activates TGF-β signalling pathways to enhance extracellular matrix remodelling. This compound is widely utilised in cosmeceutical formulation and efficacy research, with growing interest from preclinical and translational research communities worldwide.</p>

<p>Formulators typically test this peptide at active concentrations between 0.001% and 0.01% in finished products. Researchers are advised to follow institutional guidelines and conduct thorough literature review prior to experimental use.</p>

<ul>
    <li>Stimulates collagen I and III synthesis in fibroblasts</li>
    <li>Visibly reduces fine lines and expression wrinkles</li>
    <li>Improves skin firmness, elasticity and hydration</li>
    <li>Enhances dermal matrix integrity and barrier function</li>
    <li>High purity ≥98% ensures consistent cosmetic efficacy</li>
</ul>

<p><strong>Purity:</strong> ≥98% (HPLC verified) | <strong>Format:</strong> Lyophilised powder | <strong>Storage:</strong> Store at −20°C, protect from light and moisture. Stable for 24 months when properly stored.</p>

<p>Alluvia provides Australian researchers with premium-grade Pal-GQPR 50mg — buy online Australia for fast domestic dispatch.</p>",taxable,,1,100,0,0,114.74,,Skincare Peptides,"Pal-GQPR 50mg, Skincare Peptides",5,Purity,>98%,1,1
simple,AV-SKN-024,Pal-KTTKS 50mg,1,0,visible,"A leading skincare peptides compound, Pal-KTTKS 50mg is valued for its role in dermal matrix remodelling. Trusted by Australian researchers and biohackers, Pal-KTTKS 50mg is available online with fast local dispatch.","<h3>Pal-KTTKS 50mg for Skincare Peptides Research | Australia</h3>
<p><strong>Pal-KTTKS 50mg</strong> chelates copper ions to support enzymatic antioxidant defences and collagen cross-linking. This compound is widely utilised in dermal fibroblast and collagen biology research, with growing interest from preclinical and translational research communities worldwide.</p>

<p>Topical research protocols utilise concentrations of 5–50 mg per formulation batch for efficacy assessment. Researchers are advised to follow institutional guidelines and conduct thorough literature review prior to experimental use.</p>

<ul>
    <li>Supports extracellular matrix remodelling</li>
    <li>Reduces periorbital puffiness and dark circles</li>
    <li>Promotes glycosaminoglycan and hyaluronic acid production</li>
    <li>Suitable for advanced cosmeceutical formulation research</li>
    <li>Stable lyophilised format with extended shelf life</li>
</ul>

<p><strong>Purity:</strong> ≥98% (HPLC verified) | <strong>Format:</strong> Lyophilised powder | <strong>Storage:</strong> Store at −20°C, protect from light and moisture. Stable for 24 months when properly stored.</p>

<p>Shop Pal-KTTKS 50mg online at Alluvia — trusted by Australian researchers and biohackers seeking the highest purity peptides.</p>",taxable,,1,100,0,0,68.12,,Skincare Peptides,"Pal-KTTKS 50mg, Skincare Peptides",5,Purity,>98%,1,1
simple,AV-SKN-025,Pal-GHK-Cu 50mg,1,0,visible,"Pal-GHK-Cu 50mg stands out among skincare peptides products for its proven role in youthful skin tone and elasticity. Australian researchers can buy Pal-GHK-Cu 50mg online with confidence, backed by ≥98% purity certification.","<h3>Premium Pal-GHK-Cu 50mg | Skincare Peptides Australia</h3>
<p><strong>Pal-GHK-Cu 50mg</strong> promotes glycosaminoglycan synthesis, improving dermal hydration and structural integrity. This compound is widely utilised in cosmetic dermatology and anti-aging peptide research, with growing interest from preclinical and translational research communities worldwide.</p>

<p>In cosmetic research, this peptide is typically incorporated into formulations at 2–10% concentration by weight. Researchers are advised to follow institutional guidelines and conduct thorough literature review prior to experimental use.</p>

<ul>
    <li>Stimulates collagen I and III synthesis in fibroblasts</li>
    <li>Visibly reduces fine lines and expression wrinkles</li>
    <li>Improves skin firmness, elasticity and hydration</li>
    <li>Enhances dermal matrix integrity and barrier function</li>
    <li>High purity ≥98% ensures consistent cosmetic efficacy</li>
</ul>

<p><strong>Purity:</strong> ≥98% (HPLC verified) | <strong>Format:</strong> Lyophilised powder | <strong>Storage:</strong> Store at −20°C, protect from light and moisture. Stable for 24 months when properly stored.</p>

<p>Buy Pal-GHK-Cu 50mg online in Australia from Alluvia — trusted by Australian researchers and biohackers for quality and purity.</p>",taxable,,1,100,0,0,96.4,,Skincare Peptides,"Pal-GHK-Cu 50mg, Skincare Peptides",5,Purity,>98%,1,1
simple,AV-SKN-026,SYN-HYCAN 50mg,1,0,visible,"Sourced to rigorous standards, SYN-HYCAN 50mg is a trusted skincare peptides peptide for collagen stimulation and anti-aging. Available to buy online Australia, SYN-HYCAN 50mg meets strict quality standards with ≥98% purity.","<h3>SYN-HYCAN 50mg | Skincare Peptides | Research Grade Australia</h3>
<p><strong>SYN-HYCAN 50mg</strong> stimulates fibroblast activity to increase collagen type I and III synthesis in the dermal matrix. This compound is widely utilised in skin biology and extracellular matrix studies, with growing interest from preclinical and translational research communities worldwide.</p>

<p>Research applications commonly employ solution concentrations of 1–5 mg/mL in aqueous buffer systems. Researchers are advised to follow institutional guidelines and conduct thorough literature review prior to experimental use.</p>

<ul>
    <li>Supports extracellular matrix remodelling</li>
    <li>Reduces periorbital puffiness and dark circles</li>
    <li>Promotes glycosaminoglycan and hyaluronic acid production</li>
    <li>Suitable for advanced cosmeceutical formulation research</li>
    <li>Stable lyophilised format with extended shelf life</li>
</ul>

<p><strong>Purity:</strong> ≥98% (HPLC verified) | <strong>Format:</strong> Lyophilised powder | <strong>Storage:</strong> Store at −20°C, protect from light and moisture. Stable for 24 months when properly stored.</p>

<p>Order SYN-HYCAN 50mg online Australia with confidence from Alluvia, the trusted supplier for Australian researchers and peptide enthusiasts.</p>",taxable,,1,100,0,0,74.84,,Skincare Peptides,"SYN-HYCAN 50mg, Skincare Peptides",5,Purity,>98%,1,1
simple,AV-SKN-027,Matrigenics 14G 10mg,1,0,visible,"For those seeking quality skincare peptides solutions, Matrigenics 14G 10mg delivers outstanding wrinkle reduction and skin firmness. Buy Matrigenics 14G 10mg online Australia from a trusted supplier committed to research excellence.","<h3>Buy Matrigenics 14G 10mg Online Australia | Skincare Peptides</h3>
<p><strong>Matrigenics 14G 10mg</strong> inhibits acetylcholine release at the neuromuscular junction to reduce expression line depth. This compound is widely utilised in cosmeceutical formulation and efficacy research, with growing interest from preclinical and translational research communities worldwide.</p>

<p>Formulators typically test this peptide at active concentrations between 0.001% and 0.01% in finished products. Researchers are advised to follow institutional guidelines and conduct thorough literature review prior to experimental use.</p>

<ul>
    <li>Stimulates collagen I and III synthesis in fibroblasts</li>
    <li>Visibly reduces fine lines and expression wrinkles</li>
    <li>Improves skin firmness, elasticity and hydration</li>
    <li>Enhances dermal matrix integrity and barrier function</li>
    <li>High purity ≥98% ensures consistent cosmetic efficacy</li>
</ul>

<p><strong>Purity:</strong> ≥98% (HPLC verified) | <strong>Format:</strong> Lyophilised powder | <strong>Storage:</strong> Store at −20°C, protect from light and moisture. Stable for 24 months when properly stored.</p>

<p>Australian researchers and biohackers trust Alluvia for premium Matrigenics 14G 10mg — order online today with fast, discreet delivery.</p>",taxable,,1,100,0,0,117.91,,Skincare Peptides,"Matrigenics 14G 10mg, Skincare Peptides",5,Purity,>98%,1,1
simple,AV-SKN-028,Rejuline (Tripeptide-29) 50mg,1,0,visible,"Rejuline (Tripeptide-29) 50mg is a research-grade skincare peptides peptide renowned for skin barrier enhancement. Available online across Australia, this peptide is supplied at ≥98% purity for reliable results.","<h3>Rejuline (Tripeptide-29) 50mg – High Purity Skincare Peptides Peptide</h3>
<p><strong>Rejuline (Tripeptide-29) 50mg</strong> activates TGF-β signalling pathways to enhance extracellular matrix remodelling. This compound is widely utilised in dermal fibroblast and collagen biology research, with growing interest from preclinical and translational research communities worldwide.</p>

<p>Topical research protocols utilise concentrations of 5–50 mg per formulation batch for efficacy assessment. Researchers are advised to follow institutional guidelines and conduct thorough literature review prior to experimental use.</p>

<ul>
    <li>Supports extracellular matrix remodelling</li>
    <li>Reduces periorbital puffiness and dark circles</li>
    <li>Promotes glycosaminoglycan and hyaluronic acid production</li>
    <li>Suitable for advanced cosmeceutical formulation research</li>
    <li>Stable lyophilised format with extended shelf life</li>
</ul>

<p><strong>Purity:</strong> ≥98% (HPLC verified) | <strong>Format:</strong> Lyophilised powder | <strong>Storage:</strong> Store at −20°C, protect from light and moisture. Stable for 24 months when properly stored.</p>

<p>Purchase Rejuline (Tripeptide-29) 50mg from Alluvia, Australia's leading supplier of research-grade peptides — trusted by Australian researchers nationwide.</p>",taxable,,1,100,0,0,80.08,,Skincare Peptides,"Rejuline (Tripeptide-29) 50mg, Skincare Peptides",5,Purity,>98%,1,1
simple,AV-SKN-029,Aldenine 50mg,1,0,visible,"High-purity Aldenine 50mg is a benchmark skincare peptides compound in the field of dermal matrix remodelling. Trusted by Australian researchers and biohackers, Aldenine 50mg is available online with fast local dispatch.","<h3>Aldenine 50mg for Skincare Peptides Research | Australia</h3>
<p><strong>Aldenine 50mg</strong> chelates copper ions to support enzymatic antioxidant defences and collagen cross-linking. This compound is widely utilised in cosmetic dermatology and anti-aging peptide research, with growing interest from preclinical and translational research communities worldwide.</p>

<p>In cosmetic research, this peptide is typically incorporated into formulations at 2–10% concentration by weight. Researchers are advised to follow institutional guidelines and conduct thorough literature review prior to experimental use.</p>

<ul>
    <li>Stimulates collagen I and III synthesis in fibroblasts</li>
    <li>Visibly reduces fine lines and expression wrinkles</li>
    <li>Improves skin firmness, elasticity and hydration</li>
    <li>Enhances dermal matrix integrity and barrier function</li>
    <li>High purity ≥98% ensures consistent cosmetic efficacy</li>
</ul>

<p><strong>Purity:</strong> ≥98% (HPLC verified) | <strong>Format:</strong> Lyophilised powder | <strong>Storage:</strong> Store at −20°C, protect from light and moisture. Stable for 24 months when properly stored.</p>

<p>Alluvia provides Australian researchers with premium-grade Aldenine 50mg — buy online Australia for fast domestic dispatch.</p>",taxable,,1,100,0,0,63.99,,Skincare Peptides,"Aldenine 50mg, Skincare Peptides",5,Purity,>98%,1,1
simple,AV-SKN-030,Kollaren (Tripeptide-1 Cu) 50mg,1,0,visible,"Used by researchers worldwide, Kollaren (Tripeptide-1 Cu) 50mg is an advanced skincare peptides peptide for youthful skin tone and elasticity. Australian researchers can buy Kollaren (Tripeptide-1 Cu) 50mg online with confidence, backed by ≥98% purity certification.","<h3>Premium Kollaren (Tripeptide-1 Cu) 50mg | Skincare Peptides Australia</h3>
<p><strong>Kollaren (Tripeptide-1 Cu) 50mg</strong> promotes glycosaminoglycan synthesis, improving dermal hydration and structural integrity. This compound is widely utilised in skin biology and extracellular matrix studies, with growing interest from preclinical and translational research communities worldwide.</p>

<p>Research applications commonly employ solution concentrations of 1–5 mg/mL in aqueous buffer systems. Researchers are advised to follow institutional guidelines and conduct thorough literature review prior to experimental use.</p>

<ul>
    <li>Supports extracellular matrix remodelling</li>
    <li>Reduces periorbital puffiness and dark circles</li>
    <li>Promotes glycosaminoglycan and hyaluronic acid production</li>
    <li>Suitable for advanced cosmeceutical formulation research</li>
    <li>Stable lyophilised format with extended shelf life</li>
</ul>

<p><strong>Purity:</strong> ≥98% (HPLC verified) | <strong>Format:</strong> Lyophilised powder | <strong>Storage:</strong> Store at −20°C, protect from light and moisture. Stable for 24 months when properly stored.</p>

<p>Shop Kollaren (Tripeptide-1 Cu) 50mg online at Alluvia — trusted by Australian researchers and biohackers seeking the highest purity peptides.</p>",taxable,,1,100,0,0,62.47,,Skincare Peptides,"Kollaren (Tripeptide-1 Cu) 50mg, Skincare Peptides",5,Purity,>98%,1,1
simple,AV-SKN-031,Restylane-like Peptide 10mg,1,0,visible,"Restylane-like Peptide 10mg is a high-purity skincare peptides compound offering collagen stimulation and anti-aging. Available to buy online Australia, Restylane-like Peptide 10mg meets strict quality standards with ≥98% purity.","<h3>Restylane-like Peptide 10mg | Skincare Peptides | Research Grade Australia</h3>
<p><strong>Restylane-like Peptide 10mg</strong> stimulates fibroblast activity to increase collagen type I and III synthesis in the dermal matrix. This compound is widely utilised in cosmeceutical formulation and efficacy research, with growing interest from preclinical and translational research communities worldwide.</p>

<p>Formulators typically test this peptide at active concentrations between 0.001% and 0.01% in finished products. Researchers are advised to follow institutional guidelines and conduct thorough literature review prior to experimental use.</p>

<ul>
    <li>Stimulates collagen I and III synthesis in fibroblasts</li>
    <li>Visibly reduces fine lines and expression wrinkles</li>
    <li>Improves skin firmness, elasticity and hydration</li>
    <li>Enhances dermal matrix integrity and barrier function</li>
    <li>High purity ≥98% ensures consistent cosmetic efficacy</li>
</ul>

<p><strong>Purity:</strong> ≥98% (HPLC verified) | <strong>Format:</strong> Lyophilised powder | <strong>Storage:</strong> Store at −20°C, protect from light and moisture. Stable for 24 months when properly stored.</p>

<p>Buy Restylane-like Peptide 10mg online in Australia from Alluvia — trusted by Australian researchers and biohackers for quality and purity.</p>",taxable,,1,100,0,0,88.59,,Skincare Peptides,"Restylane-like Peptide 10mg, Skincare Peptides",5,Purity,>98%,1,1
simple,AV-SKN-032,IP2000 (Vanistryl) 10mg,1,0,visible,"Discover IP2000 (Vanistryl) 10mg, a premium skincare peptides peptide designed for wrinkle reduction and skin firmness. Buy IP2000 (Vanistryl) 10mg online Australia from a trusted supplier committed to research excellence.","<h3>Buy IP2000 (Vanistryl) 10mg Online Australia | Skincare Peptides</h3>
<p><strong>IP2000 (Vanistryl) 10mg</strong> inhibits acetylcholine release at the neuromuscular junction to reduce expression line depth. This compound is widely utilised in dermal fibroblast and collagen biology research, with growing interest from preclinical and translational research communities worldwide.</p>

<p>Topical research protocols utilise concentrations of 5–50 mg per formulation batch for efficacy assessment. Researchers are advised to follow institutional guidelines and conduct thorough literature review prior to experimental use.</p>

<ul>
    <li>Supports extracellular matrix remodelling</li>
    <li>Reduces periorbital puffiness and dark circles</li>
    <li>Promotes glycosaminoglycan and hyaluronic acid production</li>
    <li>Suitable for advanced cosmeceutical formulation research</li>
    <li>Stable lyophilised format with extended shelf life</li>
</ul>

<p><strong>Purity:</strong> ≥98% (HPLC verified) | <strong>Format:</strong> Lyophilised powder | <strong>Storage:</strong> Store at −20°C, protect from light and moisture. Stable for 24 months when properly stored.</p>

<p>Order IP2000 (Vanistryl) 10mg online Australia with confidence from Alluvia, the trusted supplier for Australian researchers and peptide enthusiasts.</p>",taxable,,1,100,0,0,63.81,,Skincare Peptides,"IP2000 (Vanistryl) 10mg, Skincare Peptides",5,Purity,>98%,1,1
simple,AV-SKN-033,Haloxyl 50mg,1,0,visible,"Haloxyl 50mg provides researchers with a potent skincare peptides agent supporting skin barrier enhancement. Available online across Australia, this peptide is supplied at ≥98% purity for reliable results.","<h3>Haloxyl 50mg – High Purity Skincare Peptides Peptide</h3>
<p><strong>Haloxyl 50mg</strong> activates TGF-β signalling pathways to enhance extracellular matrix remodelling. This compound is widely utilised in cosmetic dermatology and anti-aging peptide research, with growing interest from preclinical and translational research communities worldwide.</p>

<p>In cosmetic research, this peptide is typically incorporated into formulations at 2–10% concentration by weight. Researchers are advised to follow institutional guidelines and conduct thorough literature review prior to experimental use.</p>

<ul>
    <li>Stimulates collagen I and III synthesis in fibroblasts</li>
    <li>Visibly reduces fine lines and expression wrinkles</li>
    <li>Improves skin firmness, elasticity and hydration</li>
    <li>Enhances dermal matrix integrity and barrier function</li>
    <li>High purity ≥98% ensures consistent cosmetic efficacy</li>
</ul>

<p><strong>Purity:</strong> ≥98% (HPLC verified) | <strong>Format:</strong> Lyophilised powder | <strong>Storage:</strong> Store at −20°C, protect from light and moisture. Stable for 24 months when properly stored.</p>

<p>Australian researchers and biohackers trust Alluvia for premium Haloxyl 50mg — order online today with fast, discreet delivery.</p>",taxable,,1,100,0,0,90.52,,Skincare Peptides,"Haloxyl 50mg, Skincare Peptides",5,Purity,>98%,1,1
simple,AV-SKN-034,Eyeliss 50mg,1,0,visible,"A leading skincare peptides compound, Eyeliss 50mg is valued for its role in dermal matrix remodelling. Trusted by Australian researchers and biohackers, Eyeliss 50mg is available online with fast local dispatch.","<h3>Eyeliss 50mg for Skincare Peptides Research | Australia</h3>
<p><strong>Eyeliss 50mg</strong> chelates copper ions to support enzymatic antioxidant defences and collagen cross-linking. This compound is widely utilised in skin biology and extracellular matrix studies, with growing interest from preclinical and translational research communities worldwide.</p>

<p>Research applications commonly employ solution concentrations of 1–5 mg/mL in aqueous buffer systems. Researchers are advised to follow institutional guidelines and conduct thorough literature review prior to experimental use.</p>

<ul>
    <li>Supports extracellular matrix remodelling</li>
    <li>Reduces periorbital puffiness and dark circles</li>
    <li>Promotes glycosaminoglycan and hyaluronic acid production</li>
    <li>Suitable for advanced cosmeceutical formulation research</li>
    <li>Stable lyophilised format with extended shelf life</li>
</ul>

<p><strong>Purity:</strong> ≥98% (HPLC verified) | <strong>Format:</strong> Lyophilised powder | <strong>Storage:</strong> Store at −20°C, protect from light and moisture. Stable for 24 months when properly stored.</p>

<p>Purchase Eyeliss 50mg from Alluvia, Australia's leading supplier of research-grade peptides — trusted by Australian researchers nationwide.</p>",taxable,,1,100,0,0,116.52,,Skincare Peptides,"Eyeliss 50mg, Skincare Peptides",5,Purity,>98%,1,1
simple,AV-SKN-035,Serilesine (Hexapeptide-10) 10mg,1,0,visible,"Serilesine (Hexapeptide-10) 10mg stands out among skincare peptides products for its proven role in youthful skin tone and elasticity. Australian researchers can buy Serilesine (Hexapeptide-10) 10mg online with confidence, backed by ≥98% purity certification.","<h3>Premium Serilesine (Hexapeptide-10) 10mg | Skincare Peptides Australia</h3>
<p><strong>Serilesine (Hexapeptide-10) 10mg</strong> promotes glycosaminoglycan synthesis, improving dermal hydration and structural integrity. This compound is widely utilised in cosmeceutical formulation and efficacy research, with growing interest from preclinical and translational research communities worldwide.</p>

<p>Formulators typically test this peptide at active concentrations between 0.001% and 0.01% in finished products. Researchers are advised to follow institutional guidelines and conduct thorough literature review prior to experimental use.</p>

<ul>
    <li>Stimulates collagen I and III synthesis in fibroblasts</li>
    <li>Visibly reduces fine lines and expression wrinkles</li>
    <li>Improves skin firmness, elasticity and hydration</li>
    <li>Enhances dermal matrix integrity and barrier function</li>
    <li>High purity ≥98% ensures consistent cosmetic efficacy</li>
</ul>

<p><strong>Purity:</strong> ≥98% (HPLC verified) | <strong>Format:</strong> Lyophilised powder | <strong>Storage:</strong> Store at −20°C, protect from light and moisture. Stable for 24 months when properly stored.</p>

<p>Alluvia provides Australian researchers with premium-grade Serilesine (Hexapeptide-10) 10mg — buy online Australia for fast domestic dispatch.</p>",taxable,,1,100,0,0,75.15,,Skincare Peptides,"Serilesine (Hexapeptide-10) 10mg, Skincare Peptides",5,Purity,>98%,1,1
simple,AV-SKN-036,Myoxinol 10mg,1,0,visible,"Sourced to rigorous standards, Myoxinol 10mg is a trusted skincare peptides peptide for collagen stimulation and anti-aging. Available to buy online Australia, Myoxinol 10mg meets strict quality standards with ≥98% purity.","<h3>Myoxinol 10mg | Skincare Peptides | Research Grade Australia</h3>
<p><strong>Myoxinol 10mg</strong> stimulates fibroblast activity to increase collagen type I and III synthesis in the dermal matrix. This compound is widely utilised in dermal fibroblast and collagen biology research, with growing interest from preclinical and translational research communities worldwide.</p>

<p>Topical research protocols utilise concentrations of 5–50 mg per formulation batch for efficacy assessment. Researchers are advised to follow institutional guidelines and conduct thorough literature review prior to experimental use.</p>

<ul>
    <li>Supports extracellular matrix remodelling</li>
    <li>Reduces periorbital puffiness and dark circles</li>
    <li>Promotes glycosaminoglycan and hyaluronic acid production</li>
    <li>Suitable for advanced cosmeceutical formulation research</li>
    <li>Stable lyophilised format with extended shelf life</li>
</ul>

<p><strong>Purity:</strong> ≥98% (HPLC verified) | <strong>Format:</strong> Lyophilised powder | <strong>Storage:</strong> Store at −20°C, protect from light and moisture. Stable for 24 months when properly stored.</p>

<p>Shop Myoxinol 10mg online at Alluvia — trusted by Australian researchers and biohackers seeking the highest purity peptides.</p>",taxable,,1,100,0,0,60.2,,Skincare Peptides,"Myoxinol 10mg, Skincare Peptides",5,Purity,>98%,1,1
simple,AV-SKN-037,PrimalHyal Ultrafiller 10mg,1,0,visible,"For those seeking quality skincare peptides solutions, PrimalHyal Ultrafiller 10mg delivers outstanding wrinkle reduction and skin firmness. Buy PrimalHyal Ultrafiller 10mg online Australia from a trusted supplier committed to research excellence.","<h3>Buy PrimalHyal Ultrafiller 10mg Online Australia | Skincare Peptides</h3>
<p><strong>PrimalHyal Ultrafiller 10mg</strong> inhibits acetylcholine release at the neuromuscular junction to reduce expression line depth. This compound is widely utilised in cosmetic dermatology and anti-aging peptide research, with growing interest from preclinical and translational research communities worldwide.</p>

<p>In cosmetic research, this peptide is typically incorporated into formulations at 2–10% concentration by weight. Researchers are advised to follow institutional guidelines and conduct thorough literature review prior to experimental use.</p>

<ul>
    <li>Stimulates collagen I and III synthesis in fibroblasts</li>
    <li>Visibly reduces fine lines and expression wrinkles</li>
    <li>Improves skin firmness, elasticity and hydration</li>
    <li>Enhances dermal matrix integrity and barrier function</li>
    <li>High purity ≥98% ensures consistent cosmetic efficacy</li>
</ul>

<p><strong>Purity:</strong> ≥98% (HPLC verified) | <strong>Format:</strong> Lyophilised powder | <strong>Storage:</strong> Store at −20°C, protect from light and moisture. Stable for 24 months when properly stored.</p>

<p>Buy PrimalHyal Ultrafiller 10mg online in Australia from Alluvia — trusted by Australian researchers and biohackers for quality and purity.</p>",taxable,,1,100,0,0,124.8,,Skincare Peptides,"PrimalHyal Ultrafiller 10mg, Skincare Peptides",5,Purity,>98%,1,1
simple,AV-SKN-038,Volufiline 10mg,1,0,visible,"Volufiline 10mg is a research-grade skincare peptides peptide renowned for skin barrier enhancement. Available online across Australia, this peptide is supplied at ≥98% purity for reliable results.","<h3>Volufiline 10mg – High Purity Skincare Peptides Peptide</h3>
<p><strong>Volufiline 10mg</strong> activates TGF-β signalling pathways to enhance extracellular matrix remodelling. This compound is widely utilised in skin biology and extracellular matrix studies, with growing interest from preclinical and translational research communities worldwide.</p>

<p>Research applications commonly employ solution concentrations of 1–5 mg/mL in aqueous buffer systems. Researchers are advised to follow institutional guidelines and conduct thorough literature review prior to experimental use.</p>

<ul>
    <li>Supports extracellular matrix remodelling</li>
    <li>Reduces periorbital puffiness and dark circles</li>
    <li>Promotes glycosaminoglycan and hyaluronic acid production</li>
    <li>Suitable for advanced cosmeceutical formulation research</li>
    <li>Stable lyophilised format with extended shelf life</li>
</ul>

<p><strong>Purity:</strong> ≥98% (HPLC verified) | <strong>Format:</strong> Lyophilised powder | <strong>Storage:</strong> Store at −20°C, protect from light and moisture. Stable for 24 months when properly stored.</p>

<p>Order Volufiline 10mg online Australia with confidence from Alluvia, the trusted supplier for Australian researchers and peptide enthusiasts.</p>",taxable,,1,100,0,0,84.29,,Skincare Peptides,"Volufiline 10mg, Skincare Peptides",5,Purity,>98%,1,1
simple,AV-SKN-039,Relistase 10mg,1,0,visible,"High-purity Relistase 10mg is a benchmark skincare peptides compound in the field of dermal matrix remodelling. Trusted by Australian researchers and biohackers, Relistase 10mg is available online with fast local dispatch.","<h3>Relistase 10mg for Skincare Peptides Research | Australia</h3>
<p><strong>Relistase 10mg</strong> chelates copper ions to support enzymatic antioxidant defences and collagen cross-linking. This compound is widely utilised in cosmeceutical formulation and efficacy research, with growing interest from preclinical and translational research communities worldwide.</p>

<p>Formulators typically test this peptide at active concentrations between 0.001% and 0.01% in finished products. Researchers are advised to follow institutional guidelines and conduct thorough literature review prior to experimental use.</p>

<ul>
    <li>Stimulates collagen I and III synthesis in fibroblasts</li>
    <li>Visibly reduces fine lines and expression wrinkles</li>
    <li>Improves skin firmness, elasticity and hydration</li>
    <li>Enhances dermal matrix integrity and barrier function</li>
    <li>High purity ≥98% ensures consistent cosmetic efficacy</li>
</ul>

<p><strong>Purity:</strong> ≥98% (HPLC verified) | <strong>Format:</strong> Lyophilised powder | <strong>Storage:</strong> Store at −20°C, protect from light and moisture. Stable for 24 months when properly stored.</p>

<p>Australian researchers and biohackers trust Alluvia for premium Relistase 10mg — order online today with fast, discreet delivery.</p>",taxable,,1,100,0,0,49.55,,Skincare Peptides,"Relistase 10mg, Skincare Peptides",5,Purity,>98%,1,1
simple,AV-SKN-040,Melanostatin 5 (Nonapeptide-1) 10mg,1,0,visible,"Used by researchers worldwide, Melanostatin 5 (Nonapeptide-1) 10mg is an advanced skincare peptides peptide for youthful skin tone and elasticity. Australian researchers can buy Melanostatin 5 (Nonapeptide-1) 10mg online with confidence, backed by ≥98% purity certification.","<h3>Premium Melanostatin 5 (Nonapeptide-1) 10mg | Skincare Peptides Australia</h3>
<p><strong>Melanostatin 5 (Nonapeptide-1) 10mg</strong> promotes glycosaminoglycan synthesis, improving dermal hydration and structural integrity. This compound is widely utilised in dermal fibroblast and collagen biology research, with growing interest from preclinical and translational research communities worldwide.</p>

<p>Topical research protocols utilise concentrations of 5–50 mg per formulation batch for efficacy assessment. Researchers are advised to follow institutional guidelines and conduct thorough literature review prior to experimental use.</p>

<ul>
    <li>Supports extracellular matrix remodelling</li>
    <li>Reduces periorbital puffiness and dark circles</li>
    <li>Promotes glycosaminoglycan and hyaluronic acid production</li>
    <li>Suitable for advanced cosmeceutical formulation research</li>
    <li>Stable lyophilised format with extended shelf life</li>
</ul>

<p><strong>Purity:</strong> ≥98% (HPLC verified) | <strong>Format:</strong> Lyophilised powder | <strong>Storage:</strong> Store at −20°C, protect from light and moisture. Stable for 24 months when properly stored.</p>

<p>Purchase Melanostatin 5 (Nonapeptide-1) 10mg from Alluvia, Australia's leading supplier of research-grade peptides — trusted by Australian researchers nationwide.</p>",taxable,,1,100,0,0,45.91,,Skincare Peptides,"Melanostatin 5 (Nonapeptide-1) 10mg, Skincare Peptides",5,Purity,>98%,1,1
simple,AV-SKN-041,Idealift (Tripeptide-3) 10mg,1,0,visible,"Idealift (Tripeptide-3) 10mg is a high-purity skincare peptides compound offering collagen stimulation and anti-aging. Available to buy online Australia, Idealift (Tripeptide-3) 10mg meets strict quality standards with ≥98% purity.","<h3>Idealift (Tripeptide-3) 10mg | Skincare Peptides | Research Grade Australia</h3>
<p><strong>Idealift (Tripeptide-3) 10mg</strong> stimulates fibroblast activity to increase collagen type I and III synthesis in the dermal matrix. This compound is widely utilised in cosmetic dermatology and anti-aging peptide research, with growing interest from preclinical and translational research communities worldwide.</p>

<p>In cosmetic research, this peptide is typically incorporated into formulations at 2–10% concentration by weight. Researchers are advised to follow institutional guidelines and conduct thorough literature review prior to experimental use.</p>

<ul>
    <li>Stimulates collagen I and III synthesis in fibroblasts</li>
    <li>Visibly reduces fine lines and expression wrinkles</li>
    <li>Improves skin firmness, elasticity and hydration</li>
    <li>Enhances dermal matrix integrity and barrier function</li>
    <li>High purity ≥98% ensures consistent cosmetic efficacy</li>
</ul>

<p><strong>Purity:</strong> ≥98% (HPLC verified) | <strong>Format:</strong> Lyophilised powder | <strong>Storage:</strong> Store at −20°C, protect from light and moisture. Stable for 24 months when properly stored.</p>

<p>Alluvia provides Australian researchers with premium-grade Idealift (Tripeptide-3) 10mg — buy online Australia for fast domestic dispatch.</p>",taxable,,1,100,0,0,51.1,,Skincare Peptides,"Idealift (Tripeptide-3) 10mg, Skincare Peptides",5,Purity,>98%,1,1
simple,AV-SKN-042,Facets (Acetyl Tetrapeptide-2) 10mg,1,0,visible,"Discover Facets (Acetyl Tetrapeptide-2) 10mg, a premium skincare peptides peptide designed for wrinkle reduction and skin firmness. Buy Facets (Acetyl Tetrapeptide-2) 10mg online Australia from a trusted supplier committed to research excellence.","<h3>Buy Facets (Acetyl Tetrapeptide-2) 10mg Online Australia | Skincare Peptides</h3>
<p><strong>Facets (Acetyl Tetrapeptide-2) 10mg</strong> inhibits acetylcholine release at the neuromuscular junction to reduce expression line depth. This compound is widely utilised in skin biology and extracellular matrix studies, with growing interest from preclinical and translational research communities worldwide.</p>

<p>Research applications commonly employ solution concentrations of 1–5 mg/mL in aqueous buffer systems. Researchers are advised to follow institutional guidelines and conduct thorough literature review prior to experimental use.</p>

<ul>
    <li>Supports extracellular matrix remodelling</li>
    <li>Reduces periorbital puffiness and dark circles</li>
    <li>Promotes glycosaminoglycan and hyaluronic acid production</li>
    <li>Suitable for advanced cosmeceutical formulation research</li>
    <li>Stable lyophilised format with extended shelf life</li>
</ul>

<p><strong>Purity:</strong> ≥98% (HPLC verified) | <strong>Format:</strong> Lyophilised powder | <strong>Storage:</strong> Store at −20°C, protect from light and moisture. Stable for 24 months when properly stored.</p>

<p>Shop Facets (Acetyl Tetrapeptide-2) 10mg online at Alluvia — trusted by Australian researchers and biohackers seeking the highest purity peptides.</p>",taxable,,1,100,0,0,94.08,,Skincare Peptides,"Facets (Acetyl Tetrapeptide-2) 10mg, Skincare Peptides",5,Purity,>98%,1,1
simple,AV-SKN-043,Thymulen-4 10mg,1,0,visible,"Thymulen-4 10mg provides researchers with a potent skincare peptides agent supporting skin barrier enhancement. Available online across Australia, this peptide is supplied at ≥98% purity for reliable results.","<h3>Thymulen-4 10mg – High Purity Skincare Peptides Peptide</h3>
<p><strong>Thymulen-4 10mg</strong> activates TGF-β signalling pathways to enhance extracellular matrix remodelling. This compound is widely utilised in cosmeceutical formulation and efficacy research, with growing interest from preclinical and translational research communities worldwide.</p>

<p>Formulators typically test this peptide at active concentrations between 0.001% and 0.01% in finished products. Researchers are advised to follow institutional guidelines and conduct thorough literature review prior to experimental use.</p>

<ul>
    <li>Stimulates collagen I and III synthesis in fibroblasts</li>
    <li>Visibly reduces fine lines and expression wrinkles</li>
    <li>Improves skin firmness, elasticity and hydration</li>
    <li>Enhances dermal matrix integrity and barrier function</li>
    <li>High purity ≥98% ensures consistent cosmetic efficacy</li>
</ul>

<p><strong>Purity:</strong> ≥98% (HPLC verified) | <strong>Format:</strong> Lyophilised powder | <strong>Storage:</strong> Store at −20°C, protect from light and moisture. Stable for 24 months when properly stored.</p>

<p>Buy Thymulen-4 10mg online in Australia from Alluvia — trusted by Australian researchers and biohackers for quality and purity.</p>",taxable,,1,100,0,0,107.74,,Skincare Peptides,"Thymulen-4 10mg, Skincare Peptides",5,Purity,>98%,1,1
simple,AV-SKN-044,Meliprene 10mg,1,0,visible,"A leading skincare peptides compound, Meliprene 10mg is valued for its role in dermal matrix remodelling. Trusted by Australian researchers and biohackers, Meliprene 10mg is available online with fast local dispatch.","<h3>Meliprene 10mg for Skincare Peptides Research | Australia</h3>
<p><strong>Meliprene 10mg</strong> chelates copper ions to support enzymatic antioxidant defences and collagen cross-linking. This compound is widely utilised in dermal fibroblast and collagen biology research, with growing interest from preclinical and translational research communities worldwide.</p>

<p>Topical research protocols utilise concentrations of 5–50 mg per formulation batch for efficacy assessment. Researchers are advised to follow institutional guidelines and conduct thorough literature review prior to experimental use.</p>

<ul>
    <li>Supports extracellular matrix remodelling</li>
    <li>Reduces periorbital puffiness and dark circles</li>
    <li>Promotes glycosaminoglycan and hyaluronic acid production</li>
    <li>Suitable for advanced cosmeceutical formulation research</li>
    <li>Stable lyophilised format with extended shelf life</li>
</ul>

<p><strong>Purity:</strong> ≥98% (HPLC verified) | <strong>Format:</strong> Lyophilised powder | <strong>Storage:</strong> Store at −20°C, protect from light and moisture. Stable for 24 months when properly stored.</p>

<p>Order Meliprene 10mg online Australia with confidence from Alluvia, the trusted supplier for Australian researchers and peptide enthusiasts.</p>",taxable,,1,100,0,0,77.04,,Skincare Peptides,"Meliprene 10mg, Skincare Peptides",5,Purity,>98%,1,1
simple,AV-SKN-045,Stemokin 10mg,1,0,visible,"Stemokin 10mg stands out among skincare peptides products for its proven role in youthful skin tone and elasticity. Australian researchers can buy Stemokin 10mg online with confidence, backed by ≥98% purity certification.","<h3>Premium Stemokin 10mg | Skincare Peptides Australia</h3>
<p><strong>Stemokin 10mg</strong> promotes glycosaminoglycan synthesis, improving dermal hydration and structural integrity. This compound is widely utilised in cosmetic dermatology and anti-aging peptide research, with growing interest from preclinical and translational research communities worldwide.</p>

<p>In cosmetic research, this peptide is typically incorporated into formulations at 2–10% concentration by weight. Researchers are advised to follow institutional guidelines and conduct thorough literature review prior to experimental use.</p>

<ul>
    <li>Stimulates collagen I and III synthesis in fibroblasts</li>
    <li>Visibly reduces fine lines and expression wrinkles</li>
    <li>Improves skin firmness, elasticity and hydration</li>
    <li>Enhances dermal matrix integrity and barrier function</li>
    <li>High purity ≥98% ensures consistent cosmetic efficacy</li>
</ul>

<p><strong>Purity:</strong> ≥98% (HPLC verified) | <strong>Format:</strong> Lyophilised powder | <strong>Storage:</strong> Store at −20°C, protect from light and moisture. Stable for 24 months when properly stored.</p>

<p>Australian researchers and biohackers trust Alluvia for premium Stemokin 10mg — order online today with fast, discreet delivery.</p>",taxable,,1,100,0,0,47.27,,Skincare Peptides,"Stemokin 10mg, Skincare Peptides",5,Purity,>98%,1,1
simple,AV-SKN-046,Collaxyl (Hexapeptide-9) 10mg,1,0,visible,"Sourced to rigorous standards, Collaxyl (Hexapeptide-9) 10mg is a trusted skincare peptides peptide for collagen stimulation and anti-aging. Available to buy online Australia, Collaxyl (Hexapeptide-9) 10mg meets strict quality standards with ≥98% purity.","<h3>Collaxyl (Hexapeptide-9) 10mg | Skincare Peptides | Research Grade Australia</h3>
<p><strong>Collaxyl (Hexapeptide-9) 10mg</strong> stimulates fibroblast activity to increase collagen type I and III synthesis in the dermal matrix. This compound is widely utilised in skin biology and extracellular matrix studies, with growing interest from preclinical and translational research communities worldwide.</p>

<p>Research applications commonly employ solution concentrations of 1–5 mg/mL in aqueous buffer systems. Researchers are advised to follow institutional guidelines and conduct thorough literature review prior to experimental use.</p>

<ul>
    <li>Supports extracellular matrix remodelling</li>
    <li>Reduces periorbital puffiness and dark circles</li>
    <li>Promotes glycosaminoglycan and hyaluronic acid production</li>
    <li>Suitable for advanced cosmeceutical formulation research</li>
    <li>Stable lyophilised format with extended shelf life</li>
</ul>

<p><strong>Purity:</strong> ≥98% (HPLC verified) | <strong>Format:</strong> Lyophilised powder | <strong>Storage:</strong> Store at −20°C, protect from light and moisture. Stable for 24 months when properly stored.</p>

<p>Purchase Collaxyl (Hexapeptide-9) 10mg from Alluvia, Australia's leading supplier of research-grade peptides — trusted by Australian researchers nationwide.</p>",taxable,,1,100,0,0,73.67,,Skincare Peptides,"Collaxyl (Hexapeptide-9) 10mg, Skincare Peptides",5,Purity,>98%,1,1
simple,AV-SKN-047,SYN-TC (Tetrapeptide-30) 10mg,1,0,visible,"For those seeking quality skincare peptides solutions, SYN-TC (Tetrapeptide-30) 10mg delivers outstanding wrinkle reduction and skin firmness. Buy SYN-TC (Tetrapeptide-30) 10mg online Australia from a trusted supplier committed to research excellence.","<h3>Buy SYN-TC (Tetrapeptide-30) 10mg Online Australia | Skincare Peptides</h3>
<p><strong>SYN-TC (Tetrapeptide-30) 10mg</strong> inhibits acetylcholine release at the neuromuscular junction to reduce expression line depth. This compound is widely utilised in cosmeceutical formulation and efficacy research, with growing interest from preclinical and translational research communities worldwide.</p>

<p>Formulators typically test this peptide at active concentrations between 0.001% and 0.01% in finished products. Researchers are advised to follow institutional guidelines and conduct thorough literature review prior to experimental use.</p>

<ul>
    <li>Stimulates collagen I and III synthesis in fibroblasts</li>
    <li>Visibly reduces fine lines and expression wrinkles</li>
    <li>Improves skin firmness, elasticity and hydration</li>
    <li>Enhances dermal matrix integrity and barrier function</li>
    <li>High purity ≥98% ensures consistent cosmetic efficacy</li>
</ul>

<p><strong>Purity:</strong> ≥98% (HPLC verified) | <strong>Format:</strong> Lyophilised powder | <strong>Storage:</strong> Store at −20°C, protect from light and moisture. Stable for 24 months when properly stored.</p>

<p>Alluvia provides Australian researchers with premium-grade SYN-TC (Tetrapeptide-30) 10mg — buy online Australia for fast domestic dispatch.</p>",taxable,,1,100,0,0,124.68,,Skincare Peptides,"SYN-TC (Tetrapeptide-30) 10mg, Skincare Peptides",5,Purity,>98%,1,1
simple,AV-SKN-048,Sesaflash 10mg,1,0,visible,"Sesaflash 10mg is a research-grade skincare peptides peptide renowned for skin barrier enhancement. Available online across Australia, this peptide is supplied at ≥98% purity for reliable results.","<h3>Sesaflash 10mg – High Purity Skincare Peptides Peptide</h3>
<p><strong>Sesaflash 10mg</strong> activates TGF-β signalling pathways to enhance extracellular matrix remodelling. This compound is widely utilised in dermal fibroblast and collagen biology research, with growing interest from preclinical and translational research communities worldwide.</p>

<p>Topical research protocols utilise concentrations of 5–50 mg per formulation batch for efficacy assessment. Researchers are advised to follow institutional guidelines and conduct thorough literature review prior to experimental use.</p>

<ul>
    <li>Supports extracellular matrix remodelling</li>
    <li>Reduces periorbital puffiness and dark circles</li>
    <li>Promotes glycosaminoglycan and hyaluronic acid production</li>
    <li>Suitable for advanced cosmeceutical formulation research</li>
    <li>Stable lyophilised format with extended shelf life</li>
</ul>

<p><strong>Purity:</strong> ≥98% (HPLC verified) | <strong>Format:</strong> Lyophilised powder | <strong>Storage:</strong> Store at −20°C, protect from light and moisture. Stable for 24 months when properly stored.</p>

<p>Shop Sesaflash 10mg online at Alluvia — trusted by Australian researchers and biohackers seeking the highest purity peptides.</p>",taxable,,1,100,0,0,85.92,,Skincare Peptides,"Sesaflash 10mg, Skincare Peptides",5,Purity,>98%,1,1
simple,AV-SKN-049,Peptide Complex PCF-5 10mg,1,0,visible,"High-purity Peptide Complex PCF-5 10mg is a benchmark skincare peptides compound in the field of dermal matrix remodelling. Trusted by Australian researchers and biohackers, Peptide Complex PCF-5 10mg is available online with fast local dispatch.","<h3>Peptide Complex PCF-5 10mg for Skincare Peptides Research | Australia</h3>
<p><strong>Peptide Complex PCF-5 10mg</strong> chelates copper ions to support enzymatic antioxidant defences and collagen cross-linking. This compound is widely utilised in cosmetic dermatology and anti-aging peptide research, with growing interest from preclinical and translational research communities worldwide.</p>

<p>In cosmetic research, this peptide is typically incorporated into formulations at 2–10% concentration by weight. Researchers are advised to follow institutional guidelines and conduct thorough literature review prior to experimental use.</p>

<ul>
    <li>Stimulates collagen I and III synthesis in fibroblasts</li>
    <li>Visibly reduces fine lines and expression wrinkles</li>
    <li>Improves skin firmness, elasticity and hydration</li>
    <li>Enhances dermal matrix integrity and barrier function</li>
    <li>High purity ≥98% ensures consistent cosmetic efficacy</li>
</ul>

<p><strong>Purity:</strong> ≥98% (HPLC verified) | <strong>Format:</strong> Lyophilised powder | <strong>Storage:</strong> Store at −20°C, protect from light and moisture. Stable for 24 months when properly stored.</p>

<p>Buy Peptide Complex PCF-5 10mg online in Australia from Alluvia — trusted by Australian researchers and biohackers for quality and purity.</p>",taxable,,1,100,0,0,122.6,,Skincare Peptides,"Peptide Complex PCF-5 10mg, Skincare Peptides",5,Purity,>98%,1,1
simple,AV-SKN-050,Leuphasyl Advanced 50mg,1,0,visible,"Used by researchers worldwide, Leuphasyl Advanced 50mg is an advanced skincare peptides peptide for youthful skin tone and elasticity. Australian researchers can buy Leuphasyl Advanced 50mg online with confidence, backed by ≥98% purity certification.","<h3>Premium Leuphasyl Advanced 50mg | Skincare Peptides Australia</h3>
<p><strong>Leuphasyl Advanced 50mg</strong> promotes glycosaminoglycan synthesis, improving dermal hydration and structural integrity. This compound is widely utilised in skin biology and extracellular matrix studies, with growing interest from preclinical and translational research communities worldwide.</p>

<p>Research applications commonly employ solution concentrations of 1–5 mg/mL in aqueous buffer systems. Researchers are advised to follow institutional guidelines and conduct thorough literature review prior to experimental use.</p>

<ul>
    <li>Supports extracellular matrix remodelling</li>
    <li>Reduces periorbital puffiness and dark circles</li>
    <li>Promotes glycosaminoglycan and hyaluronic acid production</li>
    <li>Suitable for advanced cosmeceutical formulation research</li>
    <li>Stable lyophilised format with extended shelf life</li>
</ul>

<p><strong>Purity:</strong> ≥98% (HPLC verified) | <strong>Format:</strong> Lyophilised powder | <strong>Storage:</strong> Store at −20°C, protect from light and moisture. Stable for 24 months when properly stored.</p>

<p>Order Leuphasyl Advanced 50mg online Australia with confidence from Alluvia, the trusted supplier for Australian researchers and peptide enthusiasts.</p>",taxable,,1,100,0,0,113.44,,Skincare Peptides,"Leuphasyl Advanced 50mg, Skincare Peptides",5,Purity,>98%,1,1
simple,AV-COL-001,Marine Collagen Peptides Type I 100g,1,0,visible,"Marine Collagen Peptides Type I 100g is a high-purity collagen peptides compound offering joint health and connective tissue support. Available to buy online Australia, Marine Collagen Peptides Type I 100g meets strict quality standards with ≥98% purity.","<h3>Marine Collagen Peptides Type I 100g | Collagen Peptides | Research Grade Australia</h3>
<p><strong>Marine Collagen Peptides Type I 100g</strong> supplies bioactive Pro-Hyp and Hyp-Gly dipeptides that stimulate fibroblast collagen synthesis. This compound is widely utilised in connective tissue biology and orthopaedic research, with growing interest from preclinical and translational research communities worldwide.</p>

<p>Research and nutritional studies commonly use daily supplementation doses of 5–15 g of hydrolysed collagen. Researchers are advised to follow institutional guidelines and conduct thorough literature review prior to experimental use.</p>

<ul>
    <li>Supports skin elasticity, hydration and dermal density</li>
    <li>Promotes joint cartilage health and mobility</li>
    <li>Enhances tendon and ligament structural integrity</li>
    <li>Bioavailable low-molecular-weight peptide fragments</li>
    <li>High purity source material with ≥98% peptide content</li>
</ul>

<p><strong>Purity:</strong> ≥98% (HPLC verified) | <strong>Format:</strong> Lyophilised powder | <strong>Storage:</strong> Store at −20°C, protect from light and moisture. Stable for 24 months when properly stored.</p>

<p>Buy Marine Collagen Peptides Type I 100g online in Australia from Alluvia — trusted by Australian researchers and biohackers for quality and purity.</p>",taxable,,1,100,0,0,38.65,,Collagen Peptides,"Marine Collagen Peptides Type I 100g, Collagen Peptides",5,Purity,>98%,1,1
simple,AV-COL-002,Bovine Collagen Peptides Type I & III 100g,1,0,visible,"Discover Bovine Collagen Peptides Type I & III 100g, a premium collagen peptides peptide designed for skin elasticity and hydration. Buy Bovine Collagen Peptides Type I & III 100g online Australia from a trusted supplier committed to research excellence.","<h3>Buy Bovine Collagen Peptides Type I & III 100g Online Australia | Collagen Peptides</h3>
<p><strong>Bovine Collagen Peptides Type I & III 100g</strong> provides hydrolysed collagen fragments absorbed intact to act as signalling molecules in connective tissue. This compound is widely utilised in nutricosmetic and skin health science, with growing interest from preclinical and translational research communities worldwide.</p>

<p>Investigational protocols for connective tissue support typically employ 10 g daily dissolved in water or beverage. Researchers are advised to follow institutional guidelines and conduct thorough literature review prior to experimental use.</p>

<ul>
    <li>Stimulates endogenous collagen synthesis in fibroblasts</li>
    <li>Supports bone mineral density and skeletal strength</li>
    <li>Provides essential amino acids: glycine, proline, hydroxyproline</li>
    <li>Suitable for nutricosmetic and sports nutrition research</li>
    <li>Clean-label format, unflavoured and highly soluble</li>
</ul>

<p><strong>Purity:</strong> ≥98% (HPLC verified) | <strong>Format:</strong> Lyophilised powder | <strong>Storage:</strong> Store at −20°C, protect from light and moisture. Stable for 24 months when properly stored.</p>

<p>Order Bovine Collagen Peptides Type I & III 100g online Australia with confidence from Alluvia, the trusted supplier for Australian researchers and peptide enthusiasts.</p>",taxable,,1,100,0,0,79.08,,Collagen Peptides,"Bovine Collagen Peptides Type I & III 100g, Collagen Peptides",5,Purity,>98%,1,1
simple,AV-COL-003,Chicken Sternum Type II Collagen 60g,1,0,visible,"Chicken Sternum Type II Collagen 60g provides researchers with a potent collagen peptides agent supporting bone density and structural integrity. Available online across Australia, this peptide is supplied at ≥98% purity for reliable results.","<h3>Chicken Sternum Type II Collagen 60g – High Purity Collagen Peptides Peptide</h3>
<p><strong>Chicken Sternum Type II Collagen 60g</strong> delivers specific molecular weight collagen chains that accumulate in target tissues to support structural repair. This compound is widely utilised in sports nutrition and musculoskeletal repair research, with growing interest from preclinical and translational research communities worldwide.</p>

<p>Bioavailability studies suggest optimal absorption at 5–10 g per serving taken with vitamin C co-factors. Researchers are advised to follow institutional guidelines and conduct thorough literature review prior to experimental use.</p>

<ul>
    <li>Supports skin elasticity, hydration and dermal density</li>
    <li>Promotes joint cartilage health and mobility</li>
    <li>Enhances tendon and ligament structural integrity</li>
    <li>Bioavailable low-molecular-weight peptide fragments</li>
    <li>High purity source material with ≥98% peptide content</li>
</ul>

<p><strong>Purity:</strong> ≥98% (HPLC verified) | <strong>Format:</strong> Lyophilised powder | <strong>Storage:</strong> Store at −20°C, protect from light and moisture. Stable for 24 months when properly stored.</p>

<p>Australian researchers and biohackers trust Alluvia for premium Chicken Sternum Type II Collagen 60g — order online today with fast, discreet delivery.</p>",taxable,,1,100,0,0,76.86,,Collagen Peptides,"Chicken Sternum Type II Collagen 60g, Collagen Peptides",5,Purity,>98%,1,1
simple,AV-COL-004,Hydrolysed Marine Collagen 500mg caps×60,1,0,visible,"A leading collagen peptides compound, Hydrolysed Marine Collagen 500mg caps×60 is valued for its role in gut lining support. Trusted by Australian researchers and biohackers, Hydrolysed Marine Collagen 500mg caps×60 is available online with fast local dispatch.","<h3>Hydrolysed Marine Collagen 500mg caps×60 for Collagen Peptides Research | Australia</h3>
<p><strong>Hydrolysed Marine Collagen 500mg caps×60</strong> activates chondrocyte and tenocyte pathways to support cartilage, tendon and bone remodelling. This compound is widely utilised in biomaterial and tissue engineering science, with growing interest from preclinical and translational research communities worldwide.</p>

<p>Clinical nutritional research commonly administers 2.5–15 g daily depending on the health outcome under study. Researchers are advised to follow institutional guidelines and conduct thorough literature review prior to experimental use.</p>

<ul>
    <li>Stimulates endogenous collagen synthesis in fibroblasts</li>
    <li>Supports bone mineral density and skeletal strength</li>
    <li>Provides essential amino acids: glycine, proline, hydroxyproline</li>
    <li>Suitable for nutricosmetic and sports nutrition research</li>
    <li>Clean-label format, unflavoured and highly soluble</li>
</ul>

<p><strong>Purity:</strong> ≥98% (HPLC verified) | <strong>Format:</strong> Lyophilised powder | <strong>Storage:</strong> Store at −20°C, protect from light and moisture. Stable for 24 months when properly stored.</p>

<p>Purchase Hydrolysed Marine Collagen 500mg caps×60 from Alluvia, Australia's leading supplier of research-grade peptides — trusted by Australian researchers nationwide.</p>",taxable,,1,100,0,0,68.61,,Collagen Peptides,"Hydrolysed Marine Collagen 500mg caps×60, Collagen Peptides",5,Purity,>98%,1,1
simple,AV-COL-005,Verisol Bioactive Collagen Peptides 10g,1,0,visible,"Verisol Bioactive Collagen Peptides 10g stands out among collagen peptides products for its proven role in muscle and tendon recovery. Australian researchers can buy Verisol Bioactive Collagen Peptides 10g online with confidence, backed by ≥98% purity certification.","<h3>Premium Verisol Bioactive Collagen Peptides 10g | Collagen Peptides Australia</h3>
<p><strong>Verisol Bioactive Collagen Peptides 10g</strong> enhances dermal collagen density through targeted peptide signalling in skin fibroblasts. This compound is widely utilised in connective tissue biology and orthopaedic research, with growing interest from preclinical and translational research communities worldwide.</p>

<p>Research and nutritional studies commonly use daily supplementation doses of 5–15 g of hydrolysed collagen. Researchers are advised to follow institutional guidelines and conduct thorough literature review prior to experimental use.</p>

<ul>
    <li>Supports skin elasticity, hydration and dermal density</li>
    <li>Promotes joint cartilage health and mobility</li>
    <li>Enhances tendon and ligament structural integrity</li>
    <li>Bioavailable low-molecular-weight peptide fragments</li>
    <li>High purity source material with ≥98% peptide content</li>
</ul>

<p><strong>Purity:</strong> ≥98% (HPLC verified) | <strong>Format:</strong> Lyophilised powder | <strong>Storage:</strong> Store at −20°C, protect from light and moisture. Stable for 24 months when properly stored.</p>

<p>Alluvia provides Australian researchers with premium-grade Verisol Bioactive Collagen Peptides 10g — buy online Australia for fast domestic dispatch.</p>",taxable,,1,100,0,0,53.21,,Collagen Peptides,"Verisol Bioactive Collagen Peptides 10g, Collagen Peptides",5,Purity,>98%,1,1
simple,AV-COL-006,FORTIGEL Collagen Peptides 10g,1,0,visible,"Sourced to rigorous standards, FORTIGEL Collagen Peptides 10g is a trusted collagen peptides peptide for joint health and connective tissue support. Available to buy online Australia, FORTIGEL Collagen Peptides 10g meets strict quality standards with ≥98% purity.","<h3>FORTIGEL Collagen Peptides 10g | Collagen Peptides | Research Grade Australia</h3>
<p><strong>FORTIGEL Collagen Peptides 10g</strong> supplies bioactive Pro-Hyp and Hyp-Gly dipeptides that stimulate fibroblast collagen synthesis. This compound is widely utilised in nutricosmetic and skin health science, with growing interest from preclinical and translational research communities worldwide.</p>

<p>Investigational protocols for connective tissue support typically employ 10 g daily dissolved in water or beverage. Researchers are advised to follow institutional guidelines and conduct thorough literature review prior to experimental use.</p>

<ul>
    <li>Stimulates endogenous collagen synthesis in fibroblasts</li>
    <li>Supports bone mineral density and skeletal strength</li>
    <li>Provides essential amino acids: glycine, proline, hydroxyproline</li>
    <li>Suitable for nutricosmetic and sports nutrition research</li>
    <li>Clean-label format, unflavoured and highly soluble</li>
</ul>

<p><strong>Purity:</strong> ≥98% (HPLC verified) | <strong>Format:</strong> Lyophilised powder | <strong>Storage:</strong> Store at −20°C, protect from light and moisture. Stable for 24 months when properly stored.</p>

<p>Shop FORTIGEL Collagen Peptides 10g online at Alluvia — trusted by Australian researchers and biohackers seeking the highest purity peptides.</p>",taxable,,1,100,0,0,74.53,,Collagen Peptides,"FORTIGEL Collagen Peptides 10g, Collagen Peptides",5,Purity,>98%,1,1
simple,AV-COL-007,TENDOFORTE Collagen Peptides 10g,1,0,visible,"For those seeking quality collagen peptides solutions, TENDOFORTE Collagen Peptides 10g delivers outstanding skin elasticity and hydration. Buy TENDOFORTE Collagen Peptides 10g online Australia from a trusted supplier committed to research excellence.","<h3>Buy TENDOFORTE Collagen Peptides 10g Online Australia | Collagen Peptides</h3>
<p><strong>TENDOFORTE Collagen Peptides 10g</strong> provides hydrolysed collagen fragments absorbed intact to act as signalling molecules in connective tissue. This compound is widely utilised in sports nutrition and musculoskeletal repair research, with growing interest from preclinical and translational research communities worldwide.</p>

<p>Bioavailability studies suggest optimal absorption at 5–10 g per serving taken with vitamin C co-factors. Researchers are advised to follow institutional guidelines and conduct thorough literature review prior to experimental use.</p>

<ul>
    <li>Supports skin elasticity, hydration and dermal density</li>
    <li>Promotes joint cartilage health and mobility</li>
    <li>Enhances tendon and ligament structural integrity</li>
    <li>Bioavailable low-molecular-weight peptide fragments</li>
    <li>High purity source material with ≥98% peptide content</li>
</ul>

<p><strong>Purity:</strong> ≥98% (HPLC verified) | <strong>Format:</strong> Lyophilised powder | <strong>Storage:</strong> Store at −20°C, protect from light and moisture. Stable for 24 months when properly stored.</p>

<p>Buy TENDOFORTE Collagen Peptides 10g online in Australia from Alluvia — trusted by Australian researchers and biohackers for quality and purity.</p>",taxable,,1,100,0,0,44.36,,Collagen Peptides,"TENDOFORTE Collagen Peptides 10g, Collagen Peptides",5,Purity,>98%,1,1
simple,AV-COL-008,BODYBALANCE Collagen Peptides 15g,1,0,visible,"BODYBALANCE Collagen Peptides 15g is a research-grade collagen peptides peptide renowned for bone density and structural integrity. Available online across Australia, this peptide is supplied at ≥98% purity for reliable results.","<h3>BODYBALANCE Collagen Peptides 15g – High Purity Collagen Peptides Peptide</h3>
<p><strong>BODYBALANCE Collagen Peptides 15g</strong> delivers specific molecular weight collagen chains that accumulate in target tissues to support structural repair. This compound is widely utilised in biomaterial and tissue engineering science, with growing interest from preclinical and translational research communities worldwide.</p>

<p>Clinical nutritional research commonly administers 2.5–15 g daily depending on the health outcome under study. Researchers are advised to follow institutional guidelines and conduct thorough literature review prior to experimental use.</p>

<ul>
    <li>Stimulates endogenous collagen synthesis in fibroblasts</li>
    <li>Supports bone mineral density and skeletal strength</li>
    <li>Provides essential amino acids: glycine, proline, hydroxyproline</li>
    <li>Suitable for nutricosmetic and sports nutrition research</li>
    <li>Clean-label format, unflavoured and highly soluble</li>
</ul>

<p><strong>Purity:</strong> ≥98% (HPLC verified) | <strong>Format:</strong> Lyophilised powder | <strong>Storage:</strong> Store at −20°C, protect from light and moisture. Stable for 24 months when properly stored.</p>

<p>Order BODYBALANCE Collagen Peptides 15g online Australia with confidence from Alluvia, the trusted supplier for Australian researchers and peptide enthusiasts.</p>",taxable,,1,100,0,0,62.78,,Collagen Peptides,"BODYBALANCE Collagen Peptides 15g, Collagen Peptides",5,Purity,>98%,1,1
simple,AV-COL-009,Collagen Peptide Pro-Hyp 50mg,1,0,visible,"High-purity Collagen Peptide Pro-Hyp 50mg is a benchmark collagen peptides compound in the field of gut lining support. Trusted by Australian researchers and biohackers, Collagen Peptide Pro-Hyp 50mg is available online with fast local dispatch.","<h3>Collagen Peptide Pro-Hyp 50mg for Collagen Peptides Research | Australia</h3>
<p><strong>Collagen Peptide Pro-Hyp 50mg</strong> activates chondrocyte and tenocyte pathways to support cartilage, tendon and bone remodelling. This compound is widely utilised in connective tissue biology and orthopaedic research, with growing interest from preclinical and translational research communities worldwide.</p>

<p>Research and nutritional studies commonly use daily supplementation doses of 5–15 g of hydrolysed collagen. Researchers are advised to follow institutional guidelines and conduct thorough literature review prior to experimental use.</p>

<ul>
    <li>Supports skin elasticity, hydration and dermal density</li>
    <li>Promotes joint cartilage health and mobility</li>
    <li>Enhances tendon and ligament structural integrity</li>
    <li>Bioavailable low-molecular-weight peptide fragments</li>
    <li>High purity source material with ≥98% peptide content</li>
</ul>

<p><strong>Purity:</strong> ≥98% (HPLC verified) | <strong>Format:</strong> Lyophilised powder | <strong>Storage:</strong> Store at −20°C, protect from light and moisture. Stable for 24 months when properly stored.</p>

<p>Australian researchers and biohackers trust Alluvia for premium Collagen Peptide Pro-Hyp 50mg — order online today with fast, discreet delivery.</p>",taxable,,1,100,0,0,63.86,,Collagen Peptides,"Collagen Peptide Pro-Hyp 50mg, Collagen Peptides",5,Purity,>98%,1,1
simple,AV-COL-010,Collagen Peptide Hyp-Gly 50mg,1,0,visible,"Used by researchers worldwide, Collagen Peptide Hyp-Gly 50mg is an advanced collagen peptides peptide for muscle and tendon recovery. Australian researchers can buy Collagen Peptide Hyp-Gly 50mg online with confidence, backed by ≥98% purity certification.","<h3>Premium Collagen Peptide Hyp-Gly 50mg | Collagen Peptides Australia</h3>
<p><strong>Collagen Peptide Hyp-Gly 50mg</strong> enhances dermal collagen density through targeted peptide signalling in skin fibroblasts. This compound is widely utilised in nutricosmetic and skin health science, with growing interest from preclinical and translational research communities worldwide.</p>

<p>Investigational protocols for connective tissue support typically employ 10 g daily dissolved in water or beverage. Researchers are advised to follow institutional guidelines and conduct thorough literature review prior to experimental use.</p>

<ul>
    <li>Stimulates endogenous collagen synthesis in fibroblasts</li>
    <li>Supports bone mineral density and skeletal strength</li>
    <li>Provides essential amino acids: glycine, proline, hydroxyproline</li>
    <li>Suitable for nutricosmetic and sports nutrition research</li>
    <li>Clean-label format, unflavoured and highly soluble</li>
</ul>

<p><strong>Purity:</strong> ≥98% (HPLC verified) | <strong>Format:</strong> Lyophilised powder | <strong>Storage:</strong> Store at −20°C, protect from light and moisture. Stable for 24 months when properly stored.</p>

<p>Purchase Collagen Peptide Hyp-Gly 50mg from Alluvia, Australia's leading supplier of research-grade peptides — trusted by Australian researchers nationwide.</p>",taxable,,1,100,0,0,92.37,,Collagen Peptides,"Collagen Peptide Hyp-Gly 50mg, Collagen Peptides",5,Purity,>98%,1,1
simple,AV-COL-011,Low Molecular Weight Marine Collagen (1000 Da) 100g,1,0,visible,"Low Molecular Weight Marine Collagen (1000 Da) 100g is a high-purity collagen peptides compound offering joint health and connective tissue support. Available to buy online Australia, Low Molecular Weight Marine Collagen (1000 Da) 100g meets strict quality standards with ≥98% purity.","<h3>Low Molecular Weight Marine Collagen (1000 Da) 100g | Collagen Peptides | Research Grade Australia</h3>
<p><strong>Low Molecular Weight Marine Collagen (1000 Da) 100g</strong> supplies bioactive Pro-Hyp and Hyp-Gly dipeptides that stimulate fibroblast collagen synthesis. This compound is widely utilised in sports nutrition and musculoskeletal repair research, with growing interest from preclinical and translational research communities worldwide.</p>

<p>Bioavailability studies suggest optimal absorption at 5–10 g per serving taken with vitamin C co-factors. Researchers are advised to follow institutional guidelines and conduct thorough literature review prior to experimental use.</p>

<ul>
    <li>Supports skin elasticity, hydration and dermal density</li>
    <li>Promotes joint cartilage health and mobility</li>
    <li>Enhances tendon and ligament structural integrity</li>
    <li>Bioavailable low-molecular-weight peptide fragments</li>
    <li>High purity source material with ≥98% peptide content</li>
</ul>

<p><strong>Purity:</strong> ≥98% (HPLC verified) | <strong>Format:</strong> Lyophilised powder | <strong>Storage:</strong> Store at −20°C, protect from light and moisture. Stable for 24 months when properly stored.</p>

<p>Alluvia provides Australian researchers with premium-grade Low Molecular Weight Marine Collagen (1000 Da) 100g — buy online Australia for fast domestic dispatch.</p>",taxable,,1,100,0,0,87.92,,Collagen Peptides,"Low Molecular Weight Marine Collagen (1000 Da) 100g, Collagen Peptides",5,Purity,>98%,1,1
simple,AV-COL-012,Collagen Tripeptide (CTP) 30g,1,0,visible,"Discover Collagen Tripeptide (CTP) 30g, a premium collagen peptides peptide designed for skin elasticity and hydration. Buy Collagen Tripeptide (CTP) 30g online Australia from a trusted supplier committed to research excellence.","<h3>Buy Collagen Tripeptide (CTP) 30g Online Australia | Collagen Peptides</h3>
<p><strong>Collagen Tripeptide (CTP) 30g</strong> provides hydrolysed collagen fragments absorbed intact to act as signalling molecules in connective tissue. This compound is widely utilised in biomaterial and tissue engineering science, with growing interest from preclinical and translational research communities worldwide.</p>

<p>Clinical nutritional research commonly administers 2.5–15 g daily depending on the health outcome under study. Researchers are advised to follow institutional guidelines and conduct thorough literature review prior to experimental use.</p>

<ul>
    <li>Stimulates endogenous collagen synthesis in fibroblasts</li>
    <li>Supports bone mineral density and skeletal strength</li>
    <li>Provides essential amino acids: glycine, proline, hydroxyproline</li>
    <li>Suitable for nutricosmetic and sports nutrition research</li>
    <li>Clean-label format, unflavoured and highly soluble</li>
</ul>

<p><strong>Purity:</strong> ≥98% (HPLC verified) | <strong>Format:</strong> Lyophilised powder | <strong>Storage:</strong> Store at −20°C, protect from light and moisture. Stable for 24 months when properly stored.</p>

<p>Shop Collagen Tripeptide (CTP) 30g online at Alluvia — trusted by Australian researchers and biohackers seeking the highest purity peptides.</p>",taxable,,1,100,0,0,53.01,,Collagen Peptides,"Collagen Tripeptide (CTP) 30g, Collagen Peptides",5,Purity,>98%,1,1
simple,AV-COL-013,Fish Collagen Peptide FC-20 50g,1,0,visible,"Fish Collagen Peptide FC-20 50g provides researchers with a potent collagen peptides agent supporting bone density and structural integrity. Available online across Australia, this peptide is supplied at ≥98% purity for reliable results.","<h3>Fish Collagen Peptide FC-20 50g – High Purity Collagen Peptides Peptide</h3>
<p><strong>Fish Collagen Peptide FC-20 50g</strong> delivers specific molecular weight collagen chains that accumulate in target tissues to support structural repair. This compound is widely utilised in connective tissue biology and orthopaedic research, with growing interest from preclinical and translational research communities worldwide.</p>

<p>Research and nutritional studies commonly use daily supplementation doses of 5–15 g of hydrolysed collagen. Researchers are advised to follow institutional guidelines and conduct thorough literature review prior to experimental use.</p>

<ul>
    <li>Supports skin elasticity, hydration and dermal density</li>
    <li>Promotes joint cartilage health and mobility</li>
    <li>Enhances tendon and ligament structural integrity</li>
    <li>Bioavailable low-molecular-weight peptide fragments</li>
    <li>High purity source material with ≥98% peptide content</li>
</ul>

<p><strong>Purity:</strong> ≥98% (HPLC verified) | <strong>Format:</strong> Lyophilised powder | <strong>Storage:</strong> Store at −20°C, protect from light and moisture. Stable for 24 months when properly stored.</p>

<p>Buy Fish Collagen Peptide FC-20 50g online in Australia from Alluvia — trusted by Australian researchers and biohackers for quality and purity.</p>",taxable,,1,100,0,0,66.53,,Collagen Peptides,"Fish Collagen Peptide FC-20 50g, Collagen Peptides",5,Purity,>98%,1,1
simple,AV-COL-014,Bioactive Collagen Peptide-17 50g,1,0,visible,"A leading collagen peptides compound, Bioactive Collagen Peptide-17 50g is valued for its role in gut lining support. Trusted by Australian researchers and biohackers, Bioactive Collagen Peptide-17 50g is available online with fast local dispatch.","<h3>Bioactive Collagen Peptide-17 50g for Collagen Peptides Research | Australia</h3>
<p><strong>Bioactive Collagen Peptide-17 50g</strong> activates chondrocyte and tenocyte pathways to support cartilage, tendon and bone remodelling. This compound is widely utilised in nutricosmetic and skin health science, with growing interest from preclinical and translational research communities worldwide.</p>

<p>Investigational protocols for connective tissue support typically employ 10 g daily dissolved in water or beverage. Researchers are advised to follow institutional guidelines and conduct thorough literature review prior to experimental use.</p>

<ul>
    <li>Stimulates endogenous collagen synthesis in fibroblasts</li>
    <li>Supports bone mineral density and skeletal strength</li>
    <li>Provides essential amino acids: glycine, proline, hydroxyproline</li>
    <li>Suitable for nutricosmetic and sports nutrition research</li>
    <li>Clean-label format, unflavoured and highly soluble</li>
</ul>

<p><strong>Purity:</strong> ≥98% (HPLC verified) | <strong>Format:</strong> Lyophilised powder | <strong>Storage:</strong> Store at −20°C, protect from light and moisture. Stable for 24 months when properly stored.</p>

<p>Order Bioactive Collagen Peptide-17 50g online Australia with confidence from Alluvia, the trusted supplier for Australian researchers and peptide enthusiasts.</p>",taxable,,1,100,0,0,48.18,,Collagen Peptides,"Bioactive Collagen Peptide-17 50g, Collagen Peptides",5,Purity,>98%,1,1
simple,AV-COL-015,Peptan B 2000 HD 100g,1,0,visible,"Peptan B 2000 HD 100g stands out among collagen peptides products for its proven role in muscle and tendon recovery. Australian researchers can buy Peptan B 2000 HD 100g online with confidence, backed by ≥98% purity certification.","<h3>Premium Peptan B 2000 HD 100g | Collagen Peptides Australia</h3>
<p><strong>Peptan B 2000 HD 100g</strong> enhances dermal collagen density through targeted peptide signalling in skin fibroblasts. This compound is widely utilised in sports nutrition and musculoskeletal repair research, with growing interest from preclinical and translational research communities worldwide.</p>

<p>Bioavailability studies suggest optimal absorption at 5–10 g per serving taken with vitamin C co-factors. Researchers are advised to follow institutional guidelines and conduct thorough literature review prior to experimental use.</p>

<ul>
    <li>Supports skin elasticity, hydration and dermal density</li>
    <li>Promotes joint cartilage health and mobility</li>
    <li>Enhances tendon and ligament structural integrity</li>
    <li>Bioavailable low-molecular-weight peptide fragments</li>
    <li>High purity source material with ≥98% peptide content</li>
</ul>

<p><strong>Purity:</strong> ≥98% (HPLC verified) | <strong>Format:</strong> Lyophilised powder | <strong>Storage:</strong> Store at −20°C, protect from light and moisture. Stable for 24 months when properly stored.</p>

<p>Australian researchers and biohackers trust Alluvia for premium Peptan B 2000 HD 100g — order online today with fast, discreet delivery.</p>",taxable,,1,100,0,0,90.02,,Collagen Peptides,"Peptan B 2000 HD 100g, Collagen Peptides",5,Purity,>98%,1,1
simple,AV-COL-016,Peptan F 2000 HD 100g,1,0,visible,"Sourced to rigorous standards, Peptan F 2000 HD 100g is a trusted collagen peptides peptide for joint health and connective tissue support. Available to buy online Australia, Peptan F 2000 HD 100g meets strict quality standards with ≥98% purity.","<h3>Peptan F 2000 HD 100g | Collagen Peptides | Research Grade Australia</h3>
<p><strong>Peptan F 2000 HD 100g</strong> supplies bioactive Pro-Hyp and Hyp-Gly dipeptides that stimulate fibroblast collagen synthesis. This compound is widely utilised in biomaterial and tissue engineering science, with growing interest from preclinical and translational research communities worldwide.</p>

<p>Clinical nutritional research commonly administers 2.5–15 g daily depending on the health outcome under study. Researchers are advised to follow institutional guidelines and conduct thorough literature review prior to experimental use.</p>

<ul>
    <li>Stimulates endogenous collagen synthesis in fibroblasts</li>
    <li>Supports bone mineral density and skeletal strength</li>
    <li>Provides essential amino acids: glycine, proline, hydroxyproline</li>
    <li>Suitable for nutricosmetic and sports nutrition research</li>
    <li>Clean-label format, unflavoured and highly soluble</li>
</ul>

<p><strong>Purity:</strong> ≥98% (HPLC verified) | <strong>Format:</strong> Lyophilised powder | <strong>Storage:</strong> Store at −20°C, protect from light and moisture. Stable for 24 months when properly stored.</p>

<p>Purchase Peptan F 2000 HD 100g from Alluvia, Australia's leading supplier of research-grade peptides — trusted by Australian researchers nationwide.</p>",taxable,,1,100,0,0,87.62,,Collagen Peptides,"Peptan F 2000 HD 100g, Collagen Peptides",5,Purity,>98%,1,1
simple,AV-COL-017,Peptan IIM 100g,1,0,visible,"For those seeking quality collagen peptides solutions, Peptan IIM 100g delivers outstanding skin elasticity and hydration. Buy Peptan IIM 100g online Australia from a trusted supplier committed to research excellence.","<h3>Buy Peptan IIM 100g Online Australia | Collagen Peptides</h3>
<p><strong>Peptan IIM 100g</strong> provides hydrolysed collagen fragments absorbed intact to act as signalling molecules in connective tissue. This compound is widely utilised in connective tissue biology and orthopaedic research, with growing interest from preclinical and translational research communities worldwide.</p>

<p>Research and nutritional studies commonly use daily supplementation doses of 5–15 g of hydrolysed collagen. Researchers are advised to follow institutional guidelines and conduct thorough literature review prior to experimental use.</p>

<ul>
    <li>Supports skin elasticity, hydration and dermal density</li>
    <li>Promotes joint cartilage health and mobility</li>
    <li>Enhances tendon and ligament structural integrity</li>
    <li>Bioavailable low-molecular-weight peptide fragments</li>
    <li>High purity source material with ≥98% peptide content</li>
</ul>

<p><strong>Purity:</strong> ≥98% (HPLC verified) | <strong>Format:</strong> Lyophilised powder | <strong>Storage:</strong> Store at −20°C, protect from light and moisture. Stable for 24 months when properly stored.</p>

<p>Alluvia provides Australian researchers with premium-grade Peptan IIM 100g — buy online Australia for fast domestic dispatch.</p>",taxable,,1,100,0,0,55.01,,Collagen Peptides,"Peptan IIM 100g, Collagen Peptides",5,Purity,>98%,1,1
simple,AV-COL-018,Naticol LM 50g,1,0,visible,"Naticol LM 50g is a research-grade collagen peptides peptide renowned for bone density and structural integrity. Available online across Australia, this peptide is supplied at ≥98% purity for reliable results.","<h3>Naticol LM 50g – High Purity Collagen Peptides Peptide</h3>
<p><strong>Naticol LM 50g</strong> delivers specific molecular weight collagen chains that accumulate in target tissues to support structural repair. This compound is widely utilised in nutricosmetic and skin health science, with growing interest from preclinical and translational research communities worldwide.</p>

<p>Investigational protocols for connective tissue support typically employ 10 g daily dissolved in water or beverage. Researchers are advised to follow institutional guidelines and conduct thorough literature review prior to experimental use.</p>

<ul>
    <li>Stimulates endogenous collagen synthesis in fibroblasts</li>
    <li>Supports bone mineral density and skeletal strength</li>
    <li>Provides essential amino acids: glycine, proline, hydroxyproline</li>
    <li>Suitable for nutricosmetic and sports nutrition research</li>
    <li>Clean-label format, unflavoured and highly soluble</li>
</ul>

<p><strong>Purity:</strong> ≥98% (HPLC verified) | <strong>Format:</strong> Lyophilised powder | <strong>Storage:</strong> Store at −20°C, protect from light and moisture. Stable for 24 months when properly stored.</p>

<p>Shop Naticol LM 50g online at Alluvia — trusted by Australian researchers and biohackers seeking the highest purity peptides.</p>",taxable,,1,100,0,0,74.42,,Collagen Peptides,"Naticol LM 50g, Collagen Peptides",5,Purity,>98%,1,1
simple,AV-COL-019,Naticol HP 50g,1,0,visible,"High-purity Naticol HP 50g is a benchmark collagen peptides compound in the field of gut lining support. Trusted by Australian researchers and biohackers, Naticol HP 50g is available online with fast local dispatch.","<h3>Naticol HP 50g for Collagen Peptides Research | Australia</h3>
<p><strong>Naticol HP 50g</strong> activates chondrocyte and tenocyte pathways to support cartilage, tendon and bone remodelling. This compound is widely utilised in sports nutrition and musculoskeletal repair research, with growing interest from preclinical and translational research communities worldwide.</p>

<p>Bioavailability studies suggest optimal absorption at 5–10 g per serving taken with vitamin C co-factors. Researchers are advised to follow institutional guidelines and conduct thorough literature review prior to experimental use.</p>

<ul>
    <li>Supports skin elasticity, hydration and dermal density</li>
    <li>Promotes joint cartilage health and mobility</li>
    <li>Enhances tendon and ligament structural integrity</li>
    <li>Bioavailable low-molecular-weight peptide fragments</li>
    <li>High purity source material with ≥98% peptide content</li>
</ul>

<p><strong>Purity:</strong> ≥98% (HPLC verified) | <strong>Format:</strong> Lyophilised powder | <strong>Storage:</strong> Store at −20°C, protect from light and moisture. Stable for 24 months when properly stored.</p>

<p>Buy Naticol HP 50g online in Australia from Alluvia — trusted by Australian researchers and biohackers for quality and purity.</p>",taxable,,1,100,0,0,72.71,,Collagen Peptides,"Naticol HP 50g, Collagen Peptides",5,Purity,>98%,1,1
simple,AV-COL-020,Collageneer 50g,1,0,visible,"Used by researchers worldwide, Collageneer 50g is an advanced collagen peptides peptide for muscle and tendon recovery. Australian researchers can buy Collageneer 50g online with confidence, backed by ≥98% purity certification.","<h3>Premium Collageneer 50g | Collagen Peptides Australia</h3>
<p><strong>Collageneer 50g</strong> enhances dermal collagen density through targeted peptide signalling in skin fibroblasts. This compound is widely utilised in biomaterial and tissue engineering science, with growing interest from preclinical and translational research communities worldwide.</p>

<p>Clinical nutritional research commonly administers 2.5–15 g daily depending on the health outcome under study. Researchers are advised to follow institutional guidelines and conduct thorough literature review prior to experimental use.</p>

<ul>
    <li>Stimulates endogenous collagen synthesis in fibroblasts</li>
    <li>Supports bone mineral density and skeletal strength</li>
    <li>Provides essential amino acids: glycine, proline, hydroxyproline</li>
    <li>Suitable for nutricosmetic and sports nutrition research</li>
    <li>Clean-label format, unflavoured and highly soluble</li>
</ul>

<p><strong>Purity:</strong> ≥98% (HPLC verified) | <strong>Format:</strong> Lyophilised powder | <strong>Storage:</strong> Store at −20°C, protect from light and moisture. Stable for 24 months when properly stored.</p>

<p>Order Collageneer 50g online Australia with confidence from Alluvia, the trusted supplier for Australian researchers and peptide enthusiasts.</p>",taxable,,1,100,0,0,46.71,,Collagen Peptides,"Collageneer 50g, Collagen Peptides",5,Purity,>98%,1,1
simple,AV-COL-021,Collagen Oligopeptides (MW<500 Da) 30g,1,0,visible,"Collagen Oligopeptides (MW<500 Da) 30g is a high-purity collagen peptides compound offering joint health and connective tissue support. Available to buy online Australia, Collagen Oligopeptides (MW<500 Da) 30g meets strict quality standards with ≥98% purity.","<h3>Collagen Oligopeptides (MW<500 Da) 30g | Collagen Peptides | Research Grade Australia</h3>
<p><strong>Collagen Oligopeptides (MW<500 Da) 30g</strong> supplies bioactive Pro-Hyp and Hyp-Gly dipeptides that stimulate fibroblast collagen synthesis. This compound is widely utilised in connective tissue biology and orthopaedic research, with growing interest from preclinical and translational research communities worldwide.</p>

<p>Research and nutritional studies commonly use daily supplementation doses of 5–15 g of hydrolysed collagen. Researchers are advised to follow institutional guidelines and conduct thorough literature review prior to experimental use.</p>

<ul>
    <li>Supports skin elasticity, hydration and dermal density</li>
    <li>Promotes joint cartilage health and mobility</li>
    <li>Enhances tendon and ligament structural integrity</li>
    <li>Bioavailable low-molecular-weight peptide fragments</li>
    <li>High purity source material with ≥98% peptide content</li>
</ul>

<p><strong>Purity:</strong> ≥98% (HPLC verified) | <strong>Format:</strong> Lyophilised powder | <strong>Storage:</strong> Store at −20°C, protect from light and moisture. Stable for 24 months when properly stored.</p>

<p>Australian researchers and biohackers trust Alluvia for premium Collagen Oligopeptides (MW<500 Da) 30g — order online today with fast, discreet delivery.</p>",taxable,,1,100,0,0,81.46,,Collagen Peptides,"Collagen Oligopeptides (MW<500 Da) 30g, Collagen Peptides",5,Purity,>98%,1,1
simple,AV-COL-022,Collagen Dipeptide Pro-Hyp 500mg,1,0,visible,"Discover Collagen Dipeptide Pro-Hyp 500mg, a premium collagen peptides peptide designed for skin elasticity and hydration. Buy Collagen Dipeptide Pro-Hyp 500mg online Australia from a trusted supplier committed to research excellence.","<h3>Buy Collagen Dipeptide Pro-Hyp 500mg Online Australia | Collagen Peptides</h3>
<p><strong>Collagen Dipeptide Pro-Hyp 500mg</strong> provides hydrolysed collagen fragments absorbed intact to act as signalling molecules in connective tissue. This compound is widely utilised in nutricosmetic and skin health science, with growing interest from preclinical and translational research communities worldwide.</p>

<p>Investigational protocols for connective tissue support typically employ 10 g daily dissolved in water or beverage. Researchers are advised to follow institutional guidelines and conduct thorough literature review prior to experimental use.</p>

<ul>
    <li>Stimulates endogenous collagen synthesis in fibroblasts</li>
    <li>Supports bone mineral density and skeletal strength</li>
    <li>Provides essential amino acids: glycine, proline, hydroxyproline</li>
    <li>Suitable for nutricosmetic and sports nutrition research</li>
    <li>Clean-label format, unflavoured and highly soluble</li>
</ul>

<p><strong>Purity:</strong> ≥98% (HPLC verified) | <strong>Format:</strong> Lyophilised powder | <strong>Storage:</strong> Store at −20°C, protect from light and moisture. Stable for 24 months when properly stored.</p>

<p>Purchase Collagen Dipeptide Pro-Hyp 500mg from Alluvia, Australia's leading supplier of research-grade peptides — trusted by Australian researchers nationwide.</p>",taxable,,1,100,0,0,68.74,,Collagen Peptides,"Collagen Dipeptide Pro-Hyp 500mg, Collagen Peptides",5,Purity,>98%,1,1
simple,AV-COL-023,Collagen + Hyaluronic Acid Complex 30g,1,0,visible,"Collagen + Hyaluronic Acid Complex 30g provides researchers with a potent collagen peptides agent supporting bone density and structural integrity. Available online across Australia, this peptide is supplied at ≥98% purity for reliable results.","<h3>Collagen + Hyaluronic Acid Complex 30g – High Purity Collagen Peptides Peptide</h3>
<p><strong>Collagen + Hyaluronic Acid Complex 30g</strong> delivers specific molecular weight collagen chains that accumulate in target tissues to support structural repair. This compound is widely utilised in sports nutrition and musculoskeletal repair research, with growing interest from preclinical and translational research communities worldwide.</p>

<p>Bioavailability studies suggest optimal absorption at 5–10 g per serving taken with vitamin C co-factors. Researchers are advised to follow institutional guidelines and conduct thorough literature review prior to experimental use.</p>

<ul>
    <li>Supports skin elasticity, hydration and dermal density</li>
    <li>Promotes joint cartilage health and mobility</li>
    <li>Enhances tendon and ligament structural integrity</li>
    <li>Bioavailable low-molecular-weight peptide fragments</li>
    <li>High purity source material with ≥98% peptide content</li>
</ul>

<p><strong>Purity:</strong> ≥98% (HPLC verified) | <strong>Format:</strong> Lyophilised powder | <strong>Storage:</strong> Store at −20°C, protect from light and moisture. Stable for 24 months when properly stored.</p>

<p>Alluvia provides Australian researchers with premium-grade Collagen + Hyaluronic Acid Complex 30g — buy online Australia for fast domestic dispatch.</p>",taxable,,1,100,0,0,82.38,,Collagen Peptides,"Collagen + Hyaluronic Acid Complex 30g, Collagen Peptides",5,Purity,>98%,1,1
simple,AV-COL-024,Collagen + Vitamin C + Zinc 30g,1,0,visible,"A leading collagen peptides compound, Collagen + Vitamin C + Zinc 30g is valued for its role in gut lining support. Trusted by Australian researchers and biohackers, Collagen + Vitamin C + Zinc 30g is available online with fast local dispatch.","<h3>Collagen + Vitamin C + Zinc 30g for Collagen Peptides Research | Australia</h3>
<p><strong>Collagen + Vitamin C + Zinc 30g</strong> activates chondrocyte and tenocyte pathways to support cartilage, tendon and bone remodelling. This compound is widely utilised in biomaterial and tissue engineering science, with growing interest from preclinical and translational research communities worldwide.</p>

<p>Clinical nutritional research commonly administers 2.5–15 g daily depending on the health outcome under study. Researchers are advised to follow institutional guidelines and conduct thorough literature review prior to experimental use.</p>

<ul>
    <li>Stimulates endogenous collagen synthesis in fibroblasts</li>
    <li>Supports bone mineral density and skeletal strength</li>
    <li>Provides essential amino acids: glycine, proline, hydroxyproline</li>
    <li>Suitable for nutricosmetic and sports nutrition research</li>
    <li>Clean-label format, unflavoured and highly soluble</li>
</ul>

<p><strong>Purity:</strong> ≥98% (HPLC verified) | <strong>Format:</strong> Lyophilised powder | <strong>Storage:</strong> Store at −20°C, protect from light and moisture. Stable for 24 months when properly stored.</p>

<p>Shop Collagen + Vitamin C + Zinc 30g online at Alluvia — trusted by Australian researchers and biohackers seeking the highest purity peptides.</p>",taxable,,1,100,0,0,68.23,,Collagen Peptides,"Collagen + Vitamin C + Zinc 30g, Collagen Peptides",5,Purity,>98%,1,1
simple,AV-COL-025,Collagen + Biotin Complex 30g,1,0,visible,"Collagen + Biotin Complex 30g stands out among collagen peptides products for its proven role in muscle and tendon recovery. Australian researchers can buy Collagen + Biotin Complex 30g online with confidence, backed by ≥98% purity certification.","<h3>Premium Collagen + Biotin Complex 30g | Collagen Peptides Australia</h3>
<p><strong>Collagen + Biotin Complex 30g</strong> enhances dermal collagen density through targeted peptide signalling in skin fibroblasts. This compound is widely utilised in connective tissue biology and orthopaedic research, with growing interest from preclinical and translational research communities worldwide.</p>

<p>Research and nutritional studies commonly use daily supplementation doses of 5–15 g of hydrolysed collagen. Researchers are advised to follow institutional guidelines and conduct thorough literature review prior to experimental use.</p>

<ul>
    <li>Supports skin elasticity, hydration and dermal density</li>
    <li>Promotes joint cartilage health and mobility</li>
    <li>Enhances tendon and ligament structural integrity</li>
    <li>Bioavailable low-molecular-weight peptide fragments</li>
    <li>High purity source material with ≥98% peptide content</li>
</ul>

<p><strong>Purity:</strong> ≥98% (HPLC verified) | <strong>Format:</strong> Lyophilised powder | <strong>Storage:</strong> Store at −20°C, protect from light and moisture. Stable for 24 months when properly stored.</p>

<p>Buy Collagen + Biotin Complex 30g online in Australia from Alluvia — trusted by Australian researchers and biohackers for quality and purity.</p>",taxable,,1,100,0,0,38.03,,Collagen Peptides,"Collagen + Biotin Complex 30g, Collagen Peptides",5,Purity,>98%,1,1
simple,AV-COL-026,Eggshell Membrane Collagen (NEM) 500mg,1,0,visible,"Sourced to rigorous standards, Eggshell Membrane Collagen (NEM) 500mg is a trusted collagen peptides peptide for joint health and connective tissue support. Available to buy online Australia, Eggshell Membrane Collagen (NEM) 500mg meets strict quality standards with ≥98% purity.","<h3>Eggshell Membrane Collagen (NEM) 500mg | Collagen Peptides | Research Grade Australia</h3>
<p><strong>Eggshell Membrane Collagen (NEM) 500mg</strong> supplies bioactive Pro-Hyp and Hyp-Gly dipeptides that stimulate fibroblast collagen synthesis. This compound is widely utilised in nutricosmetic and skin health science, with growing interest from preclinical and translational research communities worldwide.</p>

<p>Investigational protocols for connective tissue support typically employ 10 g daily dissolved in water or beverage. Researchers are advised to follow institutional guidelines and conduct thorough literature review prior to experimental use.</p>

<ul>
    <li>Stimulates endogenous collagen synthesis in fibroblasts</li>
    <li>Supports bone mineral density and skeletal strength</li>
    <li>Provides essential amino acids: glycine, proline, hydroxyproline</li>
    <li>Suitable for nutricosmetic and sports nutrition research</li>
    <li>Clean-label format, unflavoured and highly soluble</li>
</ul>

<p><strong>Purity:</strong> ≥98% (HPLC verified) | <strong>Format:</strong> Lyophilised powder | <strong>Storage:</strong> Store at −20°C, protect from light and moisture. Stable for 24 months when properly stored.</p>

<p>Order Eggshell Membrane Collagen (NEM) 500mg online Australia with confidence from Alluvia, the trusted supplier for Australian researchers and peptide enthusiasts.</p>",taxable,,1,100,0,0,56.48,,Collagen Peptides,"Eggshell Membrane Collagen (NEM) 500mg, Collagen Peptides",5,Purity,>98%,1,1
simple,AV-COL-027,Chicken Collagen Type II UC-II 40mg caps×60,1,0,visible,"For those seeking quality collagen peptides solutions, Chicken Collagen Type II UC-II 40mg caps×60 delivers outstanding skin elasticity and hydration. Buy Chicken Collagen Type II UC-II 40mg caps×60 online Australia from a trusted supplier committed to research excellence.","<h3>Buy Chicken Collagen Type II UC-II 40mg caps×60 Online Australia | Collagen Peptides</h3>
<p><strong>Chicken Collagen Type II UC-II 40mg caps×60</strong> provides hydrolysed collagen fragments absorbed intact to act as signalling molecules in connective tissue. This compound is widely utilised in sports nutrition and musculoskeletal repair research, with growing interest from preclinical and translational research communities worldwide.</p>

<p>Bioavailability studies suggest optimal absorption at 5–10 g per serving taken with vitamin C co-factors. Researchers are advised to follow institutional guidelines and conduct thorough literature review prior to experimental use.</p>

<ul>
    <li>Supports skin elasticity, hydration and dermal density</li>
    <li>Promotes joint cartilage health and mobility</li>
    <li>Enhances tendon and ligament structural integrity</li>
    <li>Bioavailable low-molecular-weight peptide fragments</li>
    <li>High purity source material with ≥98% peptide content</li>
</ul>

<p><strong>Purity:</strong> ≥98% (HPLC verified) | <strong>Format:</strong> Lyophilised powder | <strong>Storage:</strong> Store at −20°C, protect from light and moisture. Stable for 24 months when properly stored.</p>

<p>Australian researchers and biohackers trust Alluvia for premium Chicken Collagen Type II UC-II 40mg caps×60 — order online today with fast, discreet delivery.</p>",taxable,,1,100,0,0,39.11,,Collagen Peptides,"Chicken Collagen Type II UC-II 40mg caps×60, Collagen Peptides",5,Purity,>98%,1,1
simple,AV-COL-028,Plant-Based Collagen Booster Peptides 30g,1,0,visible,"Plant-Based Collagen Booster Peptides 30g is a research-grade collagen peptides peptide renowned for bone density and structural integrity. Available online across Australia, this peptide is supplied at ≥98% purity for reliable results.","<h3>Plant-Based Collagen Booster Peptides 30g – High Purity Collagen Peptides Peptide</h3>
<p><strong>Plant-Based Collagen Booster Peptides 30g</strong> delivers specific molecular weight collagen chains that accumulate in target tissues to support structural repair. This compound is widely utilised in biomaterial and tissue engineering science, with growing interest from preclinical and translational research communities worldwide.</p>

<p>Clinical nutritional research commonly administers 2.5–15 g daily depending on the health outcome under study. Researchers are advised to follow institutional guidelines and conduct thorough literature review prior to experimental use.</p>

<ul>
    <li>Stimulates endogenous collagen synthesis in fibroblasts</li>
    <li>Supports bone mineral density and skeletal strength</li>
    <li>Provides essential amino acids: glycine, proline, hydroxyproline</li>
    <li>Suitable for nutricosmetic and sports nutrition research</li>
    <li>Clean-label format, unflavoured and highly soluble</li>
</ul>

<p><strong>Purity:</strong> ≥98% (HPLC verified) | <strong>Format:</strong> Lyophilised powder | <strong>Storage:</strong> Store at −20°C, protect from light and moisture. Stable for 24 months when properly stored.</p>

<p>Purchase Plant-Based Collagen Booster Peptides 30g from Alluvia, Australia's leading supplier of research-grade peptides — trusted by Australian researchers nationwide.</p>",taxable,,1,100,0,0,90.96,,Collagen Peptides,"Plant-Based Collagen Booster Peptides 30g, Collagen Peptides",5,Purity,>98%,1,1
simple,AV-COL-029,Sea Cucumber Collagen Peptides 30g,1,0,visible,"High-purity Sea Cucumber Collagen Peptides 30g is a benchmark collagen peptides compound in the field of gut lining support. Trusted by Australian researchers and biohackers, Sea Cucumber Collagen Peptides 30g is available online with fast local dispatch.","<h3>Sea Cucumber Collagen Peptides 30g for Collagen Peptides Research | Australia</h3>
<p><strong>Sea Cucumber Collagen Peptides 30g</strong> activates chondrocyte and tenocyte pathways to support cartilage, tendon and bone remodelling. This compound is widely utilised in connective tissue biology and orthopaedic research, with growing interest from preclinical and translational research communities worldwide.</p>

<p>Research and nutritional studies commonly use daily supplementation doses of 5–15 g of hydrolysed collagen. Researchers are advised to follow institutional guidelines and conduct thorough literature review prior to experimental use.</p>

<ul>
    <li>Supports skin elasticity, hydration and dermal density</li>
    <li>Promotes joint cartilage health and mobility</li>
    <li>Enhances tendon and ligament structural integrity</li>
    <li>Bioavailable low-molecular-weight peptide fragments</li>
    <li>High purity source material with ≥98% peptide content</li>
</ul>

<p><strong>Purity:</strong> ≥98% (HPLC verified) | <strong>Format:</strong> Lyophilised powder | <strong>Storage:</strong> Store at −20°C, protect from light and moisture. Stable for 24 months when properly stored.</p>

<p>Alluvia provides Australian researchers with premium-grade Sea Cucumber Collagen Peptides 30g — buy online Australia for fast domestic dispatch.</p>",taxable,,1,100,0,0,88.09,,Collagen Peptides,"Sea Cucumber Collagen Peptides 30g, Collagen Peptides",5,Purity,>98%,1,1
simple,AV-COL-030,Shark Cartilage Collagen Peptides 30g,1,0,visible,"Used by researchers worldwide, Shark Cartilage Collagen Peptides 30g is an advanced collagen peptides peptide for muscle and tendon recovery. Australian researchers can buy Shark Cartilage Collagen Peptides 30g online with confidence, backed by ≥98% purity certification.","<h3>Premium Shark Cartilage Collagen Peptides 30g | Collagen Peptides Australia</h3>
<p><strong>Shark Cartilage Collagen Peptides 30g</strong> enhances dermal collagen density through targeted peptide signalling in skin fibroblasts. This compound is widely utilised in nutricosmetic and skin health science, with growing interest from preclinical and translational research communities worldwide.</p>

<p>Investigational protocols for connective tissue support typically employ 10 g daily dissolved in water or beverage. Researchers are advised to follow institutional guidelines and conduct thorough literature review prior to experimental use.</p>

<ul>
    <li>Stimulates endogenous collagen synthesis in fibroblasts</li>
    <li>Supports bone mineral density and skeletal strength</li>
    <li>Provides essential amino acids: glycine, proline, hydroxyproline</li>
    <li>Suitable for nutricosmetic and sports nutrition research</li>
    <li>Clean-label format, unflavoured and highly soluble</li>
</ul>

<p><strong>Purity:</strong> ≥98% (HPLC verified) | <strong>Format:</strong> Lyophilised powder | <strong>Storage:</strong> Store at −20°C, protect from light and moisture. Stable for 24 months when properly stored.</p>

<p>Shop Shark Cartilage Collagen Peptides 30g online at Alluvia — trusted by Australian researchers and biohackers seeking the highest purity peptides.</p>",taxable,,1,100,0,0,85.4,,Collagen Peptides,"Shark Cartilage Collagen Peptides 30g, Collagen Peptides",5,Purity,>98%,1,1
simple,AV-COL-031,Deer Velvet Collagen Peptides 30g,1,0,visible,"Deer Velvet Collagen Peptides 30g is a high-purity collagen peptides compound offering joint health and connective tissue support. Available to buy online Australia, Deer Velvet Collagen Peptides 30g meets strict quality standards with ≥98% purity.","<h3>Deer Velvet Collagen Peptides 30g | Collagen Peptides | Research Grade Australia</h3>
<p><strong>Deer Velvet Collagen Peptides 30g</strong> supplies bioactive Pro-Hyp and Hyp-Gly dipeptides that stimulate fibroblast collagen synthesis. This compound is widely utilised in sports nutrition and musculoskeletal repair research, with growing interest from preclinical and translational research communities worldwide.</p>

<p>Bioavailability studies suggest optimal absorption at 5–10 g per serving taken with vitamin C co-factors. Researchers are advised to follow institutional guidelines and conduct thorough literature review prior to experimental use.</p>

<ul>
    <li>Supports skin elasticity, hydration and dermal density</li>
    <li>Promotes joint cartilage health and mobility</li>
    <li>Enhances tendon and ligament structural integrity</li>
    <li>Bioavailable low-molecular-weight peptide fragments</li>
    <li>High purity source material with ≥98% peptide content</li>
</ul>

<p><strong>Purity:</strong> ≥98% (HPLC verified) | <strong>Format:</strong> Lyophilised powder | <strong>Storage:</strong> Store at −20°C, protect from light and moisture. Stable for 24 months when properly stored.</p>

<p>Buy Deer Velvet Collagen Peptides 30g online in Australia from Alluvia — trusted by Australian researchers and biohackers for quality and purity.</p>",taxable,,1,100,0,0,55.53,,Collagen Peptides,"Deer Velvet Collagen Peptides 30g, Collagen Peptides",5,Purity,>98%,1,1
simple,AV-COL-032,Cod Skin Collagen Peptides 50g,1,0,visible,"Discover Cod Skin Collagen Peptides 50g, a premium collagen peptides peptide designed for skin elasticity and hydration. Buy Cod Skin Collagen Peptides 50g online Australia from a trusted supplier committed to research excellence.","<h3>Buy Cod Skin Collagen Peptides 50g Online Australia | Collagen Peptides</h3>
<p><strong>Cod Skin Collagen Peptides 50g</strong> provides hydrolysed collagen fragments absorbed intact to act as signalling molecules in connective tissue. This compound is widely utilised in biomaterial and tissue engineering science, with growing interest from preclinical and translational research communities worldwide.</p>

<p>Clinical nutritional research commonly administers 2.5–15 g daily depending on the health outcome under study. Researchers are advised to follow institutional guidelines and conduct thorough literature review prior to experimental use.</p>

<ul>
    <li>Stimulates endogenous collagen synthesis in fibroblasts</li>
    <li>Supports bone mineral density and skeletal strength</li>
    <li>Provides essential amino acids: glycine, proline, hydroxyproline</li>
    <li>Suitable for nutricosmetic and sports nutrition research</li>
    <li>Clean-label format, unflavoured and highly soluble</li>
</ul>

<p><strong>Purity:</strong> ≥98% (HPLC verified) | <strong>Format:</strong> Lyophilised powder | <strong>Storage:</strong> Store at −20°C, protect from light and moisture. Stable for 24 months when properly stored.</p>

<p>Order Cod Skin Collagen Peptides 50g online Australia with confidence from Alluvia, the trusted supplier for Australian researchers and peptide enthusiasts.</p>",taxable,,1,100,0,0,41.3,,Collagen Peptides,"Cod Skin Collagen Peptides 50g, Collagen Peptides",5,Purity,>98%,1,1
simple,AV-COL-033,Tilapia Scale Collagen Peptides 50g,1,0,visible,"Tilapia Scale Collagen Peptides 50g provides researchers with a potent collagen peptides agent supporting bone density and structural integrity. Available online across Australia, this peptide is supplied at ≥98% purity for reliable results.","<h3>Tilapia Scale Collagen Peptides 50g – High Purity Collagen Peptides Peptide</h3>
<p><strong>Tilapia Scale Collagen Peptides 50g</strong> delivers specific molecular weight collagen chains that accumulate in target tissues to support structural repair. This compound is widely utilised in connective tissue biology and orthopaedic research, with growing interest from preclinical and translational research communities worldwide.</p>

<p>Research and nutritional studies commonly use daily supplementation doses of 5–15 g of hydrolysed collagen. Researchers are advised to follow institutional guidelines and conduct thorough literature review prior to experimental use.</p>

<ul>
    <li>Supports skin elasticity, hydration and dermal density</li>
    <li>Promotes joint cartilage health and mobility</li>
    <li>Enhances tendon and ligament structural integrity</li>
    <li>Bioavailable low-molecular-weight peptide fragments</li>
    <li>High purity source material with ≥98% peptide content</li>
</ul>

<p><strong>Purity:</strong> ≥98% (HPLC verified) | <strong>Format:</strong> Lyophilised powder | <strong>Storage:</strong> Store at −20°C, protect from light and moisture. Stable for 24 months when properly stored.</p>

<p>Australian researchers and biohackers trust Alluvia for premium Tilapia Scale Collagen Peptides 50g — order online today with fast, discreet delivery.</p>",taxable,,1,100,0,0,88.05,,Collagen Peptides,"Tilapia Scale Collagen Peptides 50g, Collagen Peptides",5,Purity,>98%,1,1
simple,AV-COL-034,Jellyfish Collagen Peptides 30g,1,0,visible,"A leading collagen peptides compound, Jellyfish Collagen Peptides 30g is valued for its role in gut lining support. Trusted by Australian researchers and biohackers, Jellyfish Collagen Peptides 30g is available online with fast local dispatch.","<h3>Jellyfish Collagen Peptides 30g for Collagen Peptides Research | Australia</h3>
<p><strong>Jellyfish Collagen Peptides 30g</strong> activates chondrocyte and tenocyte pathways to support cartilage, tendon and bone remodelling. This compound is widely utilised in nutricosmetic and skin health science, with growing interest from preclinical and translational research communities worldwide.</p>

<p>Investigational protocols for connective tissue support typically employ 10 g daily dissolved in water or beverage. Researchers are advised to follow institutional guidelines and conduct thorough literature review prior to experimental use.</p>

<ul>
    <li>Stimulates endogenous collagen synthesis in fibroblasts</li>
    <li>Supports bone mineral density and skeletal strength</li>
    <li>Provides essential amino acids: glycine, proline, hydroxyproline</li>
    <li>Suitable for nutricosmetic and sports nutrition research</li>
    <li>Clean-label format, unflavoured and highly soluble</li>
</ul>

<p><strong>Purity:</strong> ≥98% (HPLC verified) | <strong>Format:</strong> Lyophilised powder | <strong>Storage:</strong> Store at −20°C, protect from light and moisture. Stable for 24 months when properly stored.</p>

<p>Purchase Jellyfish Collagen Peptides 30g from Alluvia, Australia's leading supplier of research-grade peptides — trusted by Australian researchers nationwide.</p>",taxable,,1,100,0,0,91.98,,Collagen Peptides,"Jellyfish Collagen Peptides 30g, Collagen Peptides",5,Purity,>98%,1,1
simple,AV-COL-035,Starfish Collagen Peptides 30g,1,0,visible,"Starfish Collagen Peptides 30g stands out among collagen peptides products for its proven role in muscle and tendon recovery. Australian researchers can buy Starfish Collagen Peptides 30g online with confidence, backed by ≥98% purity certification.","<h3>Premium Starfish Collagen Peptides 30g | Collagen Peptides Australia</h3>
<p><strong>Starfish Collagen Peptides 30g</strong> enhances dermal collagen density through targeted peptide signalling in skin fibroblasts. This compound is widely utilised in sports nutrition and musculoskeletal repair research, with growing interest from preclinical and translational research communities worldwide.</p>

<p>Bioavailability studies suggest optimal absorption at 5–10 g per serving taken with vitamin C co-factors. Researchers are advised to follow institutional guidelines and conduct thorough literature review prior to experimental use.</p>

<ul>
    <li>Supports skin elasticity, hydration and dermal density</li>
    <li>Promotes joint cartilage health and mobility</li>
    <li>Enhances tendon and ligament structural integrity</li>
    <li>Bioavailable low-molecular-weight peptide fragments</li>
    <li>High purity source material with ≥98% peptide content</li>
</ul>

<p><strong>Purity:</strong> ≥98% (HPLC verified) | <strong>Format:</strong> Lyophilised powder | <strong>Storage:</strong> Store at −20°C, protect from light and moisture. Stable for 24 months when properly stored.</p>

<p>Alluvia provides Australian researchers with premium-grade Starfish Collagen Peptides 30g — buy online Australia for fast domestic dispatch.</p>",taxable,,1,100,0,0,42.88,,Collagen Peptides,"Starfish Collagen Peptides 30g, Collagen Peptides",5,Purity,>98%,1,1
simple,AV-COL-036,Salmon Collagen Peptides 50g,1,0,visible,"Sourced to rigorous standards, Salmon Collagen Peptides 50g is a trusted collagen peptides peptide for joint health and connective tissue support. Available to buy online Australia, Salmon Collagen Peptides 50g meets strict quality standards with ≥98% purity.","<h3>Salmon Collagen Peptides 50g | Collagen Peptides | Research Grade Australia</h3>
<p><strong>Salmon Collagen Peptides 50g</strong> supplies bioactive Pro-Hyp and Hyp-Gly dipeptides that stimulate fibroblast collagen synthesis. This compound is widely utilised in biomaterial and tissue engineering science, with growing interest from preclinical and translational research communities worldwide.</p>

<p>Clinical nutritional research commonly administers 2.5–15 g daily depending on the health outcome under study. Researchers are advised to follow institutional guidelines and conduct thorough literature review prior to experimental use.</p>

<ul>
    <li>Stimulates endogenous collagen synthesis in fibroblasts</li>
    <li>Supports bone mineral density and skeletal strength</li>
    <li>Provides essential amino acids: glycine, proline, hydroxyproline</li>
    <li>Suitable for nutricosmetic and sports nutrition research</li>
    <li>Clean-label format, unflavoured and highly soluble</li>
</ul>

<p><strong>Purity:</strong> ≥98% (HPLC verified) | <strong>Format:</strong> Lyophilised powder | <strong>Storage:</strong> Store at −20°C, protect from light and moisture. Stable for 24 months when properly stored.</p>

<p>Shop Salmon Collagen Peptides 50g online at Alluvia — trusted by Australian researchers and biohackers seeking the highest purity peptides.</p>",taxable,,1,100,0,0,65.7,,Collagen Peptides,"Salmon Collagen Peptides 50g, Collagen Peptides",5,Purity,>98%,1,1
simple,AV-COL-037,Tuna Collagen Peptides 50g,1,0,visible,"For those seeking quality collagen peptides solutions, Tuna Collagen Peptides 50g delivers outstanding skin elasticity and hydration. Buy Tuna Collagen Peptides 50g online Australia from a trusted supplier committed to research excellence.","<h3>Buy Tuna Collagen Peptides 50g Online Australia | Collagen Peptides</h3>
<p><strong>Tuna Collagen Peptides 50g</strong> provides hydrolysed collagen fragments absorbed intact to act as signalling molecules in connective tissue. This compound is widely utilised in connective tissue biology and orthopaedic research, with growing interest from preclinical and translational research communities worldwide.</p>

<p>Research and nutritional studies commonly use daily supplementation doses of 5–15 g of hydrolysed collagen. Researchers are advised to follow institutional guidelines and conduct thorough literature review prior to experimental use.</p>

<ul>
    <li>Supports skin elasticity, hydration and dermal density</li>
    <li>Promotes joint cartilage health and mobility</li>
    <li>Enhances tendon and ligament structural integrity</li>
    <li>Bioavailable low-molecular-weight peptide fragments</li>
    <li>High purity source material with ≥98% peptide content</li>
</ul>

<p><strong>Purity:</strong> ≥98% (HPLC verified) | <strong>Format:</strong> Lyophilised powder | <strong>Storage:</strong> Store at −20°C, protect from light and moisture. Stable for 24 months when properly stored.</p>

<p>Buy Tuna Collagen Peptides 50g online in Australia from Alluvia — trusted by Australian researchers and biohackers for quality and purity.</p>",taxable,,1,100,0,0,41.95,,Collagen Peptides,"Tuna Collagen Peptides 50g, Collagen Peptides",5,Purity,>98%,1,1
simple,AV-COL-038,Swordfish Collagen Peptides 30g,1,0,visible,"Swordfish Collagen Peptides 30g is a research-grade collagen peptides peptide renowned for bone density and structural integrity. Available online across Australia, this peptide is supplied at ≥98% purity for reliable results.","<h3>Swordfish Collagen Peptides 30g – High Purity Collagen Peptides Peptide</h3>
<p><strong>Swordfish Collagen Peptides 30g</strong> delivers specific molecular weight collagen chains that accumulate in target tissues to support structural repair. This compound is widely utilised in nutricosmetic and skin health science, with growing interest from preclinical and translational research communities worldwide.</p>

<p>Investigational protocols for connective tissue support typically employ 10 g daily dissolved in water or beverage. Researchers are advised to follow institutional guidelines and conduct thorough literature review prior to experimental use.</p>

<ul>
    <li>Stimulates endogenous collagen synthesis in fibroblasts</li>
    <li>Supports bone mineral density and skeletal strength</li>
    <li>Provides essential amino acids: glycine, proline, hydroxyproline</li>
    <li>Suitable for nutricosmetic and sports nutrition research</li>
    <li>Clean-label format, unflavoured and highly soluble</li>
</ul>

<p><strong>Purity:</strong> ≥98% (HPLC verified) | <strong>Format:</strong> Lyophilised powder | <strong>Storage:</strong> Store at −20°C, protect from light and moisture. Stable for 24 months when properly stored.</p>

<p>Order Swordfish Collagen Peptides 30g online Australia with confidence from Alluvia, the trusted supplier for Australian researchers and peptide enthusiasts.</p>",taxable,,1,100,0,0,81.35,,Collagen Peptides,"Swordfish Collagen Peptides 30g, Collagen Peptides",5,Purity,>98%,1,1
simple,AV-COL-039,Freshwater Fish Collagen Peptides 50g,1,0,visible,"High-purity Freshwater Fish Collagen Peptides 50g is a benchmark collagen peptides compound in the field of gut lining support. Trusted by Australian researchers and biohackers, Freshwater Fish Collagen Peptides 50g is available online with fast local dispatch.","<h3>Freshwater Fish Collagen Peptides 50g for Collagen Peptides Research | Australia</h3>
<p><strong>Freshwater Fish Collagen Peptides 50g</strong> activates chondrocyte and tenocyte pathways to support cartilage, tendon and bone remodelling. This compound is widely utilised in sports nutrition and musculoskeletal repair research, with growing interest from preclinical and translational research communities worldwide.</p>

<p>Bioavailability studies suggest optimal absorption at 5–10 g per serving taken with vitamin C co-factors. Researchers are advised to follow institutional guidelines and conduct thorough literature review prior to experimental use.</p>

<ul>
    <li>Supports skin elasticity, hydration and dermal density</li>
    <li>Promotes joint cartilage health and mobility</li>
    <li>Enhances tendon and ligament structural integrity</li>
    <li>Bioavailable low-molecular-weight peptide fragments</li>
    <li>High purity source material with ≥98% peptide content</li>
</ul>

<p><strong>Purity:</strong> ≥98% (HPLC verified) | <strong>Format:</strong> Lyophilised powder | <strong>Storage:</strong> Store at −20°C, protect from light and moisture. Stable for 24 months when properly stored.</p>

<p>Australian researchers and biohackers trust Alluvia for premium Freshwater Fish Collagen Peptides 50g — order online today with fast, discreet delivery.</p>",taxable,,1,100,0,0,81.65,,Collagen Peptides,"Freshwater Fish Collagen Peptides 50g, Collagen Peptides",5,Purity,>98%,1,1
simple,AV-COL-040,Bovine Hide Collagen Peptides 100g,1,0,visible,"Used by researchers worldwide, Bovine Hide Collagen Peptides 100g is an advanced collagen peptides peptide for muscle and tendon recovery. Australian researchers can buy Bovine Hide Collagen Peptides 100g online with confidence, backed by ≥98% purity certification.","<h3>Premium Bovine Hide Collagen Peptides 100g | Collagen Peptides Australia</h3>
<p><strong>Bovine Hide Collagen Peptides 100g</strong> enhances dermal collagen density through targeted peptide signalling in skin fibroblasts. This compound is widely utilised in biomaterial and tissue engineering science, with growing interest from preclinical and translational research communities worldwide.</p>

<p>Clinical nutritional research commonly administers 2.5–15 g daily depending on the health outcome under study. Researchers are advised to follow institutional guidelines and conduct thorough literature review prior to experimental use.</p>

<ul>
    <li>Stimulates endogenous collagen synthesis in fibroblasts</li>
    <li>Supports bone mineral density and skeletal strength</li>
    <li>Provides essential amino acids: glycine, proline, hydroxyproline</li>
    <li>Suitable for nutricosmetic and sports nutrition research</li>
    <li>Clean-label format, unflavoured and highly soluble</li>
</ul>

<p><strong>Purity:</strong> ≥98% (HPLC verified) | <strong>Format:</strong> Lyophilised powder | <strong>Storage:</strong> Store at −20°C, protect from light and moisture. Stable for 24 months when properly stored.</p>

<p>Purchase Bovine Hide Collagen Peptides 100g from Alluvia, Australia's leading supplier of research-grade peptides — trusted by Australian researchers nationwide.</p>",taxable,,1,100,0,0,45.32,,Collagen Peptides,"Bovine Hide Collagen Peptides 100g, Collagen Peptides",5,Purity,>98%,1,1
simple,AV-COL-041,Bovine Bone Collagen Peptides 100g,1,0,visible,"Bovine Bone Collagen Peptides 100g is a high-purity collagen peptides compound offering joint health and connective tissue support. Available to buy online Australia, Bovine Bone Collagen Peptides 100g meets strict quality standards with ≥98% purity.","<h3>Bovine Bone Collagen Peptides 100g | Collagen Peptides | Research Grade Australia</h3>
<p><strong>Bovine Bone Collagen Peptides 100g</strong> supplies bioactive Pro-Hyp and Hyp-Gly dipeptides that stimulate fibroblast collagen synthesis. This compound is widely utilised in connective tissue biology and orthopaedic research, with growing interest from preclinical and translational research communities worldwide.</p>

<p>Research and nutritional studies commonly use daily supplementation doses of 5–15 g of hydrolysed collagen. Researchers are advised to follow institutional guidelines and conduct thorough literature review prior to experimental use.</p>

<ul>
    <li>Supports skin elasticity, hydration and dermal density</li>
    <li>Promotes joint cartilage health and mobility</li>
    <li>Enhances tendon and ligament structural integrity</li>
    <li>Bioavailable low-molecular-weight peptide fragments</li>
    <li>High purity source material with ≥98% peptide content</li>
</ul>

<p><strong>Purity:</strong> ≥98% (HPLC verified) | <strong>Format:</strong> Lyophilised powder | <strong>Storage:</strong> Store at −20°C, protect from light and moisture. Stable for 24 months when properly stored.</p>

<p>Alluvia provides Australian researchers with premium-grade Bovine Bone Collagen Peptides 100g — buy online Australia for fast domestic dispatch.</p>",taxable,,1,100,0,0,65.09,,Collagen Peptides,"Bovine Bone Collagen Peptides 100g, Collagen Peptides",5,Purity,>98%,1,1
simple,AV-COL-042,Porcine Skin Collagen Peptides 100g,1,0,visible,"Discover Porcine Skin Collagen Peptides 100g, a premium collagen peptides peptide designed for skin elasticity and hydration. Buy Porcine Skin Collagen Peptides 100g online Australia from a trusted supplier committed to research excellence.","<h3>Buy Porcine Skin Collagen Peptides 100g Online Australia | Collagen Peptides</h3>
<p><strong>Porcine Skin Collagen Peptides 100g</strong> provides hydrolysed collagen fragments absorbed intact to act as signalling molecules in connective tissue. This compound is widely utilised in nutricosmetic and skin health science, with growing interest from preclinical and translational research communities worldwide.</p>

<p>Investigational protocols for connective tissue support typically employ 10 g daily dissolved in water or beverage. Researchers are advised to follow institutional guidelines and conduct thorough literature review prior to experimental use.</p>

<ul>
    <li>Stimulates endogenous collagen synthesis in fibroblasts</li>
    <li>Supports bone mineral density and skeletal strength</li>
    <li>Provides essential amino acids: glycine, proline, hydroxyproline</li>
    <li>Suitable for nutricosmetic and sports nutrition research</li>
    <li>Clean-label format, unflavoured and highly soluble</li>
</ul>

<p><strong>Purity:</strong> ≥98% (HPLC verified) | <strong>Format:</strong> Lyophilised powder | <strong>Storage:</strong> Store at −20°C, protect from light and moisture. Stable for 24 months when properly stored.</p>

<p>Shop Porcine Skin Collagen Peptides 100g online at Alluvia — trusted by Australian researchers and biohackers seeking the highest purity peptides.</p>",taxable,,1,100,0,0,69.34,,Collagen Peptides,"Porcine Skin Collagen Peptides 100g, Collagen Peptides",5,Purity,>98%,1,1
simple,AV-COL-043,Multi-Source Collagen Complex (I+II+III+V+X) 30g,1,0,visible,"Multi-Source Collagen Complex (I+II+III+V+X) 30g provides researchers with a potent collagen peptides agent supporting bone density and structural integrity. Available online across Australia, this peptide is supplied at ≥98% purity for reliable results.","<h3>Multi-Source Collagen Complex (I+II+III+V+X) 30g – High Purity Collagen Peptides Peptide</h3>
<p><strong>Multi-Source Collagen Complex (I+II+III+V+X) 30g</strong> delivers specific molecular weight collagen chains that accumulate in target tissues to support structural repair. This compound is widely utilised in sports nutrition and musculoskeletal repair research, with growing interest from preclinical and translational research communities worldwide.</p>

<p>Bioavailability studies suggest optimal absorption at 5–10 g per serving taken with vitamin C co-factors. Researchers are advised to follow institutional guidelines and conduct thorough literature review prior to experimental use.</p>

<ul>
    <li>Supports skin elasticity, hydration and dermal density</li>
    <li>Promotes joint cartilage health and mobility</li>
    <li>Enhances tendon and ligament structural integrity</li>
    <li>Bioavailable low-molecular-weight peptide fragments</li>
    <li>High purity source material with ≥98% peptide content</li>
</ul>

<p><strong>Purity:</strong> ≥98% (HPLC verified) | <strong>Format:</strong> Lyophilised powder | <strong>Storage:</strong> Store at −20°C, protect from light and moisture. Stable for 24 months when properly stored.</p>

<p>Buy Multi-Source Collagen Complex (I+II+III+V+X) 30g online in Australia from Alluvia — trusted by Australian researchers and biohackers for quality and purity.</p>",taxable,,1,100,0,0,53.11,,Collagen Peptides,"Multi-Source Collagen Complex (I+II+III+V+X) 30g, Collagen Peptides",5,Purity,>98%,1,1
simple,AV-COL-044,Collagen Ceramide Complex 20g,1,0,visible,"A leading collagen peptides compound, Collagen Ceramide Complex 20g is valued for its role in gut lining support. Trusted by Australian researchers and biohackers, Collagen Ceramide Complex 20g is available online with fast local dispatch.","<h3>Collagen Ceramide Complex 20g for Collagen Peptides Research | Australia</h3>
<p><strong>Collagen Ceramide Complex 20g</strong> activates chondrocyte and tenocyte pathways to support cartilage, tendon and bone remodelling. This compound is widely utilised in biomaterial and tissue engineering science, with growing interest from preclinical and translational research communities worldwide.</p>

<p>Clinical nutritional research commonly administers 2.5–15 g daily depending on the health outcome under study. Researchers are advised to follow institutional guidelines and conduct thorough literature review prior to experimental use.</p>

<ul>
    <li>Stimulates endogenous collagen synthesis in fibroblasts</li>
    <li>Supports bone mineral density and skeletal strength</li>
    <li>Provides essential amino acids: glycine, proline, hydroxyproline</li>
    <li>Suitable for nutricosmetic and sports nutrition research</li>
    <li>Clean-label format, unflavoured and highly soluble</li>
</ul>

<p><strong>Purity:</strong> ≥98% (HPLC verified) | <strong>Format:</strong> Lyophilised powder | <strong>Storage:</strong> Store at −20°C, protect from light and moisture. Stable for 24 months when properly stored.</p>

<p>Order Collagen Ceramide Complex 20g online Australia with confidence from Alluvia, the trusted supplier for Australian researchers and peptide enthusiasts.</p>",taxable,,1,100,0,0,87.73,,Collagen Peptides,"Collagen Ceramide Complex 20g, Collagen Peptides",5,Purity,>98%,1,1
simple,AV-COL-045,Collagen + CoQ10 Complex 20g,1,0,visible,"Collagen + CoQ10 Complex 20g stands out among collagen peptides products for its proven role in muscle and tendon recovery. Australian researchers can buy Collagen + CoQ10 Complex 20g online with confidence, backed by ≥98% purity certification.","<h3>Premium Collagen + CoQ10 Complex 20g | Collagen Peptides Australia</h3>
<p><strong>Collagen + CoQ10 Complex 20g</strong> enhances dermal collagen density through targeted peptide signalling in skin fibroblasts. This compound is widely utilised in connective tissue biology and orthopaedic research, with growing interest from preclinical and translational research communities worldwide.</p>

<p>Research and nutritional studies commonly use daily supplementation doses of 5–15 g of hydrolysed collagen. Researchers are advised to follow institutional guidelines and conduct thorough literature review prior to experimental use.</p>

<ul>
    <li>Supports skin elasticity, hydration and dermal density</li>
    <li>Promotes joint cartilage health and mobility</li>
    <li>Enhances tendon and ligament structural integrity</li>
    <li>Bioavailable low-molecular-weight peptide fragments</li>
    <li>High purity source material with ≥98% peptide content</li>
</ul>

<p><strong>Purity:</strong> ≥98% (HPLC verified) | <strong>Format:</strong> Lyophilised powder | <strong>Storage:</strong> Store at −20°C, protect from light and moisture. Stable for 24 months when properly stored.</p>

<p>Australian researchers and biohackers trust Alluvia for premium Collagen + CoQ10 Complex 20g — order online today with fast, discreet delivery.</p>",taxable,,1,100,0,0,62.12,,Collagen Peptides,"Collagen + CoQ10 Complex 20g, Collagen Peptides",5,Purity,>98%,1,1
simple,AV-COL-046,Collagen + Resveratrol Complex 20g,1,0,visible,"Sourced to rigorous standards, Collagen + Resveratrol Complex 20g is a trusted collagen peptides peptide for joint health and connective tissue support. Available to buy online Australia, Collagen + Resveratrol Complex 20g meets strict quality standards with ≥98% purity.","<h3>Collagen + Resveratrol Complex 20g | Collagen Peptides | Research Grade Australia</h3>
<p><strong>Collagen + Resveratrol Complex 20g</strong> supplies bioactive Pro-Hyp and Hyp-Gly dipeptides that stimulate fibroblast collagen synthesis. This compound is widely utilised in nutricosmetic and skin health science, with growing interest from preclinical and translational research communities worldwide.</p>

<p>Investigational protocols for connective tissue support typically employ 10 g daily dissolved in water or beverage. Researchers are advised to follow institutional guidelines and conduct thorough literature review prior to experimental use.</p>

<ul>
    <li>Stimulates endogenous collagen synthesis in fibroblasts</li>
    <li>Supports bone mineral density and skeletal strength</li>
    <li>Provides essential amino acids: glycine, proline, hydroxyproline</li>
    <li>Suitable for nutricosmetic and sports nutrition research</li>
    <li>Clean-label format, unflavoured and highly soluble</li>
</ul>

<p><strong>Purity:</strong> ≥98% (HPLC verified) | <strong>Format:</strong> Lyophilised powder | <strong>Storage:</strong> Store at −20°C, protect from light and moisture. Stable for 24 months when properly stored.</p>

<p>Purchase Collagen + Resveratrol Complex 20g from Alluvia, Australia's leading supplier of research-grade peptides — trusted by Australian researchers nationwide.</p>",taxable,,1,100,0,0,50.07,,Collagen Peptides,"Collagen + Resveratrol Complex 20g, Collagen Peptides",5,Purity,>98%,1,1
simple,AV-COL-047,Collagen + Astaxanthin Complex 20g,1,0,visible,"For those seeking quality collagen peptides solutions, Collagen + Astaxanthin Complex 20g delivers outstanding skin elasticity and hydration. Buy Collagen + Astaxanthin Complex 20g online Australia from a trusted supplier committed to research excellence.","<h3>Buy Collagen + Astaxanthin Complex 20g Online Australia | Collagen Peptides</h3>
<p><strong>Collagen + Astaxanthin Complex 20g</strong> provides hydrolysed collagen fragments absorbed intact to act as signalling molecules in connective tissue. This compound is widely utilised in sports nutrition and musculoskeletal repair research, with growing interest from preclinical and translational research communities worldwide.</p>

<p>Bioavailability studies suggest optimal absorption at 5–10 g per serving taken with vitamin C co-factors. Researchers are advised to follow institutional guidelines and conduct thorough literature review prior to experimental use.</p>

<ul>
    <li>Supports skin elasticity, hydration and dermal density</li>
    <li>Promotes joint cartilage health and mobility</li>
    <li>Enhances tendon and ligament structural integrity</li>
    <li>Bioavailable low-molecular-weight peptide fragments</li>
    <li>High purity source material with ≥98% peptide content</li>
</ul>

<p><strong>Purity:</strong> ≥98% (HPLC verified) | <strong>Format:</strong> Lyophilised powder | <strong>Storage:</strong> Store at −20°C, protect from light and moisture. Stable for 24 months when properly stored.</p>

<p>Alluvia provides Australian researchers with premium-grade Collagen + Astaxanthin Complex 20g — buy online Australia for fast domestic dispatch.</p>",taxable,,1,100,0,0,68.74,,Collagen Peptides,"Collagen + Astaxanthin Complex 20g, Collagen Peptides",5,Purity,>98%,1,1
simple,AV-COL-048,Collagen Hydrolysate (15000 Da) 100g,1,0,visible,"Collagen Hydrolysate (15000 Da) 100g is a research-grade collagen peptides peptide renowned for bone density and structural integrity. Available online across Australia, this peptide is supplied at ≥98% purity for reliable results.","<h3>Collagen Hydrolysate (15000 Da) 100g – High Purity Collagen Peptides Peptide</h3>
<p><strong>Collagen Hydrolysate (15000 Da) 100g</strong> delivers specific molecular weight collagen chains that accumulate in target tissues to support structural repair. This compound is widely utilised in biomaterial and tissue engineering science, with growing interest from preclinical and translational research communities worldwide.</p>

<p>Clinical nutritional research commonly administers 2.5–15 g daily depending on the health outcome under study. Researchers are advised to follow institutional guidelines and conduct thorough literature review prior to experimental use.</p>

<ul>
    <li>Stimulates endogenous collagen synthesis in fibroblasts</li>
    <li>Supports bone mineral density and skeletal strength</li>
    <li>Provides essential amino acids: glycine, proline, hydroxyproline</li>
    <li>Suitable for nutricosmetic and sports nutrition research</li>
    <li>Clean-label format, unflavoured and highly soluble</li>
</ul>

<p><strong>Purity:</strong> ≥98% (HPLC verified) | <strong>Format:</strong> Lyophilised powder | <strong>Storage:</strong> Store at −20°C, protect from light and moisture. Stable for 24 months when properly stored.</p>

<p>Shop Collagen Hydrolysate (15000 Da) 100g online at Alluvia — trusted by Australian researchers and biohackers seeking the highest purity peptides.</p>",taxable,,1,100,0,0,79.61,,Collagen Peptides,"Collagen Hydrolysate (15000 Da) 100g, Collagen Peptides",5,Purity,>98%,1,1
simple,AV-COL-049,Recombinant Human Collagen Type I 1mg,1,0,visible,"High-purity Recombinant Human Collagen Type I 1mg is a benchmark collagen peptides compound in the field of gut lining support. Trusted by Australian researchers and biohackers, Recombinant Human Collagen Type I 1mg is available online with fast local dispatch.","<h3>Recombinant Human Collagen Type I 1mg for Collagen Peptides Research | Australia</h3>
<p><strong>Recombinant Human Collagen Type I 1mg</strong> activates chondrocyte and tenocyte pathways to support cartilage, tendon and bone remodelling. This compound is widely utilised in connective tissue biology and orthopaedic research, with growing interest from preclinical and translational research communities worldwide.</p>

<p>Research and nutritional studies commonly use daily supplementation doses of 5–15 g of hydrolysed collagen. Researchers are advised to follow institutional guidelines and conduct thorough literature review prior to experimental use.</p>

<ul>
    <li>Supports skin elasticity, hydration and dermal density</li>
    <li>Promotes joint cartilage health and mobility</li>
    <li>Enhances tendon and ligament structural integrity</li>
    <li>Bioavailable low-molecular-weight peptide fragments</li>
    <li>High purity source material with ≥98% peptide content</li>
</ul>

<p><strong>Purity:</strong> ≥98% (HPLC verified) | <strong>Format:</strong> Lyophilised powder | <strong>Storage:</strong> Store at −20°C, protect from light and moisture. Stable for 24 months when properly stored.</p>

<p>Buy Recombinant Human Collagen Type I 1mg online in Australia from Alluvia — trusted by Australian researchers and biohackers for quality and purity.</p>",taxable,,1,100,0,0,49.47,,Collagen Peptides,"Recombinant Human Collagen Type I 1mg, Collagen Peptides",5,Purity,>98%,1,1
simple,AV-COL-050,Recombinant Human Collagen Type III 1mg,1,0,visible,"Used by researchers worldwide, Recombinant Human Collagen Type III 1mg is an advanced collagen peptides peptide for muscle and tendon recovery. Australian researchers can buy Recombinant Human Collagen Type III 1mg online with confidence, backed by ≥98% purity certification.","<h3>Premium Recombinant Human Collagen Type III 1mg | Collagen Peptides Australia</h3>
<p><strong>Recombinant Human Collagen Type III 1mg</strong> enhances dermal collagen density through targeted peptide signalling in skin fibroblasts. This compound is widely utilised in nutricosmetic and skin health science, with growing interest from preclinical and translational research communities worldwide.</p>

<p>Investigational protocols for connective tissue support typically employ 10 g daily dissolved in water or beverage. Researchers are advised to follow institutional guidelines and conduct thorough literature review prior to experimental use.</p>

<ul>
    <li>Stimulates endogenous collagen synthesis in fibroblasts</li>
    <li>Supports bone mineral density and skeletal strength</li>
    <li>Provides essential amino acids: glycine, proline, hydroxyproline</li>
    <li>Suitable for nutricosmetic and sports nutrition research</li>
    <li>Clean-label format, unflavoured and highly soluble</li>
</ul>

<p><strong>Purity:</strong> ≥98% (HPLC verified) | <strong>Format:</strong> Lyophilised powder | <strong>Storage:</strong> Store at −20°C, protect from light and moisture. Stable for 24 months when properly stored.</p>

<p>Order Recombinant Human Collagen Type III 1mg online Australia with confidence from Alluvia, the trusted supplier for Australian researchers and peptide enthusiasts.</p>",taxable,,1,100,0,0,55.77,,Collagen Peptides,"Recombinant Human Collagen Type III 1mg, Collagen Peptides",5,Purity,>98%,1,1
simple,AV-SPT-001,BPC-157 5mg,1,0,visible,"BPC-157 5mg is a high-purity sports & recovery compound offering muscle repair and athletic performance. Available to buy online Australia, BPC-157 5mg meets strict quality standards with ≥98% purity.","<h3>BPC-157 5mg | Sports & Recovery | Research Grade Australia</h3>
<p><strong>BPC-157 5mg</strong> promotes anabolic signalling via the GH/IGF-1 axis, supporting muscle protein synthesis and repair. This compound is widely utilised in exercise physiology and muscle biology research, with growing interest from preclinical and translational research communities worldwide.</p>

<p>Typical research reconstitution yields a 1 mg/mL solution in bacteriostatic water for experimental use. Researchers are advised to follow institutional guidelines and conduct thorough literature review prior to experimental use.</p>

<ul>
    <li>Accelerates muscle repair and reduces recovery time</li>
    <li>Stimulates GH/IGF-1 axis for anabolic support</li>
    <li>Promotes tendon, ligament and connective tissue healing</li>
    <li>Supports lean body composition and athletic endurance</li>
    <li>High purity ≥98% for accurate preclinical research</li>
</ul>

<p><strong>Purity:</strong> ≥98% (HPLC verified) | <strong>Format:</strong> Lyophilised powder | <strong>Storage:</strong> Store at −20°C, protect from light and moisture. Stable for 24 months when properly stored.</p>

<p>Buy BPC-157 5mg online in Australia from Alluvia — trusted by Australian researchers and biohackers for quality and purity.</p>",taxable,,1,100,0,0,174.42,,Sports & Recovery,"BPC-157 5mg, Sports & Recovery",5,Purity,>98%,1,1
simple,AV-SPT-002,TB-500 5mg,1,0,visible,"Discover TB-500 5mg, a premium sports & recovery peptide designed for growth hormone release and recovery. Buy TB-500 5mg online Australia from a trusted supplier committed to research excellence.","<h3>Buy TB-500 5mg Online Australia | Sports & Recovery</h3>
<p><strong>TB-500 5mg</strong> accelerates tissue regeneration by modulating growth factor release and inflammatory resolution. This compound is widely utilised in sports medicine and recovery science, with growing interest from preclinical and translational research communities worldwide.</p>

<p>In preclinical recovery models, doses of 200–500 mcg per session are commonly employed. Researchers are advised to follow institutional guidelines and conduct thorough literature review prior to experimental use.</p>

<ul>
    <li>Enhances mitochondrial biogenesis and cellular energy</li>
    <li>Modulates inflammation to support post-exercise recovery</li>
    <li>Promotes growth factor release in muscle and connective tissue</li>
    <li>Supports nitrogen retention and protein synthesis research</li>
    <li>Lyophilised and stable for reliable experimental results</li>
</ul>

<p><strong>Purity:</strong> ≥98% (HPLC verified) | <strong>Format:</strong> Lyophilised powder | <strong>Storage:</strong> Store at −20°C, protect from light and moisture. Stable for 24 months when properly stored.</p>

<p>Order TB-500 5mg online Australia with confidence from Alluvia, the trusted supplier for Australian researchers and peptide enthusiasts.</p>",taxable,,1,100,0,0,132.99,,Sports & Recovery,"TB-500 5mg, Sports & Recovery",5,Purity,>98%,1,1
simple,AV-SPT-003,IGF-1 LR3 1mg,1,0,visible,"IGF-1 LR3 1mg provides researchers with a potent sports & recovery agent supporting injury healing and endurance. Available online across Australia, this peptide is supplied at ≥98% purity for reliable results.","<h3>IGF-1 LR3 1mg – High Purity Sports & Recovery Peptide</h3>
<p><strong>IGF-1 LR3 1mg</strong> binds to actin-associated proteins to stabilise cellular architecture during recovery. This compound is widely utilised in anabolic signalling and body composition research, with growing interest from preclinical and translational research communities worldwide.</p>

<p>Research protocols for muscle biology typically administer peptide solutions of 1–2 mg/mL concentration. Researchers are advised to follow institutional guidelines and conduct thorough literature review prior to experimental use.</p>

<ul>
    <li>Accelerates muscle repair and reduces recovery time</li>
    <li>Stimulates GH/IGF-1 axis for anabolic support</li>
    <li>Promotes tendon, ligament and connective tissue healing</li>
    <li>Supports lean body composition and athletic endurance</li>
    <li>High purity ≥98% for accurate preclinical research</li>
</ul>

<p><strong>Purity:</strong> ≥98% (HPLC verified) | <strong>Format:</strong> Lyophilised powder | <strong>Storage:</strong> Store at −20°C, protect from light and moisture. Stable for 24 months when properly stored.</p>

<p>Australian researchers and biohackers trust Alluvia for premium IGF-1 LR3 1mg — order online today with fast, discreet delivery.</p>",taxable,,1,100,0,0,107.57,,Sports & Recovery,"IGF-1 LR3 1mg, Sports & Recovery",5,Purity,>98%,1,1
simple,AV-SPT-004,MGF (PEG-MGF) 2mg,1,0,visible,"A leading sports & recovery compound, MGF (PEG-MGF) 2mg is valued for its role in lean muscle development. Trusted by Australian researchers and biohackers, MGF (PEG-MGF) 2mg is available online with fast local dispatch.","<h3>MGF (PEG-MGF) 2mg for Sports & Recovery Research | Australia</h3>
<p><strong>MGF (PEG-MGF) 2mg</strong> stimulates ghrelin receptors to enhance GH pulsatility and lean body mass accrual. This compound is widely utilised in athletic performance and endurance physiology, with growing interest from preclinical and translational research communities worldwide.</p>

<p>Standard investigational use involves reconstitution to 500 mcg/mL and storage at 4°C until use. Researchers are advised to follow institutional guidelines and conduct thorough literature review prior to experimental use.</p>

<ul>
    <li>Enhances mitochondrial biogenesis and cellular energy</li>
    <li>Modulates inflammation to support post-exercise recovery</li>
    <li>Promotes growth factor release in muscle and connective tissue</li>
    <li>Supports nitrogen retention and protein synthesis research</li>
    <li>Lyophilised and stable for reliable experimental results</li>
</ul>

<p><strong>Purity:</strong> ≥98% (HPLC verified) | <strong>Format:</strong> Lyophilised powder | <strong>Storage:</strong> Store at −20°C, protect from light and moisture. Stable for 24 months when properly stored.</p>

<p>Purchase MGF (PEG-MGF) 2mg from Alluvia, Australia's leading supplier of research-grade peptides — trusted by Australian researchers nationwide.</p>",taxable,,1,100,0,0,117.11,,Sports & Recovery,"MGF (PEG-MGF) 2mg, Sports & Recovery",5,Purity,>98%,1,1
simple,AV-SPT-005,CJC-1295 DAC 2mg,1,0,visible,"CJC-1295 DAC 2mg stands out among sports & recovery products for its proven role in tissue regeneration post-exercise. Australian researchers can buy CJC-1295 DAC 2mg online with confidence, backed by ≥98% purity certification.","<h3>Premium CJC-1295 DAC 2mg | Sports & Recovery Australia</h3>
<p><strong>CJC-1295 DAC 2mg</strong> activates AMPK pathways to improve mitochondrial biogenesis and exercise capacity. This compound is widely utilised in exercise physiology and muscle biology research, with growing interest from preclinical and translational research communities worldwide.</p>

<p>Typical research reconstitution yields a 1 mg/mL solution in bacteriostatic water for experimental use. Researchers are advised to follow institutional guidelines and conduct thorough literature review prior to experimental use.</p>

<ul>
    <li>Accelerates muscle repair and reduces recovery time</li>
    <li>Stimulates GH/IGF-1 axis for anabolic support</li>
    <li>Promotes tendon, ligament and connective tissue healing</li>
    <li>Supports lean body composition and athletic endurance</li>
    <li>High purity ≥98% for accurate preclinical research</li>
</ul>

<p><strong>Purity:</strong> ≥98% (HPLC verified) | <strong>Format:</strong> Lyophilised powder | <strong>Storage:</strong> Store at −20°C, protect from light and moisture. Stable for 24 months when properly stored.</p>

<p>Alluvia provides Australian researchers with premium-grade CJC-1295 DAC 2mg — buy online Australia for fast domestic dispatch.</p>",taxable,,1,100,0,0,69.52,,Sports & Recovery,"CJC-1295 DAC 2mg, Sports & Recovery",5,Purity,>98%,1,1
simple,AV-SPT-006,Ipamorelin 5mg,1,0,visible,"Sourced to rigorous standards, Ipamorelin 5mg is a trusted sports & recovery peptide for muscle repair and athletic performance. Available to buy online Australia, Ipamorelin 5mg meets strict quality standards with ≥98% purity.","<h3>Ipamorelin 5mg | Sports & Recovery | Research Grade Australia</h3>
<p><strong>Ipamorelin 5mg</strong> promotes anabolic signalling via the GH/IGF-1 axis, supporting muscle protein synthesis and repair. This compound is widely utilised in sports medicine and recovery science, with growing interest from preclinical and translational research communities worldwide.</p>

<p>In preclinical recovery models, doses of 200–500 mcg per session are commonly employed. Researchers are advised to follow institutional guidelines and conduct thorough literature review prior to experimental use.</p>

<ul>
    <li>Enhances mitochondrial biogenesis and cellular energy</li>
    <li>Modulates inflammation to support post-exercise recovery</li>
    <li>Promotes growth factor release in muscle and connective tissue</li>
    <li>Supports nitrogen retention and protein synthesis research</li>
    <li>Lyophilised and stable for reliable experimental results</li>
</ul>

<p><strong>Purity:</strong> ≥98% (HPLC verified) | <strong>Format:</strong> Lyophilised powder | <strong>Storage:</strong> Store at −20°C, protect from light and moisture. Stable for 24 months when properly stored.</p>

<p>Shop Ipamorelin 5mg online at Alluvia — trusted by Australian researchers and biohackers seeking the highest purity peptides.</p>",taxable,,1,100,0,0,81.96,,Sports & Recovery,"Ipamorelin 5mg, Sports & Recovery",5,Purity,>98%,1,1
simple,AV-SPT-007,GHRP-2 5mg,1,0,visible,"For those seeking quality sports & recovery solutions, GHRP-2 5mg delivers outstanding growth hormone release and recovery. Buy GHRP-2 5mg online Australia from a trusted supplier committed to research excellence.","<h3>Buy GHRP-2 5mg Online Australia | Sports & Recovery</h3>
<p><strong>GHRP-2 5mg</strong> accelerates tissue regeneration by modulating growth factor release and inflammatory resolution. This compound is widely utilised in anabolic signalling and body composition research, with growing interest from preclinical and translational research communities worldwide.</p>

<p>Research protocols for muscle biology typically administer peptide solutions of 1–2 mg/mL concentration. Researchers are advised to follow institutional guidelines and conduct thorough literature review prior to experimental use.</p>

<ul>
    <li>Accelerates muscle repair and reduces recovery time</li>
    <li>Stimulates GH/IGF-1 axis for anabolic support</li>
    <li>Promotes tendon, ligament and connective tissue healing</li>
    <li>Supports lean body composition and athletic endurance</li>
    <li>High purity ≥98% for accurate preclinical research</li>
</ul>

<p><strong>Purity:</strong> ≥98% (HPLC verified) | <strong>Format:</strong> Lyophilised powder | <strong>Storage:</strong> Store at −20°C, protect from light and moisture. Stable for 24 months when properly stored.</p>

<p>Buy GHRP-2 5mg online in Australia from Alluvia — trusted by Australian researchers and biohackers for quality and purity.</p>",taxable,,1,100,0,0,95.57,,Sports & Recovery,"GHRP-2 5mg, Sports & Recovery",5,Purity,>98%,1,1
simple,AV-SPT-008,GHRP-6 5mg,1,0,visible,"GHRP-6 5mg is a research-grade sports & recovery peptide renowned for injury healing and endurance. Available online across Australia, this peptide is supplied at ≥98% purity for reliable results.","<h3>GHRP-6 5mg – High Purity Sports & Recovery Peptide</h3>
<p><strong>GHRP-6 5mg</strong> binds to actin-associated proteins to stabilise cellular architecture during recovery. This compound is widely utilised in athletic performance and endurance physiology, with growing interest from preclinical and translational research communities worldwide.</p>

<p>Standard investigational use involves reconstitution to 500 mcg/mL and storage at 4°C until use. Researchers are advised to follow institutional guidelines and conduct thorough literature review prior to experimental use.</p>

<ul>
    <li>Enhances mitochondrial biogenesis and cellular energy</li>
    <li>Modulates inflammation to support post-exercise recovery</li>
    <li>Promotes growth factor release in muscle and connective tissue</li>
    <li>Supports nitrogen retention and protein synthesis research</li>
    <li>Lyophilised and stable for reliable experimental results</li>
</ul>

<p><strong>Purity:</strong> ≥98% (HPLC verified) | <strong>Format:</strong> Lyophilised powder | <strong>Storage:</strong> Store at −20°C, protect from light and moisture. Stable for 24 months when properly stored.</p>

<p>Order GHRP-6 5mg online Australia with confidence from Alluvia, the trusted supplier for Australian researchers and peptide enthusiasts.</p>",taxable,,1,100,0,0,125.6,,Sports & Recovery,"GHRP-6 5mg, Sports & Recovery",5,Purity,>98%,1,1
simple,AV-SPT-009,Hexarelin 2mg,1,0,visible,"High-purity Hexarelin 2mg is a benchmark sports & recovery compound in the field of lean muscle development. Trusted by Australian researchers and biohackers, Hexarelin 2mg is available online with fast local dispatch.","<h3>Hexarelin 2mg for Sports & Recovery Research | Australia</h3>
<p><strong>Hexarelin 2mg</strong> stimulates ghrelin receptors to enhance GH pulsatility and lean body mass accrual. This compound is widely utilised in exercise physiology and muscle biology research, with growing interest from preclinical and translational research communities worldwide.</p>

<p>Typical research reconstitution yields a 1 mg/mL solution in bacteriostatic water for experimental use. Researchers are advised to follow institutional guidelines and conduct thorough literature review prior to experimental use.</p>

<ul>
    <li>Accelerates muscle repair and reduces recovery time</li>
    <li>Stimulates GH/IGF-1 axis for anabolic support</li>
    <li>Promotes tendon, ligament and connective tissue healing</li>
    <li>Supports lean body composition and athletic endurance</li>
    <li>High purity ≥98% for accurate preclinical research</li>
</ul>

<p><strong>Purity:</strong> ≥98% (HPLC verified) | <strong>Format:</strong> Lyophilised powder | <strong>Storage:</strong> Store at −20°C, protect from light and moisture. Stable for 24 months when properly stored.</p>

<p>Australian researchers and biohackers trust Alluvia for premium Hexarelin 2mg — order online today with fast, discreet delivery.</p>",taxable,,1,100,0,0,82.61,,Sports & Recovery,"Hexarelin 2mg, Sports & Recovery",5,Purity,>98%,1,1
simple,AV-SPT-010,Sermorelin 5mg,1,0,visible,"Used by researchers worldwide, Sermorelin 5mg is an advanced sports & recovery peptide for tissue regeneration post-exercise. Australian researchers can buy Sermorelin 5mg online with confidence, backed by ≥98% purity certification.","<h3>Premium Sermorelin 5mg | Sports & Recovery Australia</h3>
<p><strong>Sermorelin 5mg</strong> activates AMPK pathways to improve mitochondrial biogenesis and exercise capacity. This compound is widely utilised in sports medicine and recovery science, with growing interest from preclinical and translational research communities worldwide.</p>

<p>In preclinical recovery models, doses of 200–500 mcg per session are commonly employed. Researchers are advised to follow institutional guidelines and conduct thorough literature review prior to experimental use.</p>

<ul>
    <li>Enhances mitochondrial biogenesis and cellular energy</li>
    <li>Modulates inflammation to support post-exercise recovery</li>
    <li>Promotes growth factor release in muscle and connective tissue</li>
    <li>Supports nitrogen retention and protein synthesis research</li>
    <li>Lyophilised and stable for reliable experimental results</li>
</ul>

<p><strong>Purity:</strong> ≥98% (HPLC verified) | <strong>Format:</strong> Lyophilised powder | <strong>Storage:</strong> Store at −20°C, protect from light and moisture. Stable for 24 months when properly stored.</p>

<p>Purchase Sermorelin 5mg from Alluvia, Australia's leading supplier of research-grade peptides — trusted by Australian researchers nationwide.</p>",taxable,,1,100,0,0,81.43,,Sports & Recovery,"Sermorelin 5mg, Sports & Recovery",5,Purity,>98%,1,1
simple,AV-SPT-011,Follistatin 344 1mg,1,0,visible,"Follistatin 344 1mg is a high-purity sports & recovery compound offering muscle repair and athletic performance. Available to buy online Australia, Follistatin 344 1mg meets strict quality standards with ≥98% purity.","<h3>Follistatin 344 1mg | Sports & Recovery | Research Grade Australia</h3>
<p><strong>Follistatin 344 1mg</strong> promotes anabolic signalling via the GH/IGF-1 axis, supporting muscle protein synthesis and repair. This compound is widely utilised in anabolic signalling and body composition research, with growing interest from preclinical and translational research communities worldwide.</p>

<p>Research protocols for muscle biology typically administer peptide solutions of 1–2 mg/mL concentration. Researchers are advised to follow institutional guidelines and conduct thorough literature review prior to experimental use.</p>

<ul>
    <li>Accelerates muscle repair and reduces recovery time</li>
    <li>Stimulates GH/IGF-1 axis for anabolic support</li>
    <li>Promotes tendon, ligament and connective tissue healing</li>
    <li>Supports lean body composition and athletic endurance</li>
    <li>High purity ≥98% for accurate preclinical research</li>
</ul>

<p><strong>Purity:</strong> ≥98% (HPLC verified) | <strong>Format:</strong> Lyophilised powder | <strong>Storage:</strong> Store at −20°C, protect from light and moisture. Stable for 24 months when properly stored.</p>

<p>Alluvia provides Australian researchers with premium-grade Follistatin 344 1mg — buy online Australia for fast domestic dispatch.</p>",taxable,,1,100,0,0,63.52,,Sports & Recovery,"Follistatin 344 1mg, Sports & Recovery",5,Purity,>98%,1,1
simple,AV-SPT-012,Follistatin 315 1mg,1,0,visible,"Discover Follistatin 315 1mg, a premium sports & recovery peptide designed for growth hormone release and recovery. Buy Follistatin 315 1mg online Australia from a trusted supplier committed to research excellence.","<h3>Buy Follistatin 315 1mg Online Australia | Sports & Recovery</h3>
<p><strong>Follistatin 315 1mg</strong> accelerates tissue regeneration by modulating growth factor release and inflammatory resolution. This compound is widely utilised in athletic performance and endurance physiology, with growing interest from preclinical and translational research communities worldwide.</p>

<p>Standard investigational use involves reconstitution to 500 mcg/mL and storage at 4°C until use. Researchers are advised to follow institutional guidelines and conduct thorough literature review prior to experimental use.</p>

<ul>
    <li>Enhances mitochondrial biogenesis and cellular energy</li>
    <li>Modulates inflammation to support post-exercise recovery</li>
    <li>Promotes growth factor release in muscle and connective tissue</li>
    <li>Supports nitrogen retention and protein synthesis research</li>
    <li>Lyophilised and stable for reliable experimental results</li>
</ul>

<p><strong>Purity:</strong> ≥98% (HPLC verified) | <strong>Format:</strong> Lyophilised powder | <strong>Storage:</strong> Store at −20°C, protect from light and moisture. Stable for 24 months when properly stored.</p>

<p>Shop Follistatin 315 1mg online at Alluvia — trusted by Australian researchers and biohackers seeking the highest purity peptides.</p>",taxable,,1,100,0,0,130.73,,Sports & Recovery,"Follistatin 315 1mg, Sports & Recovery",5,Purity,>98%,1,1
simple,AV-SPT-013,Myostatin Inhibitor Peptide 2mg,1,0,visible,"Myostatin Inhibitor Peptide 2mg provides researchers with a potent sports & recovery agent supporting injury healing and endurance. Available online across Australia, this peptide is supplied at ≥98% purity for reliable results.","<h3>Myostatin Inhibitor Peptide 2mg – High Purity Sports & Recovery Peptide</h3>
<p><strong>Myostatin Inhibitor Peptide 2mg</strong> binds to actin-associated proteins to stabilise cellular architecture during recovery. This compound is widely utilised in exercise physiology and muscle biology research, with growing interest from preclinical and translational research communities worldwide.</p>

<p>Typical research reconstitution yields a 1 mg/mL solution in bacteriostatic water for experimental use. Researchers are advised to follow institutional guidelines and conduct thorough literature review prior to experimental use.</p>

<ul>
    <li>Accelerates muscle repair and reduces recovery time</li>
    <li>Stimulates GH/IGF-1 axis for anabolic support</li>
    <li>Promotes tendon, ligament and connective tissue healing</li>
    <li>Supports lean body composition and athletic endurance</li>
    <li>High purity ≥98% for accurate preclinical research</li>
</ul>

<p><strong>Purity:</strong> ≥98% (HPLC verified) | <strong>Format:</strong> Lyophilised powder | <strong>Storage:</strong> Store at −20°C, protect from light and moisture. Stable for 24 months when properly stored.</p>

<p>Buy Myostatin Inhibitor Peptide 2mg online in Australia from Alluvia — trusted by Australian researchers and biohackers for quality and purity.</p>",taxable,,1,100,0,0,82.47,,Sports & Recovery,"Myostatin Inhibitor Peptide 2mg, Sports & Recovery",5,Purity,>98%,1,1
simple,AV-SPT-014,ACE-031 1mg,1,0,visible,"A leading sports & recovery compound, ACE-031 1mg is valued for its role in lean muscle development. Trusted by Australian researchers and biohackers, ACE-031 1mg is available online with fast local dispatch.","<h3>ACE-031 1mg for Sports & Recovery Research | Australia</h3>
<p><strong>ACE-031 1mg</strong> stimulates ghrelin receptors to enhance GH pulsatility and lean body mass accrual. This compound is widely utilised in sports medicine and recovery science, with growing interest from preclinical and translational research communities worldwide.</p>

<p>In preclinical recovery models, doses of 200–500 mcg per session are commonly employed. Researchers are advised to follow institutional guidelines and conduct thorough literature review prior to experimental use.</p>

<ul>
    <li>Enhances mitochondrial biogenesis and cellular energy</li>
    <li>Modulates inflammation to support post-exercise recovery</li>
    <li>Promotes growth factor release in muscle and connective tissue</li>
    <li>Supports nitrogen retention and protein synthesis research</li>
    <li>Lyophilised and stable for reliable experimental results</li>
</ul>

<p><strong>Purity:</strong> ≥98% (HPLC verified) | <strong>Format:</strong> Lyophilised powder | <strong>Storage:</strong> Store at −20°C, protect from light and moisture. Stable for 24 months when properly stored.</p>

<p>Order ACE-031 1mg online Australia with confidence from Alluvia, the trusted supplier for Australian researchers and peptide enthusiasts.</p>",taxable,,1,100,0,0,163.65,,Sports & Recovery,"ACE-031 1mg, Sports & Recovery",5,Purity,>98%,1,1
simple,AV-SPT-015,AICAR 50mg,1,0,visible,"AICAR 50mg stands out among sports & recovery products for its proven role in tissue regeneration post-exercise. Australian researchers can buy AICAR 50mg online with confidence, backed by ≥98% purity certification.","<h3>Premium AICAR 50mg | Sports & Recovery Australia</h3>
<p><strong>AICAR 50mg</strong> activates AMPK pathways to improve mitochondrial biogenesis and exercise capacity. This compound is widely utilised in anabolic signalling and body composition research, with growing interest from preclinical and translational research communities worldwide.</p>

<p>Research protocols for muscle biology typically administer peptide solutions of 1–2 mg/mL concentration. Researchers are advised to follow institutional guidelines and conduct thorough literature review prior to experimental use.</p>

<ul>
    <li>Accelerates muscle repair and reduces recovery time</li>
    <li>Stimulates GH/IGF-1 axis for anabolic support</li>
    <li>Promotes tendon, ligament and connective tissue healing</li>
    <li>Supports lean body composition and athletic endurance</li>
    <li>High purity ≥98% for accurate preclinical research</li>
</ul>

<p><strong>Purity:</strong> ≥98% (HPLC verified) | <strong>Format:</strong> Lyophilised powder | <strong>Storage:</strong> Store at −20°C, protect from light and moisture. Stable for 24 months when properly stored.</p>

<p>Australian researchers and biohackers trust Alluvia for premium AICAR 50mg — order online today with fast, discreet delivery.</p>",taxable,,1,100,0,0,158.16,,Sports & Recovery,"AICAR 50mg, Sports & Recovery",5,Purity,>98%,1,1
simple,AV-SPT-016,SR9009 10mg (research),1,0,visible,"Sourced to rigorous standards, SR9009 10mg (research) is a trusted sports & recovery peptide for muscle repair and athletic performance. Available to buy online Australia, SR9009 10mg (research) meets strict quality standards with ≥98% purity.","<h3>SR9009 10mg (research) | Sports & Recovery | Research Grade Australia</h3>
<p><strong>SR9009 10mg (research)</strong> promotes anabolic signalling via the GH/IGF-1 axis, supporting muscle protein synthesis and repair. This compound is widely utilised in athletic performance and endurance physiology, with growing interest from preclinical and translational research communities worldwide.</p>

<p>Standard investigational use involves reconstitution to 500 mcg/mL and storage at 4°C until use. Researchers are advised to follow institutional guidelines and conduct thorough literature review prior to experimental use.</p>

<ul>
    <li>Enhances mitochondrial biogenesis and cellular energy</li>
    <li>Modulates inflammation to support post-exercise recovery</li>
    <li>Promotes growth factor release in muscle and connective tissue</li>
    <li>Supports nitrogen retention and protein synthesis research</li>
    <li>Lyophilised and stable for reliable experimental results</li>
</ul>

<p><strong>Purity:</strong> ≥98% (HPLC verified) | <strong>Format:</strong> Lyophilised powder | <strong>Storage:</strong> Store at −20°C, protect from light and moisture. Stable for 24 months when properly stored.</p>

<p>Purchase SR9009 10mg (research) from Alluvia, Australia's leading supplier of research-grade peptides — trusted by Australian researchers nationwide.</p>",taxable,,1,100,0,0,63.5,,Sports & Recovery,"SR9009 10mg (research), Sports & Recovery",5,Purity,>98%,1,1
simple,AV-SPT-017,GW501516 (Cardarine) 10mg (research),1,0,visible,"For those seeking quality sports & recovery solutions, GW501516 (Cardarine) 10mg (research) delivers outstanding growth hormone release and recovery. Buy GW501516 (Cardarine) 10mg (research) online Australia from a trusted supplier committed to research excellence.","<h3>Buy GW501516 (Cardarine) 10mg (research) Online Australia | Sports & Recovery</h3>
<p><strong>GW501516 (Cardarine) 10mg (research)</strong> accelerates tissue regeneration by modulating growth factor release and inflammatory resolution. This compound is widely utilised in exercise physiology and muscle biology research, with growing interest from preclinical and translational research communities worldwide.</p>

<p>Typical research reconstitution yields a 1 mg/mL solution in bacteriostatic water for experimental use. Researchers are advised to follow institutional guidelines and conduct thorough literature review prior to experimental use.</p>

<ul>
    <li>Accelerates muscle repair and reduces recovery time</li>
    <li>Stimulates GH/IGF-1 axis for anabolic support</li>
    <li>Promotes tendon, ligament and connective tissue healing</li>
    <li>Supports lean body composition and athletic endurance</li>
    <li>High purity ≥98% for accurate preclinical research</li>
</ul>

<p><strong>Purity:</strong> ≥98% (HPLC verified) | <strong>Format:</strong> Lyophilised powder | <strong>Storage:</strong> Store at −20°C, protect from light and moisture. Stable for 24 months when properly stored.</p>

<p>Alluvia provides Australian researchers with premium-grade GW501516 (Cardarine) 10mg (research) — buy online Australia for fast domestic dispatch.</p>",taxable,,1,100,0,0,83.56,,Sports & Recovery,"GW501516 (Cardarine) 10mg (research), Sports & Recovery",5,Purity,>98%,1,1
simple,AV-SPT-018,RAD-140 10mg (research),1,0,visible,"RAD-140 10mg (research) is a research-grade sports & recovery peptide renowned for injury healing and endurance. Available online across Australia, this peptide is supplied at ≥98% purity for reliable results.","<h3>RAD-140 10mg (research) – High Purity Sports & Recovery Peptide</h3>
<p><strong>RAD-140 10mg (research)</strong> binds to actin-associated proteins to stabilise cellular architecture during recovery. This compound is widely utilised in sports medicine and recovery science, with growing interest from preclinical and translational research communities worldwide.</p>

<p>In preclinical recovery models, doses of 200–500 mcg per session are commonly employed. Researchers are advised to follow institutional guidelines and conduct thorough literature review prior to experimental use.</p>

<ul>
    <li>Enhances mitochondrial biogenesis and cellular energy</li>
    <li>Modulates inflammation to support post-exercise recovery</li>
    <li>Promotes growth factor release in muscle and connective tissue</li>
    <li>Supports nitrogen retention and protein synthesis research</li>
    <li>Lyophilised and stable for reliable experimental results</li>
</ul>

<p><strong>Purity:</strong> ≥98% (HPLC verified) | <strong>Format:</strong> Lyophilised powder | <strong>Storage:</strong> Store at −20°C, protect from light and moisture. Stable for 24 months when properly stored.</p>

<p>Shop RAD-140 10mg (research) online at Alluvia — trusted by Australian researchers and biohackers seeking the highest purity peptides.</p>",taxable,,1,100,0,0,135.28,,Sports & Recovery,"RAD-140 10mg (research), Sports & Recovery",5,Purity,>98%,1,1
simple,AV-SPT-019,LGD-4033 10mg (research),1,0,visible,"High-purity LGD-4033 10mg (research) is a benchmark sports & recovery compound in the field of lean muscle development. Trusted by Australian researchers and biohackers, LGD-4033 10mg (research) is available online with fast local dispatch.","<h3>LGD-4033 10mg (research) for Sports & Recovery Research | Australia</h3>
<p><strong>LGD-4033 10mg (research)</strong> stimulates ghrelin receptors to enhance GH pulsatility and lean body mass accrual. This compound is widely utilised in anabolic signalling and body composition research, with growing interest from preclinical and translational research communities worldwide.</p>

<p>Research protocols for muscle biology typically administer peptide solutions of 1–2 mg/mL concentration. Researchers are advised to follow institutional guidelines and conduct thorough literature review prior to experimental use.</p>

<ul>
    <li>Accelerates muscle repair and reduces recovery time</li>
    <li>Stimulates GH/IGF-1 axis for anabolic support</li>
    <li>Promotes tendon, ligament and connective tissue healing</li>
    <li>Supports lean body composition and athletic endurance</li>
    <li>High purity ≥98% for accurate preclinical research</li>
</ul>

<p><strong>Purity:</strong> ≥98% (HPLC verified) | <strong>Format:</strong> Lyophilised powder | <strong>Storage:</strong> Store at −20°C, protect from light and moisture. Stable for 24 months when properly stored.</p>

<p>Buy LGD-4033 10mg (research) online in Australia from Alluvia — trusted by Australian researchers and biohackers for quality and purity.</p>",taxable,,1,100,0,0,80.71,,Sports & Recovery,"LGD-4033 10mg (research), Sports & Recovery",5,Purity,>98%,1,1
simple,AV-SPT-020,Ostarine (MK-2866) 10mg (research),1,0,visible,"Used by researchers worldwide, Ostarine (MK-2866) 10mg (research) is an advanced sports & recovery peptide for tissue regeneration post-exercise. Australian researchers can buy Ostarine (MK-2866) 10mg (research) online with confidence, backed by ≥98% purity certification.","<h3>Premium Ostarine (MK-2866) 10mg (research) | Sports & Recovery Australia</h3>
<p><strong>Ostarine (MK-2866) 10mg (research)</strong> activates AMPK pathways to improve mitochondrial biogenesis and exercise capacity. This compound is widely utilised in athletic performance and endurance physiology, with growing interest from preclinical and translational research communities worldwide.</p>

<p>Standard investigational use involves reconstitution to 500 mcg/mL and storage at 4°C until use. Researchers are advised to follow institutional guidelines and conduct thorough literature review prior to experimental use.</p>

<ul>
    <li>Enhances mitochondrial biogenesis and cellular energy</li>
    <li>Modulates inflammation to support post-exercise recovery</li>
    <li>Promotes growth factor release in muscle and connective tissue</li>
    <li>Supports nitrogen retention and protein synthesis research</li>
    <li>Lyophilised and stable for reliable experimental results</li>
</ul>

<p><strong>Purity:</strong> ≥98% (HPLC verified) | <strong>Format:</strong> Lyophilised powder | <strong>Storage:</strong> Store at −20°C, protect from light and moisture. Stable for 24 months when properly stored.</p>

<p>Order Ostarine (MK-2866) 10mg (research) online Australia with confidence from Alluvia, the trusted supplier for Australian researchers and peptide enthusiasts.</p>",taxable,,1,100,0,0,70.88,,Sports & Recovery,"Ostarine (MK-2866) 10mg (research), Sports & Recovery",5,Purity,>98%,1,1
simple,AV-SPT-021,Andarine (S4) 10mg (research),1,0,visible,"Andarine (S4) 10mg (research) is a high-purity sports & recovery compound offering muscle repair and athletic performance. Available to buy online Australia, Andarine (S4) 10mg (research) meets strict quality standards with ≥98% purity.","<h3>Andarine (S4) 10mg (research) | Sports & Recovery | Research Grade Australia</h3>
<p><strong>Andarine (S4) 10mg (research)</strong> promotes anabolic signalling via the GH/IGF-1 axis, supporting muscle protein synthesis and repair. This compound is widely utilised in exercise physiology and muscle biology research, with growing interest from preclinical and translational research communities worldwide.</p>

<p>Typical research reconstitution yields a 1 mg/mL solution in bacteriostatic water for experimental use. Researchers are advised to follow institutional guidelines and conduct thorough literature review prior to experimental use.</p>

<ul>
    <li>Accelerates muscle repair and reduces recovery time</li>
    <li>Stimulates GH/IGF-1 axis for anabolic support</li>
    <li>Promotes tendon, ligament and connective tissue healing</li>
    <li>Supports lean body composition and athletic endurance</li>
    <li>High purity ≥98% for accurate preclinical research</li>
</ul>

<p><strong>Purity:</strong> ≥98% (HPLC verified) | <strong>Format:</strong> Lyophilised powder | <strong>Storage:</strong> Store at −20°C, protect from light and moisture. Stable for 24 months when properly stored.</p>

<p>Australian researchers and biohackers trust Alluvia for premium Andarine (S4) 10mg (research) — order online today with fast, discreet delivery.</p>",taxable,,1,100,0,0,167.26,,Sports & Recovery,"Andarine (S4) 10mg (research), Sports & Recovery",5,Purity,>98%,1,1
simple,AV-SPT-022,YK-11 5mg (research),1,0,visible,"Discover YK-11 5mg (research), a premium sports & recovery peptide designed for growth hormone release and recovery. Buy YK-11 5mg (research) online Australia from a trusted supplier committed to research excellence.","<h3>Buy YK-11 5mg (research) Online Australia | Sports & Recovery</h3>
<p><strong>YK-11 5mg (research)</strong> accelerates tissue regeneration by modulating growth factor release and inflammatory resolution. This compound is widely utilised in sports medicine and recovery science, with growing interest from preclinical and translational research communities worldwide.</p>

<p>In preclinical recovery models, doses of 200–500 mcg per session are commonly employed. Researchers are advised to follow institutional guidelines and conduct thorough literature review prior to experimental use.</p>

<ul>
    <li>Enhances mitochondrial biogenesis and cellular energy</li>
    <li>Modulates inflammation to support post-exercise recovery</li>
    <li>Promotes growth factor release in muscle and connective tissue</li>
    <li>Supports nitrogen retention and protein synthesis research</li>
    <li>Lyophilised and stable for reliable experimental results</li>
</ul>

<p><strong>Purity:</strong> ≥98% (HPLC verified) | <strong>Format:</strong> Lyophilised powder | <strong>Storage:</strong> Store at −20°C, protect from light and moisture. Stable for 24 months when properly stored.</p>

<p>Purchase YK-11 5mg (research) from Alluvia, Australia's leading supplier of research-grade peptides — trusted by Australian researchers nationwide.</p>",taxable,,1,100,0,0,123.53,,Sports & Recovery,"YK-11 5mg (research), Sports & Recovery",5,Purity,>98%,1,1
simple,AV-SPT-023,S-23 10mg (research),1,0,visible,"S-23 10mg (research) provides researchers with a potent sports & recovery agent supporting injury healing and endurance. Available online across Australia, this peptide is supplied at ≥98% purity for reliable results.","<h3>S-23 10mg (research) – High Purity Sports & Recovery Peptide</h3>
<p><strong>S-23 10mg (research)</strong> binds to actin-associated proteins to stabilise cellular architecture during recovery. This compound is widely utilised in anabolic signalling and body composition research, with growing interest from preclinical and translational research communities worldwide.</p>

<p>Research protocols for muscle biology typically administer peptide solutions of 1–2 mg/mL concentration. Researchers are advised to follow institutional guidelines and conduct thorough literature review prior to experimental use.</p>

<ul>
    <li>Accelerates muscle repair and reduces recovery time</li>
    <li>Stimulates GH/IGF-1 axis for anabolic support</li>
    <li>Promotes tendon, ligament and connective tissue healing</li>
    <li>Supports lean body composition and athletic endurance</li>
    <li>High purity ≥98% for accurate preclinical research</li>
</ul>

<p><strong>Purity:</strong> ≥98% (HPLC verified) | <strong>Format:</strong> Lyophilised powder | <strong>Storage:</strong> Store at −20°C, protect from light and moisture. Stable for 24 months when properly stored.</p>

<p>Alluvia provides Australian researchers with premium-grade S-23 10mg (research) — buy online Australia for fast domestic dispatch.</p>",taxable,,1,100,0,0,111.72,,Sports & Recovery,"S-23 10mg (research), Sports & Recovery",5,Purity,>98%,1,1
simple,AV-SPT-024,GDF-8 Propeptide 1mg,1,0,visible,"A leading sports & recovery compound, GDF-8 Propeptide 1mg is valued for its role in lean muscle development. Trusted by Australian researchers and biohackers, GDF-8 Propeptide 1mg is available online with fast local dispatch.","<h3>GDF-8 Propeptide 1mg for Sports & Recovery Research | Australia</h3>
<p><strong>GDF-8 Propeptide 1mg</strong> stimulates ghrelin receptors to enhance GH pulsatility and lean body mass accrual. This compound is widely utilised in athletic performance and endurance physiology, with growing interest from preclinical and translational research communities worldwide.</p>

<p>Standard investigational use involves reconstitution to 500 mcg/mL and storage at 4°C until use. Researchers are advised to follow institutional guidelines and conduct thorough literature review prior to experimental use.</p>

<ul>
    <li>Enhances mitochondrial biogenesis and cellular energy</li>
    <li>Modulates inflammation to support post-exercise recovery</li>
    <li>Promotes growth factor release in muscle and connective tissue</li>
    <li>Supports nitrogen retention and protein synthesis research</li>
    <li>Lyophilised and stable for reliable experimental results</li>
</ul>

<p><strong>Purity:</strong> ≥98% (HPLC verified) | <strong>Format:</strong> Lyophilised powder | <strong>Storage:</strong> Store at −20°C, protect from light and moisture. Stable for 24 months when properly stored.</p>

<p>Shop GDF-8 Propeptide 1mg online at Alluvia — trusted by Australian researchers and biohackers seeking the highest purity peptides.</p>",taxable,,1,100,0,0,149.15,,Sports & Recovery,"GDF-8 Propeptide 1mg, Sports & Recovery",5,Purity,>98%,1,1
simple,AV-SPT-025,Epithalon 10mg,1,0,visible,"Epithalon 10mg stands out among sports & recovery products for its proven role in tissue regeneration post-exercise. Australian researchers can buy Epithalon 10mg online with confidence, backed by ≥98% purity certification.","<h3>Premium Epithalon 10mg | Sports & Recovery Australia</h3>
<p><strong>Epithalon 10mg</strong> activates AMPK pathways to improve mitochondrial biogenesis and exercise capacity. This compound is widely utilised in exercise physiology and muscle biology research, with growing interest from preclinical and translational research communities worldwide.</p>

<p>Typical research reconstitution yields a 1 mg/mL solution in bacteriostatic water for experimental use. Researchers are advised to follow institutional guidelines and conduct thorough literature review prior to experimental use.</p>

<ul>
    <li>Accelerates muscle repair and reduces recovery time</li>
    <li>Stimulates GH/IGF-1 axis for anabolic support</li>
    <li>Promotes tendon, ligament and connective tissue healing</li>
    <li>Supports lean body composition and athletic endurance</li>
    <li>High purity ≥98% for accurate preclinical research</li>
</ul>

<p><strong>Purity:</strong> ≥98% (HPLC verified) | <strong>Format:</strong> Lyophilised powder | <strong>Storage:</strong> Store at −20°C, protect from light and moisture. Stable for 24 months when properly stored.</p>

<p>Buy Epithalon 10mg online in Australia from Alluvia — trusted by Australian researchers and biohackers for quality and purity.</p>",taxable,,1,100,0,0,151.9,,Sports & Recovery,"Epithalon 10mg, Sports & Recovery",5,Purity,>98%,1,1
simple,AV-SPT-026,Delta Sleep-Inducing Peptide (DSIP) 5mg,1,0,visible,"Sourced to rigorous standards, Delta Sleep-Inducing Peptide (DSIP) 5mg is a trusted sports & recovery peptide for muscle repair and athletic performance. Available to buy online Australia, Delta Sleep-Inducing Peptide (DSIP) 5mg meets strict quality standards with ≥98% purity.","<h3>Delta Sleep-Inducing Peptide (DSIP) 5mg | Sports & Recovery | Research Grade Australia</h3>
<p><strong>Delta Sleep-Inducing Peptide (DSIP) 5mg</strong> promotes anabolic signalling via the GH/IGF-1 axis, supporting muscle protein synthesis and repair. This compound is widely utilised in sports medicine and recovery science, with growing interest from preclinical and translational research communities worldwide.</p>

<p>In preclinical recovery models, doses of 200–500 mcg per session are commonly employed. Researchers are advised to follow institutional guidelines and conduct thorough literature review prior to experimental use.</p>

<ul>
    <li>Enhances mitochondrial biogenesis and cellular energy</li>
    <li>Modulates inflammation to support post-exercise recovery</li>
    <li>Promotes growth factor release in muscle and connective tissue</li>
    <li>Supports nitrogen retention and protein synthesis research</li>
    <li>Lyophilised and stable for reliable experimental results</li>
</ul>

<p><strong>Purity:</strong> ≥98% (HPLC verified) | <strong>Format:</strong> Lyophilised powder | <strong>Storage:</strong> Store at −20°C, protect from light and moisture. Stable for 24 months when properly stored.</p>

<p>Order Delta Sleep-Inducing Peptide (DSIP) 5mg online Australia with confidence from Alluvia, the trusted supplier for Australian researchers and peptide enthusiasts.</p>",taxable,,1,100,0,0,77.85,,Sports & Recovery,"Delta Sleep-Inducing Peptide (DSIP) 5mg, Sports & Recovery",5,Purity,>98%,1,1
simple,AV-SPT-027,Thymosin Beta-4 Fragment 2mg,1,0,visible,"For those seeking quality sports & recovery solutions, Thymosin Beta-4 Fragment 2mg delivers outstanding growth hormone release and recovery. Buy Thymosin Beta-4 Fragment 2mg online Australia from a trusted supplier committed to research excellence.","<h3>Buy Thymosin Beta-4 Fragment 2mg Online Australia | Sports & Recovery</h3>
<p><strong>Thymosin Beta-4 Fragment 2mg</strong> accelerates tissue regeneration by modulating growth factor release and inflammatory resolution. This compound is widely utilised in anabolic signalling and body composition research, with growing interest from preclinical and translational research communities worldwide.</p>

<p>Research protocols for muscle biology typically administer peptide solutions of 1–2 mg/mL concentration. Researchers are advised to follow institutional guidelines and conduct thorough literature review prior to experimental use.</p>

<ul>
    <li>Accelerates muscle repair and reduces recovery time</li>
    <li>Stimulates GH/IGF-1 axis for anabolic support</li>
    <li>Promotes tendon, ligament and connective tissue healing</li>
    <li>Supports lean body composition and athletic endurance</li>
    <li>High purity ≥98% for accurate preclinical research</li>
</ul>

<p><strong>Purity:</strong> ≥98% (HPLC verified) | <strong>Format:</strong> Lyophilised powder | <strong>Storage:</strong> Store at −20°C, protect from light and moisture. Stable for 24 months when properly stored.</p>

<p>Australian researchers and biohackers trust Alluvia for premium Thymosin Beta-4 Fragment 2mg — order online today with fast, discreet delivery.</p>",taxable,,1,100,0,0,66.63,,Sports & Recovery,"Thymosin Beta-4 Fragment 2mg, Sports & Recovery",5,Purity,>98%,1,1
simple,AV-SPT-028,ACE-083 1mg,1,0,visible,"ACE-083 1mg is a research-grade sports & recovery peptide renowned for injury healing and endurance. Available online across Australia, this peptide is supplied at ≥98% purity for reliable results.","<h3>ACE-083 1mg – High Purity Sports & Recovery Peptide</h3>
<p><strong>ACE-083 1mg</strong> binds to actin-associated proteins to stabilise cellular architecture during recovery. This compound is widely utilised in athletic performance and endurance physiology, with growing interest from preclinical and translational research communities worldwide.</p>

<p>Standard investigational use involves reconstitution to 500 mcg/mL and storage at 4°C until use. Researchers are advised to follow institutional guidelines and conduct thorough literature review prior to experimental use.</p>

<ul>
    <li>Enhances mitochondrial biogenesis and cellular energy</li>
    <li>Modulates inflammation to support post-exercise recovery</li>
    <li>Promotes growth factor release in muscle and connective tissue</li>
    <li>Supports nitrogen retention and protein synthesis research</li>
    <li>Lyophilised and stable for reliable experimental results</li>
</ul>

<p><strong>Purity:</strong> ≥98% (HPLC verified) | <strong>Format:</strong> Lyophilised powder | <strong>Storage:</strong> Store at −20°C, protect from light and moisture. Stable for 24 months when properly stored.</p>

<p>Purchase ACE-083 1mg from Alluvia, Australia's leading supplier of research-grade peptides — trusted by Australian researchers nationwide.</p>",taxable,,1,100,0,0,106.73,,Sports & Recovery,"ACE-083 1mg, Sports & Recovery",5,Purity,>98%,1,1
simple,AV-SPT-029,BPC-157 + TB-500 Blend 5mg,1,0,visible,"High-purity BPC-157 + TB-500 Blend 5mg is a benchmark sports & recovery compound in the field of lean muscle development. Trusted by Australian researchers and biohackers, BPC-157 + TB-500 Blend 5mg is available online with fast local dispatch.","<h3>BPC-157 + TB-500 Blend 5mg for Sports & Recovery Research | Australia</h3>
<p><strong>BPC-157 + TB-500 Blend 5mg</strong> stimulates ghrelin receptors to enhance GH pulsatility and lean body mass accrual. This compound is widely utilised in exercise physiology and muscle biology research, with growing interest from preclinical and translational research communities worldwide.</p>

<p>Typical research reconstitution yields a 1 mg/mL solution in bacteriostatic water for experimental use. Researchers are advised to follow institutional guidelines and conduct thorough literature review prior to experimental use.</p>

<ul>
    <li>Accelerates muscle repair and reduces recovery time</li>
    <li>Stimulates GH/IGF-1 axis for anabolic support</li>
    <li>Promotes tendon, ligament and connective tissue healing</li>
    <li>Supports lean body composition and athletic endurance</li>
    <li>High purity ≥98% for accurate preclinical research</li>
</ul>

<p><strong>Purity:</strong> ≥98% (HPLC verified) | <strong>Format:</strong> Lyophilised powder | <strong>Storage:</strong> Store at −20°C, protect from light and moisture. Stable for 24 months when properly stored.</p>

<p>Alluvia provides Australian researchers with premium-grade BPC-157 + TB-500 Blend 5mg — buy online Australia for fast domestic dispatch.</p>",taxable,,1,100,0,0,105.83,,Sports & Recovery,"BPC-157 + TB-500 Blend 5mg, Sports & Recovery",5,Purity,>98%,1,1
simple,AV-SPT-030,Semax 5mg,1,0,visible,"Used by researchers worldwide, Semax 5mg is an advanced sports & recovery peptide for tissue regeneration post-exercise. Australian researchers can buy Semax 5mg online with confidence, backed by ≥98% purity certification.","<h3>Premium Semax 5mg | Sports & Recovery Australia</h3>
<p><strong>Semax 5mg</strong> activates AMPK pathways to improve mitochondrial biogenesis and exercise capacity. This compound is widely utilised in sports medicine and recovery science, with growing interest from preclinical and translational research communities worldwide.</p>

<p>In preclinical recovery models, doses of 200–500 mcg per session are commonly employed. Researchers are advised to follow institutional guidelines and conduct thorough literature review prior to experimental use.</p>

<ul>
    <li>Enhances mitochondrial biogenesis and cellular energy</li>
    <li>Modulates inflammation to support post-exercise recovery</li>
    <li>Promotes growth factor release in muscle and connective tissue</li>
    <li>Supports nitrogen retention and protein synthesis research</li>
    <li>Lyophilised and stable for reliable experimental results</li>
</ul>

<p><strong>Purity:</strong> ≥98% (HPLC verified) | <strong>Format:</strong> Lyophilised powder | <strong>Storage:</strong> Store at −20°C, protect from light and moisture. Stable for 24 months when properly stored.</p>

<p>Shop Semax 5mg online at Alluvia — trusted by Australian researchers and biohackers seeking the highest purity peptides.</p>",taxable,,1,100,0,0,111.04,,Sports & Recovery,"Semax 5mg, Sports & Recovery",5,Purity,>98%,1,1
simple,AV-SPT-031,Selank 5mg,1,0,visible,"Selank 5mg is a high-purity sports & recovery compound offering muscle repair and athletic performance. Available to buy online Australia, Selank 5mg meets strict quality standards with ≥98% purity.","<h3>Selank 5mg | Sports & Recovery | Research Grade Australia</h3>
<p><strong>Selank 5mg</strong> promotes anabolic signalling via the GH/IGF-1 axis, supporting muscle protein synthesis and repair. This compound is widely utilised in anabolic signalling and body composition research, with growing interest from preclinical and translational research communities worldwide.</p>

<p>Research protocols for muscle biology typically administer peptide solutions of 1–2 mg/mL concentration. Researchers are advised to follow institutional guidelines and conduct thorough literature review prior to experimental use.</p>

<ul>
    <li>Accelerates muscle repair and reduces recovery time</li>
    <li>Stimulates GH/IGF-1 axis for anabolic support</li>
    <li>Promotes tendon, ligament and connective tissue healing</li>
    <li>Supports lean body composition and athletic endurance</li>
    <li>High purity ≥98% for accurate preclinical research</li>
</ul>

<p><strong>Purity:</strong> ≥98% (HPLC verified) | <strong>Format:</strong> Lyophilised powder | <strong>Storage:</strong> Store at −20°C, protect from light and moisture. Stable for 24 months when properly stored.</p>

<p>Buy Selank 5mg online in Australia from Alluvia — trusted by Australian researchers and biohackers for quality and purity.</p>",taxable,,1,100,0,0,142.49,,Sports & Recovery,"Selank 5mg, Sports & Recovery",5,Purity,>98%,1,1
simple,AV-SPT-032,CJC-1295 No DAC 5mg,1,0,visible,"Discover CJC-1295 No DAC 5mg, a premium sports & recovery peptide designed for growth hormone release and recovery. Buy CJC-1295 No DAC 5mg online Australia from a trusted supplier committed to research excellence.","<h3>Buy CJC-1295 No DAC 5mg Online Australia | Sports & Recovery</h3>
<p><strong>CJC-1295 No DAC 5mg</strong> accelerates tissue regeneration by modulating growth factor release and inflammatory resolution. This compound is widely utilised in athletic performance and endurance physiology, with growing interest from preclinical and translational research communities worldwide.</p>

<p>Standard investigational use involves reconstitution to 500 mcg/mL and storage at 4°C until use. Researchers are advised to follow institutional guidelines and conduct thorough literature review prior to experimental use.</p>

<ul>
    <li>Enhances mitochondrial biogenesis and cellular energy</li>
    <li>Modulates inflammation to support post-exercise recovery</li>
    <li>Promotes growth factor release in muscle and connective tissue</li>
    <li>Supports nitrogen retention and protein synthesis research</li>
    <li>Lyophilised and stable for reliable experimental results</li>
</ul>

<p><strong>Purity:</strong> ≥98% (HPLC verified) | <strong>Format:</strong> Lyophilised powder | <strong>Storage:</strong> Store at −20°C, protect from light and moisture. Stable for 24 months when properly stored.</p>

<p>Order CJC-1295 No DAC 5mg online Australia with confidence from Alluvia, the trusted supplier for Australian researchers and peptide enthusiasts.</p>",taxable,,1,100,0,0,135.8,,Sports & Recovery,"CJC-1295 No DAC 5mg, Sports & Recovery",5,Purity,>98%,1,1
simple,AV-SPT-033,Tesamorelin 2mg,1,0,visible,"Tesamorelin 2mg provides researchers with a potent sports & recovery agent supporting injury healing and endurance. Available online across Australia, this peptide is supplied at ≥98% purity for reliable results.","<h3>Tesamorelin 2mg – High Purity Sports & Recovery Peptide</h3>
<p><strong>Tesamorelin 2mg</strong> binds to actin-associated proteins to stabilise cellular architecture during recovery. This compound is widely utilised in exercise physiology and muscle biology research, with growing interest from preclinical and translational research communities worldwide.</p>

<p>Typical research reconstitution yields a 1 mg/mL solution in bacteriostatic water for experimental use. Researchers are advised to follow institutional guidelines and conduct thorough literature review prior to experimental use.</p>

<ul>
    <li>Accelerates muscle repair and reduces recovery time</li>
    <li>Stimulates GH/IGF-1 axis for anabolic support</li>
    <li>Promotes tendon, ligament and connective tissue healing</li>
    <li>Supports lean body composition and athletic endurance</li>
    <li>High purity ≥98% for accurate preclinical research</li>
</ul>

<p><strong>Purity:</strong> ≥98% (HPLC verified) | <strong>Format:</strong> Lyophilised powder | <strong>Storage:</strong> Store at −20°C, protect from light and moisture. Stable for 24 months when properly stored.</p>

<p>Australian researchers and biohackers trust Alluvia for premium Tesamorelin 2mg — order online today with fast, discreet delivery.</p>",taxable,,1,100,0,0,173.1,,Sports & Recovery,"Tesamorelin 2mg, Sports & Recovery",5,Purity,>98%,1,1
simple,AV-SPT-034,MT-II 10mg,1,0,visible,"A leading sports & recovery compound, MT-II 10mg is valued for its role in lean muscle development. Trusted by Australian researchers and biohackers, MT-II 10mg is available online with fast local dispatch.","<h3>MT-II 10mg for Sports & Recovery Research | Australia</h3>
<p><strong>MT-II 10mg</strong> stimulates ghrelin receptors to enhance GH pulsatility and lean body mass accrual. This compound is widely utilised in sports medicine and recovery science, with growing interest from preclinical and translational research communities worldwide.</p>

<p>In preclinical recovery models, doses of 200–500 mcg per session are commonly employed. Researchers are advised to follow institutional guidelines and conduct thorough literature review prior to experimental use.</p>

<ul>
    <li>Enhances mitochondrial biogenesis and cellular energy</li>
    <li>Modulates inflammation to support post-exercise recovery</li>
    <li>Promotes growth factor release in muscle and connective tissue</li>
    <li>Supports nitrogen retention and protein synthesis research</li>
    <li>Lyophilised and stable for reliable experimental results</li>
</ul>

<p><strong>Purity:</strong> ≥98% (HPLC verified) | <strong>Format:</strong> Lyophilised powder | <strong>Storage:</strong> Store at −20°C, protect from light and moisture. Stable for 24 months when properly stored.</p>

<p>Purchase MT-II 10mg from Alluvia, Australia's leading supplier of research-grade peptides — trusted by Australian researchers nationwide.</p>",taxable,,1,100,0,0,66.81,,Sports & Recovery,"MT-II 10mg, Sports & Recovery",5,Purity,>98%,1,1
simple,AV-SPT-035,PT-141 10mg,1,0,visible,"PT-141 10mg stands out among sports & recovery products for its proven role in tissue regeneration post-exercise. Australian researchers can buy PT-141 10mg online with confidence, backed by ≥98% purity certification.","<h3>Premium PT-141 10mg | Sports & Recovery Australia</h3>
<p><strong>PT-141 10mg</strong> activates AMPK pathways to improve mitochondrial biogenesis and exercise capacity. This compound is widely utilised in anabolic signalling and body composition research, with growing interest from preclinical and translational research communities worldwide.</p>

<p>Research protocols for muscle biology typically administer peptide solutions of 1–2 mg/mL concentration. Researchers are advised to follow institutional guidelines and conduct thorough literature review prior to experimental use.</p>

<ul>
    <li>Accelerates muscle repair and reduces recovery time</li>
    <li>Stimulates GH/IGF-1 axis for anabolic support</li>
    <li>Promotes tendon, ligament and connective tissue healing</li>
    <li>Supports lean body composition and athletic endurance</li>
    <li>High purity ≥98% for accurate preclinical research</li>
</ul>

<p><strong>Purity:</strong> ≥98% (HPLC verified) | <strong>Format:</strong> Lyophilised powder | <strong>Storage:</strong> Store at −20°C, protect from light and moisture. Stable for 24 months when properly stored.</p>

<p>Alluvia provides Australian researchers with premium-grade PT-141 10mg — buy online Australia for fast domestic dispatch.</p>",taxable,,1,100,0,0,103.31,,Sports & Recovery,"PT-141 10mg, Sports & Recovery",5,Purity,>98%,1,1
simple,AV-SPT-036,LL-37 2mg,1,0,visible,"Sourced to rigorous standards, LL-37 2mg is a trusted sports & recovery peptide for muscle repair and athletic performance. Available to buy online Australia, LL-37 2mg meets strict quality standards with ≥98% purity.","<h3>LL-37 2mg | Sports & Recovery | Research Grade Australia</h3>
<p><strong>LL-37 2mg</strong> promotes anabolic signalling via the GH/IGF-1 axis, supporting muscle protein synthesis and repair. This compound is widely utilised in athletic performance and endurance physiology, with growing interest from preclinical and translational research communities worldwide.</p>

<p>Standard investigational use involves reconstitution to 500 mcg/mL and storage at 4°C until use. Researchers are advised to follow institutional guidelines and conduct thorough literature review prior to experimental use.</p>

<ul>
    <li>Enhances mitochondrial biogenesis and cellular energy</li>
    <li>Modulates inflammation to support post-exercise recovery</li>
    <li>Promotes growth factor release in muscle and connective tissue</li>
    <li>Supports nitrogen retention and protein synthesis research</li>
    <li>Lyophilised and stable for reliable experimental results</li>
</ul>

<p><strong>Purity:</strong> ≥98% (HPLC verified) | <strong>Format:</strong> Lyophilised powder | <strong>Storage:</strong> Store at −20°C, protect from light and moisture. Stable for 24 months when properly stored.</p>

<p>Shop LL-37 2mg online at Alluvia — trusted by Australian researchers and biohackers seeking the highest purity peptides.</p>",taxable,,1,100,0,0,95.72,,Sports & Recovery,"LL-37 2mg, Sports & Recovery",5,Purity,>98%,1,1
simple,AV-SPT-037,SS-31 2mg,1,0,visible,"For those seeking quality sports & recovery solutions, SS-31 2mg delivers outstanding growth hormone release and recovery. Buy SS-31 2mg online Australia from a trusted supplier committed to research excellence.","<h3>Buy SS-31 2mg Online Australia | Sports & Recovery</h3>
<p><strong>SS-31 2mg</strong> accelerates tissue regeneration by modulating growth factor release and inflammatory resolution. This compound is widely utilised in exercise physiology and muscle biology research, with growing interest from preclinical and translational research communities worldwide.</p>

<p>Typical research reconstitution yields a 1 mg/mL solution in bacteriostatic water for experimental use. Researchers are advised to follow institutional guidelines and conduct thorough literature review prior to experimental use.</p>

<ul>
    <li>Accelerates muscle repair and reduces recovery time</li>
    <li>Stimulates GH/IGF-1 axis for anabolic support</li>
    <li>Promotes tendon, ligament and connective tissue healing</li>
    <li>Supports lean body composition and athletic endurance</li>
    <li>High purity ≥98% for accurate preclinical research</li>
</ul>

<p><strong>Purity:</strong> ≥98% (HPLC verified) | <strong>Format:</strong> Lyophilised powder | <strong>Storage:</strong> Store at −20°C, protect from light and moisture. Stable for 24 months when properly stored.</p>

<p>Buy SS-31 2mg online in Australia from Alluvia — trusted by Australian researchers and biohackers for quality and purity.</p>",taxable,,1,100,0,0,158.4,,Sports & Recovery,"SS-31 2mg, Sports & Recovery",5,Purity,>98%,1,1
simple,AV-SPT-038,MOTS-c 5mg,1,0,visible,"MOTS-c 5mg is a research-grade sports & recovery peptide renowned for injury healing and endurance. Available online across Australia, this peptide is supplied at ≥98% purity for reliable results.","<h3>MOTS-c 5mg – High Purity Sports & Recovery Peptide</h3>
<p><strong>MOTS-c 5mg</strong> binds to actin-associated proteins to stabilise cellular architecture during recovery. This compound is widely utilised in sports medicine and recovery science, with growing interest from preclinical and translational research communities worldwide.</p>

<p>In preclinical recovery models, doses of 200–500 mcg per session are commonly employed. Researchers are advised to follow institutional guidelines and conduct thorough literature review prior to experimental use.</p>

<ul>
    <li>Enhances mitochondrial biogenesis and cellular energy</li>
    <li>Modulates inflammation to support post-exercise recovery</li>
    <li>Promotes growth factor release in muscle and connective tissue</li>
    <li>Supports nitrogen retention and protein synthesis research</li>
    <li>Lyophilised and stable for reliable experimental results</li>
</ul>

<p><strong>Purity:</strong> ≥98% (HPLC verified) | <strong>Format:</strong> Lyophilised powder | <strong>Storage:</strong> Store at −20°C, protect from light and moisture. Stable for 24 months when properly stored.</p>

<p>Order MOTS-c 5mg online Australia with confidence from Alluvia, the trusted supplier for Australian researchers and peptide enthusiasts.</p>",taxable,,1,100,0,0,84.84,,Sports & Recovery,"MOTS-c 5mg, Sports & Recovery",5,Purity,>98%,1,1
simple,AV-SPT-039,Humanin 2mg,1,0,visible,"High-purity Humanin 2mg is a benchmark sports & recovery compound in the field of lean muscle development. Trusted by Australian researchers and biohackers, Humanin 2mg is available online with fast local dispatch.","<h3>Humanin 2mg for Sports & Recovery Research | Australia</h3>
<p><strong>Humanin 2mg</strong> stimulates ghrelin receptors to enhance GH pulsatility and lean body mass accrual. This compound is widely utilised in anabolic signalling and body composition research, with growing interest from preclinical and translational research communities worldwide.</p>

<p>Research protocols for muscle biology typically administer peptide solutions of 1–2 mg/mL concentration. Researchers are advised to follow institutional guidelines and conduct thorough literature review prior to experimental use.</p>

<ul>
    <li>Accelerates muscle repair and reduces recovery time</li>
    <li>Stimulates GH/IGF-1 axis for anabolic support</li>
    <li>Promotes tendon, ligament and connective tissue healing</li>
    <li>Supports lean body composition and athletic endurance</li>
    <li>High purity ≥98% for accurate preclinical research</li>
</ul>

<p><strong>Purity:</strong> ≥98% (HPLC verified) | <strong>Format:</strong> Lyophilised powder | <strong>Storage:</strong> Store at −20°C, protect from light and moisture. Stable for 24 months when properly stored.</p>

<p>Australian researchers and biohackers trust Alluvia for premium Humanin 2mg — order online today with fast, discreet delivery.</p>",taxable,,1,100,0,0,77.83,,Sports & Recovery,"Humanin 2mg, Sports & Recovery",5,Purity,>98%,1,1
simple,AV-SPT-040,Thymalin 10mg,1,0,visible,"Used by researchers worldwide, Thymalin 10mg is an advanced sports & recovery peptide for tissue regeneration post-exercise. Australian researchers can buy Thymalin 10mg online with confidence, backed by ≥98% purity certification.","<h3>Premium Thymalin 10mg | Sports & Recovery Australia</h3>
<p><strong>Thymalin 10mg</strong> activates AMPK pathways to improve mitochondrial biogenesis and exercise capacity. This compound is widely utilised in athletic performance and endurance physiology, with growing interest from preclinical and translational research communities worldwide.</p>

<p>Standard investigational use involves reconstitution to 500 mcg/mL and storage at 4°C until use. Researchers are advised to follow institutional guidelines and conduct thorough literature review prior to experimental use.</p>

<ul>
    <li>Enhances mitochondrial biogenesis and cellular energy</li>
    <li>Modulates inflammation to support post-exercise recovery</li>
    <li>Promotes growth factor release in muscle and connective tissue</li>
    <li>Supports nitrogen retention and protein synthesis research</li>
    <li>Lyophilised and stable for reliable experimental results</li>
</ul>

<p><strong>Purity:</strong> ≥98% (HPLC verified) | <strong>Format:</strong> Lyophilised powder | <strong>Storage:</strong> Store at −20°C, protect from light and moisture. Stable for 24 months when properly stored.</p>

<p>Purchase Thymalin 10mg from Alluvia, Australia's leading supplier of research-grade peptides — trusted by Australian researchers nationwide.</p>",taxable,,1,100,0,0,108.83,,Sports & Recovery,"Thymalin 10mg, Sports & Recovery",5,Purity,>98%,1,1
simple,AV-SPT-041,Oxytocin 2mg,1,0,visible,"Oxytocin 2mg is a high-purity sports & recovery compound offering muscle repair and athletic performance. Available to buy online Australia, Oxytocin 2mg meets strict quality standards with ≥98% purity.","<h3>Oxytocin 2mg | Sports & Recovery | Research Grade Australia</h3>
<p><strong>Oxytocin 2mg</strong> promotes anabolic signalling via the GH/IGF-1 axis, supporting muscle protein synthesis and repair. This compound is widely utilised in exercise physiology and muscle biology research, with growing interest from preclinical and translational research communities worldwide.</p>

<p>Typical research reconstitution yields a 1 mg/mL solution in bacteriostatic water for experimental use. Researchers are advised to follow institutional guidelines and conduct thorough literature review prior to experimental use.</p>

<ul>
    <li>Accelerates muscle repair and reduces recovery time</li>
    <li>Stimulates GH/IGF-1 axis for anabolic support</li>
    <li>Promotes tendon, ligament and connective tissue healing</li>
    <li>Supports lean body composition and athletic endurance</li>
    <li>High purity ≥98% for accurate preclinical research</li>
</ul>

<p><strong>Purity:</strong> ≥98% (HPLC verified) | <strong>Format:</strong> Lyophilised powder | <strong>Storage:</strong> Store at −20°C, protect from light and moisture. Stable for 24 months when properly stored.</p>

<p>Alluvia provides Australian researchers with premium-grade Oxytocin 2mg — buy online Australia for fast domestic dispatch.</p>",taxable,,1,100,0,0,105.63,,Sports & Recovery,"Oxytocin 2mg, Sports & Recovery",5,Purity,>98%,1,1
simple,AV-SPT-042,AOD-9604 5mg,1,0,visible,"Discover AOD-9604 5mg, a premium sports & recovery peptide designed for growth hormone release and recovery. Buy AOD-9604 5mg online Australia from a trusted supplier committed to research excellence.","<h3>Buy AOD-9604 5mg Online Australia | Sports & Recovery</h3>
<p><strong>AOD-9604 5mg</strong> accelerates tissue regeneration by modulating growth factor release and inflammatory resolution. This compound is widely utilised in sports medicine and recovery science, with growing interest from preclinical and translational research communities worldwide.</p>

<p>In preclinical recovery models, doses of 200–500 mcg per session are commonly employed. Researchers are advised to follow institutional guidelines and conduct thorough literature review prior to experimental use.</p>

<ul>
    <li>Enhances mitochondrial biogenesis and cellular energy</li>
    <li>Modulates inflammation to support post-exercise recovery</li>
    <li>Promotes growth factor release in muscle and connective tissue</li>
    <li>Supports nitrogen retention and protein synthesis research</li>
    <li>Lyophilised and stable for reliable experimental results</li>
</ul>

<p><strong>Purity:</strong> ≥98% (HPLC verified) | <strong>Format:</strong> Lyophilised powder | <strong>Storage:</strong> Store at −20°C, protect from light and moisture. Stable for 24 months when properly stored.</p>

<p>Shop AOD-9604 5mg online at Alluvia — trusted by Australian researchers and biohackers seeking the highest purity peptides.</p>",taxable,,1,100,0,0,88.43,,Sports & Recovery,"AOD-9604 5mg, Sports & Recovery",5,Purity,>98%,1,1
simple,AV-SPT-043,Fragment 176-191 5mg,1,0,visible,"Fragment 176-191 5mg provides researchers with a potent sports & recovery agent supporting injury healing and endurance. Available online across Australia, this peptide is supplied at ≥98% purity for reliable results.","<h3>Fragment 176-191 5mg – High Purity Sports & Recovery Peptide</h3>
<p><strong>Fragment 176-191 5mg</strong> binds to actin-associated proteins to stabilise cellular architecture during recovery. This compound is widely utilised in anabolic signalling and body composition research, with growing interest from preclinical and translational research communities worldwide.</p>

<p>Research protocols for muscle biology typically administer peptide solutions of 1–2 mg/mL concentration. Researchers are advised to follow institutional guidelines and conduct thorough literature review prior to experimental use.</p>

<ul>
    <li>Accelerates muscle repair and reduces recovery time</li>
    <li>Stimulates GH/IGF-1 axis for anabolic support</li>
    <li>Promotes tendon, ligament and connective tissue healing</li>
    <li>Supports lean body composition and athletic endurance</li>
    <li>High purity ≥98% for accurate preclinical research</li>
</ul>

<p><strong>Purity:</strong> ≥98% (HPLC verified) | <strong>Format:</strong> Lyophilised powder | <strong>Storage:</strong> Store at −20°C, protect from light and moisture. Stable for 24 months when properly stored.</p>

<p>Buy Fragment 176-191 5mg online in Australia from Alluvia — trusted by Australian researchers and biohackers for quality and purity.</p>",taxable,,1,100,0,0,84.98,,Sports & Recovery,"Fragment 176-191 5mg, Sports & Recovery",5,Purity,>98%,1,1
simple,AV-SPT-044,GHK-Cu 50mg,1,0,visible,"A leading sports & recovery compound, GHK-Cu 50mg is valued for its role in lean muscle development. Trusted by Australian researchers and biohackers, GHK-Cu 50mg is available online with fast local dispatch.","<h3>GHK-Cu 50mg for Sports & Recovery Research | Australia</h3>
<p><strong>GHK-Cu 50mg</strong> stimulates ghrelin receptors to enhance GH pulsatility and lean body mass accrual. This compound is widely utilised in athletic performance and endurance physiology, with growing interest from preclinical and translational research communities worldwide.</p>

<p>Standard investigational use involves reconstitution to 500 mcg/mL and storage at 4°C until use. Researchers are advised to follow institutional guidelines and conduct thorough literature review prior to experimental use.</p>

<ul>
    <li>Enhances mitochondrial biogenesis and cellular energy</li>
    <li>Modulates inflammation to support post-exercise recovery</li>
    <li>Promotes growth factor release in muscle and connective tissue</li>
    <li>Supports nitrogen retention and protein synthesis research</li>
    <li>Lyophilised and stable for reliable experimental results</li>
</ul>

<p><strong>Purity:</strong> ≥98% (HPLC verified) | <strong>Format:</strong> Lyophilised powder | <strong>Storage:</strong> Store at −20°C, protect from light and moisture. Stable for 24 months when properly stored.</p>

<p>Order GHK-Cu 50mg online Australia with confidence from Alluvia, the trusted supplier for Australian researchers and peptide enthusiasts.</p>",taxable,,1,100,0,0,165.79,,Sports & Recovery,"GHK-Cu 50mg, Sports & Recovery",5,Purity,>98%,1,1
simple,AV-SPT-045,Pentadecapeptide BPC-157 Arginate Salt 5mg,1,0,visible,"Pentadecapeptide BPC-157 Arginate Salt 5mg stands out among sports & recovery products for its proven role in tissue regeneration post-exercise. Australian researchers can buy Pentadecapeptide BPC-157 Arginate Salt 5mg online with confidence, backed by ≥98% purity certification.","<h3>Premium Pentadecapeptide BPC-157 Arginate Salt 5mg | Sports & Recovery Australia</h3>
<p><strong>Pentadecapeptide BPC-157 Arginate Salt 5mg</strong> activates AMPK pathways to improve mitochondrial biogenesis and exercise capacity. This compound is widely utilised in exercise physiology and muscle biology research, with growing interest from preclinical and translational research communities worldwide.</p>

<p>Typical research reconstitution yields a 1 mg/mL solution in bacteriostatic water for experimental use. Researchers are advised to follow institutional guidelines and conduct thorough literature review prior to experimental use.</p>

<ul>
    <li>Accelerates muscle repair and reduces recovery time</li>
    <li>Stimulates GH/IGF-1 axis for anabolic support</li>
    <li>Promotes tendon, ligament and connective tissue healing</li>
    <li>Supports lean body composition and athletic endurance</li>
    <li>High purity ≥98% for accurate preclinical research</li>
</ul>

<p><strong>Purity:</strong> ≥98% (HPLC verified) | <strong>Format:</strong> Lyophilised powder | <strong>Storage:</strong> Store at −20°C, protect from light and moisture. Stable for 24 months when properly stored.</p>

<p>Australian researchers and biohackers trust Alluvia for premium Pentadecapeptide BPC-157 Arginate Salt 5mg — order online today with fast, discreet delivery.</p>",taxable,,1,100,0,0,108.18,,Sports & Recovery,"Pentadecapeptide BPC-157 Arginate Salt 5mg, Sports & Recovery",5,Purity,>98%,1,1
simple,AV-SPT-046,TB-500 + BPC-157 Reconstitution Kit,1,0,visible,"Sourced to rigorous standards, TB-500 + BPC-157 Reconstitution Kit is a trusted sports & recovery peptide for muscle repair and athletic performance. Available to buy online Australia, TB-500 + BPC-157 Reconstitution Kit meets strict quality standards with ≥98% purity.","<h3>TB-500 + BPC-157 Reconstitution Kit | Sports & Recovery | Research Grade Australia</h3>
<p><strong>TB-500 + BPC-157 Reconstitution Kit</strong> promotes anabolic signalling via the GH/IGF-1 axis, supporting muscle protein synthesis and repair. This compound is widely utilised in sports medicine and recovery science, with growing interest from preclinical and translational research communities worldwide.</p>

<p>In preclinical recovery models, doses of 200–500 mcg per session are commonly employed. Researchers are advised to follow institutional guidelines and conduct thorough literature review prior to experimental use.</p>

<ul>
    <li>Enhances mitochondrial biogenesis and cellular energy</li>
    <li>Modulates inflammation to support post-exercise recovery</li>
    <li>Promotes growth factor release in muscle and connective tissue</li>
    <li>Supports nitrogen retention and protein synthesis research</li>
    <li>Lyophilised and stable for reliable experimental results</li>
</ul>

<p><strong>Purity:</strong> ≥98% (HPLC verified) | <strong>Format:</strong> Lyophilised powder | <strong>Storage:</strong> Store at −20°C, protect from light and moisture. Stable for 24 months when properly stored.</p>

<p>Purchase TB-500 + BPC-157 Reconstitution Kit from Alluvia, Australia's leading supplier of research-grade peptides — trusted by Australian researchers nationwide.</p>",taxable,,1,100,0,0,158.36,,Sports & Recovery,"TB-500 + BPC-157 Reconstitution Kit, Sports & Recovery",5,Purity,>98%,1,1
simple,AV-SPT-047,Ipamorelin + CJC-1295 Blend 5mg,1,0,visible,"For those seeking quality sports & recovery solutions, Ipamorelin + CJC-1295 Blend 5mg delivers outstanding growth hormone release and recovery. Buy Ipamorelin + CJC-1295 Blend 5mg online Australia from a trusted supplier committed to research excellence.","<h3>Buy Ipamorelin + CJC-1295 Blend 5mg Online Australia | Sports & Recovery</h3>
<p><strong>Ipamorelin + CJC-1295 Blend 5mg</strong> accelerates tissue regeneration by modulating growth factor release and inflammatory resolution. This compound is widely utilised in anabolic signalling and body composition research, with growing interest from preclinical and translational research communities worldwide.</p>

<p>Research protocols for muscle biology typically administer peptide solutions of 1–2 mg/mL concentration. Researchers are advised to follow institutional guidelines and conduct thorough literature review prior to experimental use.</p>

<ul>
    <li>Accelerates muscle repair and reduces recovery time</li>
    <li>Stimulates GH/IGF-1 axis for anabolic support</li>
    <li>Promotes tendon, ligament and connective tissue healing</li>
    <li>Supports lean body composition and athletic endurance</li>
    <li>High purity ≥98% for accurate preclinical research</li>
</ul>

<p><strong>Purity:</strong> ≥98% (HPLC verified) | <strong>Format:</strong> Lyophilised powder | <strong>Storage:</strong> Store at −20°C, protect from light and moisture. Stable for 24 months when properly stored.</p>

<p>Alluvia provides Australian researchers with premium-grade Ipamorelin + CJC-1295 Blend 5mg — buy online Australia for fast domestic dispatch.</p>",taxable,,1,100,0,0,121.04,,Sports & Recovery,"Ipamorelin + CJC-1295 Blend 5mg, Sports & Recovery",5,Purity,>98%,1,1
simple,AV-SPT-048,GHRP-2 + CJC-1295 Blend 5mg,1,0,visible,"GHRP-2 + CJC-1295 Blend 5mg is a research-grade sports & recovery peptide renowned for injury healing and endurance. Available online across Australia, this peptide is supplied at ≥98% purity for reliable results.","<h3>GHRP-2 + CJC-1295 Blend 5mg – High Purity Sports & Recovery Peptide</h3>
<p><strong>GHRP-2 + CJC-1295 Blend 5mg</strong> binds to actin-associated proteins to stabilise cellular architecture during recovery. This compound is widely utilised in athletic performance and endurance physiology, with growing interest from preclinical and translational research communities worldwide.</p>

<p>Standard investigational use involves reconstitution to 500 mcg/mL and storage at 4°C until use. Researchers are advised to follow institutional guidelines and conduct thorough literature review prior to experimental use.</p>

<ul>
    <li>Enhances mitochondrial biogenesis and cellular energy</li>
    <li>Modulates inflammation to support post-exercise recovery</li>
    <li>Promotes growth factor release in muscle and connective tissue</li>
    <li>Supports nitrogen retention and protein synthesis research</li>
    <li>Lyophilised and stable for reliable experimental results</li>
</ul>

<p><strong>Purity:</strong> ≥98% (HPLC verified) | <strong>Format:</strong> Lyophilised powder | <strong>Storage:</strong> Store at −20°C, protect from light and moisture. Stable for 24 months when properly stored.</p>

<p>Shop GHRP-2 + CJC-1295 Blend 5mg online at Alluvia — trusted by Australian researchers and biohackers seeking the highest purity peptides.</p>",taxable,,1,100,0,0,61.07,,Sports & Recovery,"GHRP-2 + CJC-1295 Blend 5mg, Sports & Recovery",5,Purity,>98%,1,1
simple,AV-SPT-049,KPV 10mg,1,0,visible,"High-purity KPV 10mg is a benchmark sports & recovery compound in the field of lean muscle development. Trusted by Australian researchers and biohackers, KPV 10mg is available online with fast local dispatch.","<h3>KPV 10mg for Sports & Recovery Research | Australia</h3>
<p><strong>KPV 10mg</strong> stimulates ghrelin receptors to enhance GH pulsatility and lean body mass accrual. This compound is widely utilised in exercise physiology and muscle biology research, with growing interest from preclinical and translational research communities worldwide.</p>

<p>Typical research reconstitution yields a 1 mg/mL solution in bacteriostatic water for experimental use. Researchers are advised to follow institutional guidelines and conduct thorough literature review prior to experimental use.</p>

<ul>
    <li>Accelerates muscle repair and reduces recovery time</li>
    <li>Stimulates GH/IGF-1 axis for anabolic support</li>
    <li>Promotes tendon, ligament and connective tissue healing</li>
    <li>Supports lean body composition and athletic endurance</li>
    <li>High purity ≥98% for accurate preclinical research</li>
</ul>

<p><strong>Purity:</strong> ≥98% (HPLC verified) | <strong>Format:</strong> Lyophilised powder | <strong>Storage:</strong> Store at −20°C, protect from light and moisture. Stable for 24 months when properly stored.</p>

<p>Buy KPV 10mg online in Australia from Alluvia — trusted by Australian researchers and biohackers for quality and purity.</p>",taxable,,1,100,0,0,174.91,,Sports & Recovery,"KPV 10mg, Sports & Recovery",5,Purity,>98%,1,1
simple,AV-SPT-050,Larazotide Acetate 5mg,1,0,visible,"Used by researchers worldwide, Larazotide Acetate 5mg is an advanced sports & recovery peptide for tissue regeneration post-exercise. Australian researchers can buy Larazotide Acetate 5mg online with confidence, backed by ≥98% purity certification.","<h3>Premium Larazotide Acetate 5mg | Sports & Recovery Australia</h3>
<p><strong>Larazotide Acetate 5mg</strong> activates AMPK pathways to improve mitochondrial biogenesis and exercise capacity. This compound is widely utilised in sports medicine and recovery science, with growing interest from preclinical and translational research communities worldwide.</p>

<p>In preclinical recovery models, doses of 200–500 mcg per session are commonly employed. Researchers are advised to follow institutional guidelines and conduct thorough literature review prior to experimental use.</p>

<ul>
    <li>Enhances mitochondrial biogenesis and cellular energy</li>
    <li>Modulates inflammation to support post-exercise recovery</li>
    <li>Promotes growth factor release in muscle and connective tissue</li>
    <li>Supports nitrogen retention and protein synthesis research</li>
    <li>Lyophilised and stable for reliable experimental results</li>
</ul>

<p><strong>Purity:</strong> ≥98% (HPLC verified) | <strong>Format:</strong> Lyophilised powder | <strong>Storage:</strong> Store at −20°C, protect from light and moisture. Stable for 24 months when properly stored.</p>

<p>Order Larazotide Acetate 5mg online Australia with confidence from Alluvia, the trusted supplier for Australian researchers and peptide enthusiasts.</p>",taxable,,1,100,0,0,155.32,,Sports & Recovery,"Larazotide Acetate 5mg, Sports & Recovery",5,Purity,>98%,1,1
simple,AV-WLM-001,Semaglutide 5mg,1,0,visible,"Semaglutide 5mg is a high-purity weight-loss & metabolic compound offering metabolic rate optimisation and fat loss. Available to buy online Australia, Semaglutide 5mg meets strict quality standards with ≥98% purity.","<h3>Semaglutide 5mg | Weight-Loss & Metabolic | Research Grade Australia</h3>
<p><strong>Semaglutide 5mg</strong> activates GLP-1 receptors in the hypothalamus and pancreas to regulate appetite and insulin secretion. This compound is widely utilised in metabolic disease and obesity research, with growing interest from preclinical and translational research communities worldwide.</p>

<p>Metabolic research models commonly employ subcutaneous administration at doses of 100–500 mcg per session. Researchers are advised to follow institutional guidelines and conduct thorough literature review prior to experimental use.</p>

<ul>
    <li>Activates GLP-1 and related metabolic receptor pathways</li>
    <li>Supports appetite suppression and satiety signalling</li>
    <li>Promotes fat mobilisation and adipocyte lipolysis</li>
    <li>Improves insulin sensitivity and glycaemic control</li>
    <li>High purity ≥98% for rigorous metabolic research</li>
</ul>

<p><strong>Purity:</strong> ≥98% (HPLC verified) | <strong>Format:</strong> Lyophilised powder | <strong>Storage:</strong> Store at −20°C, protect from light and moisture. Stable for 24 months when properly stored.</p>

<p>Buy Semaglutide 5mg online in Australia from Alluvia — trusted by Australian researchers and biohackers for quality and purity.</p>",taxable,,1,100,0,0,287.87,,Weight-Loss & Metabolic,"Semaglutide 5mg, Weight-Loss & Metabolic",5,Purity,>98%,1,1
simple,AV-WLM-002,Tirzepatide 5mg,1,0,visible,"Discover Tirzepatide 5mg, a premium weight-loss & metabolic peptide designed for appetite regulation and glucose control. Buy Tirzepatide 5mg online Australia from a trusted supplier committed to research excellence.","<h3>Buy Tirzepatide 5mg Online Australia | Weight-Loss & Metabolic</h3>
<p><strong>Tirzepatide 5mg</strong> modulates adipocyte lipolysis and fatty acid oxidation through targeted receptor engagement. This compound is widely utilised in endocrinology and gut hormone biology, with growing interest from preclinical and translational research communities worldwide.</p>

<p>GLP-1 pathway research typically utilises peptide concentrations of 0.1–1 nmol/kg in animal models. Researchers are advised to follow institutional guidelines and conduct thorough literature review prior to experimental use.</p>

<ul>
    <li>Modulates gut-brain axis to regulate energy intake</li>
    <li>Supports lipid oxidation and metabolic rate enhancement</li>
    <li>Targets visceral adipose tissue in preclinical models</li>
    <li>Provides mechanistic insight into obesity pharmacology</li>
    <li>Lyophilised format ensures stability and accurate dosing</li>
</ul>

<p><strong>Purity:</strong> ≥98% (HPLC verified) | <strong>Format:</strong> Lyophilised powder | <strong>Storage:</strong> Store at −20°C, protect from light and moisture. Stable for 24 months when properly stored.</p>

<p>Order Tirzepatide 5mg online Australia with confidence from Alluvia, the trusted supplier for Australian researchers and peptide enthusiasts.</p>",taxable,,1,100,0,0,278.06,,Weight-Loss & Metabolic,"Tirzepatide 5mg, Weight-Loss & Metabolic",5,Purity,>98%,1,1
simple,AV-WLM-003,AOD-9604 5mg,1,0,visible,"AOD-9604 5mg provides researchers with a potent weight-loss & metabolic agent supporting GLP-1 pathway activation. Available online across Australia, this peptide is supplied at ≥98% purity for reliable results.","<h3>AOD-9604 5mg – High Purity Weight-Loss & Metabolic Peptide</h3>
<p><strong>AOD-9604 5mg</strong> stimulates AMPK-mediated metabolic pathways to enhance glucose uptake and energy expenditure. This compound is widely utilised in type 2 diabetes and insulin resistance research, with growing interest from preclinical and translational research communities worldwide.</p>

<p>Investigational metabolic protocols reconstitute peptide to 1 mg/mL in sterile saline for experimental delivery. Researchers are advised to follow institutional guidelines and conduct thorough literature review prior to experimental use.</p>

<ul>
    <li>Activates GLP-1 and related metabolic receptor pathways</li>
    <li>Supports appetite suppression and satiety signalling</li>
    <li>Promotes fat mobilisation and adipocyte lipolysis</li>
    <li>Improves insulin sensitivity and glycaemic control</li>
    <li>High purity ≥98% for rigorous metabolic research</li>
</ul>

<p><strong>Purity:</strong> ≥98% (HPLC verified) | <strong>Format:</strong> Lyophilised powder | <strong>Storage:</strong> Store at −20°C, protect from light and moisture. Stable for 24 months when properly stored.</p>

<p>Australian researchers and biohackers trust Alluvia for premium AOD-9604 5mg — order online today with fast, discreet delivery.</p>",taxable,,1,100,0,0,260.2,,Weight-Loss & Metabolic,"AOD-9604 5mg, Weight-Loss & Metabolic",5,Purity,>98%,1,1
simple,AV-WLM-004,Fragment 176-191 5mg,1,0,visible,"A leading weight-loss & metabolic compound, Fragment 176-191 5mg is valued for its role in energy balance and body composition. Trusted by Australian researchers and biohackers, Fragment 176-191 5mg is available online with fast local dispatch.","<h3>Fragment 176-191 5mg for Weight-Loss & Metabolic Research | Australia</h3>
<p><strong>Fragment 176-191 5mg</strong> inhibits lipogenesis while promoting fat mobilisation via central and peripheral receptor activation. This compound is widely utilised in appetite regulation and energy homeostasis science, with growing interest from preclinical and translational research communities worldwide.</p>

<p>Research dosing for obesity models typically ranges from 50–500 mcg per administration session. Researchers are advised to follow institutional guidelines and conduct thorough literature review prior to experimental use.</p>

<ul>
    <li>Modulates gut-brain axis to regulate energy intake</li>
    <li>Supports lipid oxidation and metabolic rate enhancement</li>
    <li>Targets visceral adipose tissue in preclinical models</li>
    <li>Provides mechanistic insight into obesity pharmacology</li>
    <li>Lyophilised format ensures stability and accurate dosing</li>
</ul>

<p><strong>Purity:</strong> ≥98% (HPLC verified) | <strong>Format:</strong> Lyophilised powder | <strong>Storage:</strong> Store at −20°C, protect from light and moisture. Stable for 24 months when properly stored.</p>

<p>Purchase Fragment 176-191 5mg from Alluvia, Australia's leading supplier of research-grade peptides — trusted by Australian researchers nationwide.</p>",taxable,,1,100,0,0,103.25,,Weight-Loss & Metabolic,"Fragment 176-191 5mg, Weight-Loss & Metabolic",5,Purity,>98%,1,1
simple,AV-WLM-005,CJC-1295 No DAC 5mg,1,0,visible,"CJC-1295 No DAC 5mg stands out among weight-loss & metabolic products for its proven role in insulin sensitivity and lipid metabolism. Australian researchers can buy CJC-1295 No DAC 5mg online with confidence, backed by ≥98% purity certification.","<h3>Premium CJC-1295 No DAC 5mg | Weight-Loss & Metabolic Australia</h3>
<p><strong>CJC-1295 No DAC 5mg</strong> regulates gut-brain axis signalling to suppress appetite and improve glycaemic control. This compound is widely utilised in metabolic disease and obesity research, with growing interest from preclinical and translational research communities worldwide.</p>

<p>Metabolic research models commonly employ subcutaneous administration at doses of 100–500 mcg per session. Researchers are advised to follow institutional guidelines and conduct thorough literature review prior to experimental use.</p>

<ul>
    <li>Activates GLP-1 and related metabolic receptor pathways</li>
    <li>Supports appetite suppression and satiety signalling</li>
    <li>Promotes fat mobilisation and adipocyte lipolysis</li>
    <li>Improves insulin sensitivity and glycaemic control</li>
    <li>High purity ≥98% for rigorous metabolic research</li>
</ul>

<p><strong>Purity:</strong> ≥98% (HPLC verified) | <strong>Format:</strong> Lyophilised powder | <strong>Storage:</strong> Store at −20°C, protect from light and moisture. Stable for 24 months when properly stored.</p>

<p>Alluvia provides Australian researchers with premium-grade CJC-1295 No DAC 5mg — buy online Australia for fast domestic dispatch.</p>",taxable,,1,100,0,0,176.7,,Weight-Loss & Metabolic,"CJC-1295 No DAC 5mg, Weight-Loss & Metabolic",5,Purity,>98%,1,1
simple,AV-WLM-006,Ipamorelin 5mg,1,0,visible,"Sourced to rigorous standards, Ipamorelin 5mg is a trusted weight-loss & metabolic peptide for metabolic rate optimisation and fat loss. Available to buy online Australia, Ipamorelin 5mg meets strict quality standards with ≥98% purity.","<h3>Ipamorelin 5mg | Weight-Loss & Metabolic | Research Grade Australia</h3>
<p><strong>Ipamorelin 5mg</strong> activates GLP-1 receptors in the hypothalamus and pancreas to regulate appetite and insulin secretion. This compound is widely utilised in endocrinology and gut hormone biology, with growing interest from preclinical and translational research communities worldwide.</p>

<p>GLP-1 pathway research typically utilises peptide concentrations of 0.1–1 nmol/kg in animal models. Researchers are advised to follow institutional guidelines and conduct thorough literature review prior to experimental use.</p>

<ul>
    <li>Modulates gut-brain axis to regulate energy intake</li>
    <li>Supports lipid oxidation and metabolic rate enhancement</li>
    <li>Targets visceral adipose tissue in preclinical models</li>
    <li>Provides mechanistic insight into obesity pharmacology</li>
    <li>Lyophilised format ensures stability and accurate dosing</li>
</ul>

<p><strong>Purity:</strong> ≥98% (HPLC verified) | <strong>Format:</strong> Lyophilised powder | <strong>Storage:</strong> Store at −20°C, protect from light and moisture. Stable for 24 months when properly stored.</p>

<p>Shop Ipamorelin 5mg online at Alluvia — trusted by Australian researchers and biohackers seeking the highest purity peptides.</p>",taxable,,1,100,0,0,114.16,,Weight-Loss & Metabolic,"Ipamorelin 5mg, Weight-Loss & Metabolic",5,Purity,>98%,1,1
simple,AV-WLM-007,Tesamorelin 2mg,1,0,visible,"For those seeking quality weight-loss & metabolic solutions, Tesamorelin 2mg delivers outstanding appetite regulation and glucose control. Buy Tesamorelin 2mg online Australia from a trusted supplier committed to research excellence.","<h3>Buy Tesamorelin 2mg Online Australia | Weight-Loss & Metabolic</h3>
<p><strong>Tesamorelin 2mg</strong> modulates adipocyte lipolysis and fatty acid oxidation through targeted receptor engagement. This compound is widely utilised in type 2 diabetes and insulin resistance research, with growing interest from preclinical and translational research communities worldwide.</p>

<p>Investigational metabolic protocols reconstitute peptide to 1 mg/mL in sterile saline for experimental delivery. Researchers are advised to follow institutional guidelines and conduct thorough literature review prior to experimental use.</p>

<ul>
    <li>Activates GLP-1 and related metabolic receptor pathways</li>
    <li>Supports appetite suppression and satiety signalling</li>
    <li>Promotes fat mobilisation and adipocyte lipolysis</li>
    <li>Improves insulin sensitivity and glycaemic control</li>
    <li>High purity ≥98% for rigorous metabolic research</li>
</ul>

<p><strong>Purity:</strong> ≥98% (HPLC verified) | <strong>Format:</strong> Lyophilised powder | <strong>Storage:</strong> Store at −20°C, protect from light and moisture. Stable for 24 months when properly stored.</p>

<p>Buy Tesamorelin 2mg online in Australia from Alluvia — trusted by Australian researchers and biohackers for quality and purity.</p>",taxable,,1,100,0,0,157.24,,Weight-Loss & Metabolic,"Tesamorelin 2mg, Weight-Loss & Metabolic",5,Purity,>98%,1,1
simple,AV-WLM-008,MOTS-c 5mg,1,0,visible,"MOTS-c 5mg is a research-grade weight-loss & metabolic peptide renowned for GLP-1 pathway activation. Available online across Australia, this peptide is supplied at ≥98% purity for reliable results.","<h3>MOTS-c 5mg – High Purity Weight-Loss & Metabolic Peptide</h3>
<p><strong>MOTS-c 5mg</strong> stimulates AMPK-mediated metabolic pathways to enhance glucose uptake and energy expenditure. This compound is widely utilised in appetite regulation and energy homeostasis science, with growing interest from preclinical and translational research communities worldwide.</p>

<p>Research dosing for obesity models typically ranges from 50–500 mcg per administration session. Researchers are advised to follow institutional guidelines and conduct thorough literature review prior to experimental use.</p>

<ul>
    <li>Modulates gut-brain axis to regulate energy intake</li>
    <li>Supports lipid oxidation and metabolic rate enhancement</li>
    <li>Targets visceral adipose tissue in preclinical models</li>
    <li>Provides mechanistic insight into obesity pharmacology</li>
    <li>Lyophilised format ensures stability and accurate dosing</li>
</ul>

<p><strong>Purity:</strong> ≥98% (HPLC verified) | <strong>Format:</strong> Lyophilised powder | <strong>Storage:</strong> Store at −20°C, protect from light and moisture. Stable for 24 months when properly stored.</p>

<p>Order MOTS-c 5mg online Australia with confidence from Alluvia, the trusted supplier for Australian researchers and peptide enthusiasts.</p>",taxable,,1,100,0,0,78.49,,Weight-Loss & Metabolic,"MOTS-c 5mg, Weight-Loss & Metabolic",5,Purity,>98%,1,1
simple,AV-WLM-009,5-Amino-1MQ 200mg,1,0,visible,"High-purity 5-Amino-1MQ 200mg is a benchmark weight-loss & metabolic compound in the field of energy balance and body composition. Trusted by Australian researchers and biohackers, 5-Amino-1MQ 200mg is available online with fast local dispatch.","<h3>5-Amino-1MQ 200mg for Weight-Loss & Metabolic Research | Australia</h3>
<p><strong>5-Amino-1MQ 200mg</strong> inhibits lipogenesis while promoting fat mobilisation via central and peripheral receptor activation. This compound is widely utilised in metabolic disease and obesity research, with growing interest from preclinical and translational research communities worldwide.</p>

<p>Metabolic research models commonly employ subcutaneous administration at doses of 100–500 mcg per session. Researchers are advised to follow institutional guidelines and conduct thorough literature review prior to experimental use.</p>

<ul>
    <li>Activates GLP-1 and related metabolic receptor pathways</li>
    <li>Supports appetite suppression and satiety signalling</li>
    <li>Promotes fat mobilisation and adipocyte lipolysis</li>
    <li>Improves insulin sensitivity and glycaemic control</li>
    <li>High purity ≥98% for rigorous metabolic research</li>
</ul>

<p><strong>Purity:</strong> ≥98% (HPLC verified) | <strong>Format:</strong> Lyophilised powder | <strong>Storage:</strong> Store at −20°C, protect from light and moisture. Stable for 24 months when properly stored.</p>

<p>Australian researchers and biohackers trust Alluvia for premium 5-Amino-1MQ 200mg — order online today with fast, discreet delivery.</p>",taxable,,1,100,0,0,152.16,,Weight-Loss & Metabolic,"5-Amino-1MQ 200mg, Weight-Loss & Metabolic",5,Purity,>98%,1,1
simple,AV-WLM-010,HM-3 (VEGF-derived) 5mg,1,0,visible,"Used by researchers worldwide, HM-3 (VEGF-derived) 5mg is an advanced weight-loss & metabolic peptide for insulin sensitivity and lipid metabolism. Australian researchers can buy HM-3 (VEGF-derived) 5mg online with confidence, backed by ≥98% purity certification.","<h3>Premium HM-3 (VEGF-derived) 5mg | Weight-Loss & Metabolic Australia</h3>
<p><strong>HM-3 (VEGF-derived) 5mg</strong> regulates gut-brain axis signalling to suppress appetite and improve glycaemic control. This compound is widely utilised in endocrinology and gut hormone biology, with growing interest from preclinical and translational research communities worldwide.</p>

<p>GLP-1 pathway research typically utilises peptide concentrations of 0.1–1 nmol/kg in animal models. Researchers are advised to follow institutional guidelines and conduct thorough literature review prior to experimental use.</p>

<ul>
    <li>Modulates gut-brain axis to regulate energy intake</li>
    <li>Supports lipid oxidation and metabolic rate enhancement</li>
    <li>Targets visceral adipose tissue in preclinical models</li>
    <li>Provides mechanistic insight into obesity pharmacology</li>
    <li>Lyophilised format ensures stability and accurate dosing</li>
</ul>

<p><strong>Purity:</strong> ≥98% (HPLC verified) | <strong>Format:</strong> Lyophilised powder | <strong>Storage:</strong> Store at −20°C, protect from light and moisture. Stable for 24 months when properly stored.</p>

<p>Purchase HM-3 (VEGF-derived) 5mg from Alluvia, Australia's leading supplier of research-grade peptides — trusted by Australian researchers nationwide.</p>",taxable,,1,100,0,0,291.62,,Weight-Loss & Metabolic,"HM-3 (VEGF-derived) 5mg, Weight-Loss & Metabolic",5,Purity,>98%,1,1
simple,AV-WLM-011,LEAP2 5mg,1,0,visible,"LEAP2 5mg is a high-purity weight-loss & metabolic compound offering metabolic rate optimisation and fat loss. Available to buy online Australia, LEAP2 5mg meets strict quality standards with ≥98% purity.","<h3>LEAP2 5mg | Weight-Loss & Metabolic | Research Grade Australia</h3>
<p><strong>LEAP2 5mg</strong> activates GLP-1 receptors in the hypothalamus and pancreas to regulate appetite and insulin secretion. This compound is widely utilised in type 2 diabetes and insulin resistance research, with growing interest from preclinical and translational research communities worldwide.</p>

<p>Investigational metabolic protocols reconstitute peptide to 1 mg/mL in sterile saline for experimental delivery. Researchers are advised to follow institutional guidelines and conduct thorough literature review prior to experimental use.</p>

<ul>
    <li>Activates GLP-1 and related metabolic receptor pathways</li>
    <li>Supports appetite suppression and satiety signalling</li>
    <li>Promotes fat mobilisation and adipocyte lipolysis</li>
    <li>Improves insulin sensitivity and glycaemic control</li>
    <li>High purity ≥98% for rigorous metabolic research</li>
</ul>

<p><strong>Purity:</strong> ≥98% (HPLC verified) | <strong>Format:</strong> Lyophilised powder | <strong>Storage:</strong> Store at −20°C, protect from light and moisture. Stable for 24 months when properly stored.</p>

<p>Alluvia provides Australian researchers with premium-grade LEAP2 5mg — buy online Australia for fast domestic dispatch.</p>",taxable,,1,100,0,0,126.0,,Weight-Loss & Metabolic,"LEAP2 5mg, Weight-Loss & Metabolic",5,Purity,>98%,1,1
simple,AV-WLM-012,Oxyntomodulin 5mg,1,0,visible,"Discover Oxyntomodulin 5mg, a premium weight-loss & metabolic peptide designed for appetite regulation and glucose control. Buy Oxyntomodulin 5mg online Australia from a trusted supplier committed to research excellence.","<h3>Buy Oxyntomodulin 5mg Online Australia | Weight-Loss & Metabolic</h3>
<p><strong>Oxyntomodulin 5mg</strong> modulates adipocyte lipolysis and fatty acid oxidation through targeted receptor engagement. This compound is widely utilised in appetite regulation and energy homeostasis science, with growing interest from preclinical and translational research communities worldwide.</p>

<p>Research dosing for obesity models typically ranges from 50–500 mcg per administration session. Researchers are advised to follow institutional guidelines and conduct thorough literature review prior to experimental use.</p>

<ul>
    <li>Modulates gut-brain axis to regulate energy intake</li>
    <li>Supports lipid oxidation and metabolic rate enhancement</li>
    <li>Targets visceral adipose tissue in preclinical models</li>
    <li>Provides mechanistic insight into obesity pharmacology</li>
    <li>Lyophilised format ensures stability and accurate dosing</li>
</ul>

<p><strong>Purity:</strong> ≥98% (HPLC verified) | <strong>Format:</strong> Lyophilised powder | <strong>Storage:</strong> Store at −20°C, protect from light and moisture. Stable for 24 months when properly stored.</p>

<p>Shop Oxyntomodulin 5mg online at Alluvia — trusted by Australian researchers and biohackers seeking the highest purity peptides.</p>",taxable,,1,100,0,0,245.34,,Weight-Loss & Metabolic,"Oxyntomodulin 5mg, Weight-Loss & Metabolic",5,Purity,>98%,1,1
simple,AV-WLM-013,Liraglutide 5mg,1,0,visible,"Liraglutide 5mg provides researchers with a potent weight-loss & metabolic agent supporting GLP-1 pathway activation. Available online across Australia, this peptide is supplied at ≥98% purity for reliable results.","<h3>Liraglutide 5mg – High Purity Weight-Loss & Metabolic Peptide</h3>
<p><strong>Liraglutide 5mg</strong> stimulates AMPK-mediated metabolic pathways to enhance glucose uptake and energy expenditure. This compound is widely utilised in metabolic disease and obesity research, with growing interest from preclinical and translational research communities worldwide.</p>

<p>Metabolic research models commonly employ subcutaneous administration at doses of 100–500 mcg per session. Researchers are advised to follow institutional guidelines and conduct thorough literature review prior to experimental use.</p>

<ul>
    <li>Activates GLP-1 and related metabolic receptor pathways</li>
    <li>Supports appetite suppression and satiety signalling</li>
    <li>Promotes fat mobilisation and adipocyte lipolysis</li>
    <li>Improves insulin sensitivity and glycaemic control</li>
    <li>High purity ≥98% for rigorous metabolic research</li>
</ul>

<p><strong>Purity:</strong> ≥98% (HPLC verified) | <strong>Format:</strong> Lyophilised powder | <strong>Storage:</strong> Store at −20°C, protect from light and moisture. Stable for 24 months when properly stored.</p>

<p>Buy Liraglutide 5mg online in Australia from Alluvia — trusted by Australian researchers and biohackers for quality and purity.</p>",taxable,,1,100,0,0,169.65,,Weight-Loss & Metabolic,"Liraglutide 5mg, Weight-Loss & Metabolic",5,Purity,>98%,1,1
simple,AV-WLM-014,Dulaglutide 5mg,1,0,visible,"A leading weight-loss & metabolic compound, Dulaglutide 5mg is valued for its role in energy balance and body composition. Trusted by Australian researchers and biohackers, Dulaglutide 5mg is available online with fast local dispatch.","<h3>Dulaglutide 5mg for Weight-Loss & Metabolic Research | Australia</h3>
<p><strong>Dulaglutide 5mg</strong> inhibits lipogenesis while promoting fat mobilisation via central and peripheral receptor activation. This compound is widely utilised in endocrinology and gut hormone biology, with growing interest from preclinical and translational research communities worldwide.</p>

<p>GLP-1 pathway research typically utilises peptide concentrations of 0.1–1 nmol/kg in animal models. Researchers are advised to follow institutional guidelines and conduct thorough literature review prior to experimental use.</p>

<ul>
    <li>Modulates gut-brain axis to regulate energy intake</li>
    <li>Supports lipid oxidation and metabolic rate enhancement</li>
    <li>Targets visceral adipose tissue in preclinical models</li>
    <li>Provides mechanistic insight into obesity pharmacology</li>
    <li>Lyophilised format ensures stability and accurate dosing</li>
</ul>

<p><strong>Purity:</strong> ≥98% (HPLC verified) | <strong>Format:</strong> Lyophilised powder | <strong>Storage:</strong> Store at −20°C, protect from light and moisture. Stable for 24 months when properly stored.</p>

<p>Order Dulaglutide 5mg online Australia with confidence from Alluvia, the trusted supplier for Australian researchers and peptide enthusiasts.</p>",taxable,,1,100,0,0,162.29,,Weight-Loss & Metabolic,"Dulaglutide 5mg, Weight-Loss & Metabolic",5,Purity,>98%,1,1
simple,AV-WLM-015,GLP-2 (Teduglutide) 2mg,1,0,visible,"GLP-2 (Teduglutide) 2mg stands out among weight-loss & metabolic products for its proven role in insulin sensitivity and lipid metabolism. Australian researchers can buy GLP-2 (Teduglutide) 2mg online with confidence, backed by ≥98% purity certification.","<h3>Premium GLP-2 (Teduglutide) 2mg | Weight-Loss & Metabolic Australia</h3>
<p><strong>GLP-2 (Teduglutide) 2mg</strong> regulates gut-brain axis signalling to suppress appetite and improve glycaemic control. This compound is widely utilised in type 2 diabetes and insulin resistance research, with growing interest from preclinical and translational research communities worldwide.</p>

<p>Investigational metabolic protocols reconstitute peptide to 1 mg/mL in sterile saline for experimental delivery. Researchers are advised to follow institutional guidelines and conduct thorough literature review prior to experimental use.</p>

<ul>
    <li>Activates GLP-1 and related metabolic receptor pathways</li>
    <li>Supports appetite suppression and satiety signalling</li>
    <li>Promotes fat mobilisation and adipocyte lipolysis</li>
    <li>Improves insulin sensitivity and glycaemic control</li>
    <li>High purity ≥98% for rigorous metabolic research</li>
</ul>

<p><strong>Purity:</strong> ≥98% (HPLC verified) | <strong>Format:</strong> Lyophilised powder | <strong>Storage:</strong> Store at −20°C, protect from light and moisture. Stable for 24 months when properly stored.</p>

<p>Australian researchers and biohackers trust Alluvia for premium GLP-2 (Teduglutide) 2mg — order online today with fast, discreet delivery.</p>",taxable,,1,100,0,0,285.18,,Weight-Loss & Metabolic,"GLP-2 (Teduglutide) 2mg, Weight-Loss & Metabolic",5,Purity,>98%,1,1
simple,AV-WLM-016,GIP (1-42) 2mg,1,0,visible,"Sourced to rigorous standards, GIP (1-42) 2mg is a trusted weight-loss & metabolic peptide for metabolic rate optimisation and fat loss. Available to buy online Australia, GIP (1-42) 2mg meets strict quality standards with ≥98% purity.","<h3>GIP (1-42) 2mg | Weight-Loss & Metabolic | Research Grade Australia</h3>
<p><strong>GIP (1-42) 2mg</strong> activates GLP-1 receptors in the hypothalamus and pancreas to regulate appetite and insulin secretion. This compound is widely utilised in appetite regulation and energy homeostasis science, with growing interest from preclinical and translational research communities worldwide.</p>

<p>Research dosing for obesity models typically ranges from 50–500 mcg per administration session. Researchers are advised to follow institutional guidelines and conduct thorough literature review prior to experimental use.</p>

<ul>
    <li>Modulates gut-brain axis to regulate energy intake</li>
    <li>Supports lipid oxidation and metabolic rate enhancement</li>
    <li>Targets visceral adipose tissue in preclinical models</li>
    <li>Provides mechanistic insight into obesity pharmacology</li>
    <li>Lyophilised format ensures stability and accurate dosing</li>
</ul>

<p><strong>Purity:</strong> ≥98% (HPLC verified) | <strong>Format:</strong> Lyophilised powder | <strong>Storage:</strong> Store at −20°C, protect from light and moisture. Stable for 24 months when properly stored.</p>

<p>Purchase GIP (1-42) 2mg from Alluvia, Australia's leading supplier of research-grade peptides — trusted by Australian researchers nationwide.</p>",taxable,,1,100,0,0,293.95,,Weight-Loss & Metabolic,"GIP (1-42) 2mg, Weight-Loss & Metabolic",5,Purity,>98%,1,1
simple,AV-WLM-017,GIP/GLP-1 Dual Agonist 5mg,1,0,visible,"For those seeking quality weight-loss & metabolic solutions, GIP/GLP-1 Dual Agonist 5mg delivers outstanding appetite regulation and glucose control. Buy GIP/GLP-1 Dual Agonist 5mg online Australia from a trusted supplier committed to research excellence.","<h3>Buy GIP/GLP-1 Dual Agonist 5mg Online Australia | Weight-Loss & Metabolic</h3>
<p><strong>GIP/GLP-1 Dual Agonist 5mg</strong> modulates adipocyte lipolysis and fatty acid oxidation through targeted receptor engagement. This compound is widely utilised in metabolic disease and obesity research, with growing interest from preclinical and translational research communities worldwide.</p>

<p>Metabolic research models commonly employ subcutaneous administration at doses of 100–500 mcg per session. Researchers are advised to follow institutional guidelines and conduct thorough literature review prior to experimental use.</p>

<ul>
    <li>Activates GLP-1 and related metabolic receptor pathways</li>
    <li>Supports appetite suppression and satiety signalling</li>
    <li>Promotes fat mobilisation and adipocyte lipolysis</li>
    <li>Improves insulin sensitivity and glycaemic control</li>
    <li>High purity ≥98% for rigorous metabolic research</li>
</ul>

<p><strong>Purity:</strong> ≥98% (HPLC verified) | <strong>Format:</strong> Lyophilised powder | <strong>Storage:</strong> Store at −20°C, protect from light and moisture. Stable for 24 months when properly stored.</p>

<p>Alluvia provides Australian researchers with premium-grade GIP/GLP-1 Dual Agonist 5mg — buy online Australia for fast domestic dispatch.</p>",taxable,,1,100,0,0,192.83,,Weight-Loss & Metabolic,"GIP/GLP-1 Dual Agonist 5mg, Weight-Loss & Metabolic",5,Purity,>98%,1,1
simple,AV-WLM-018,Exendin-4 2mg,1,0,visible,"Exendin-4 2mg is a research-grade weight-loss & metabolic peptide renowned for GLP-1 pathway activation. Available online across Australia, this peptide is supplied at ≥98% purity for reliable results.","<h3>Exendin-4 2mg – High Purity Weight-Loss & Metabolic Peptide</h3>
<p><strong>Exendin-4 2mg</strong> stimulates AMPK-mediated metabolic pathways to enhance glucose uptake and energy expenditure. This compound is widely utilised in endocrinology and gut hormone biology, with growing interest from preclinical and translational research communities worldwide.</p>

<p>GLP-1 pathway research typically utilises peptide concentrations of 0.1–1 nmol/kg in animal models. Researchers are advised to follow institutional guidelines and conduct thorough literature review prior to experimental use.</p>

<ul>
    <li>Modulates gut-brain axis to regulate energy intake</li>
    <li>Supports lipid oxidation and metabolic rate enhancement</li>
    <li>Targets visceral adipose tissue in preclinical models</li>
    <li>Provides mechanistic insight into obesity pharmacology</li>
    <li>Lyophilised format ensures stability and accurate dosing</li>
</ul>

<p><strong>Purity:</strong> ≥98% (HPLC verified) | <strong>Format:</strong> Lyophilised powder | <strong>Storage:</strong> Store at −20°C, protect from light and moisture. Stable for 24 months when properly stored.</p>

<p>Shop Exendin-4 2mg online at Alluvia — trusted by Australian researchers and biohackers seeking the highest purity peptides.</p>",taxable,,1,100,0,0,230.23,,Weight-Loss & Metabolic,"Exendin-4 2mg, Weight-Loss & Metabolic",5,Purity,>98%,1,1
simple,AV-WLM-019,Exendin-3 2mg,1,0,visible,"High-purity Exendin-3 2mg is a benchmark weight-loss & metabolic compound in the field of energy balance and body composition. Trusted by Australian researchers and biohackers, Exendin-3 2mg is available online with fast local dispatch.","<h3>Exendin-3 2mg for Weight-Loss & Metabolic Research | Australia</h3>
<p><strong>Exendin-3 2mg</strong> inhibits lipogenesis while promoting fat mobilisation via central and peripheral receptor activation. This compound is widely utilised in type 2 diabetes and insulin resistance research, with growing interest from preclinical and translational research communities worldwide.</p>

<p>Investigational metabolic protocols reconstitute peptide to 1 mg/mL in sterile saline for experimental delivery. Researchers are advised to follow institutional guidelines and conduct thorough literature review prior to experimental use.</p>

<ul>
    <li>Activates GLP-1 and related metabolic receptor pathways</li>
    <li>Supports appetite suppression and satiety signalling</li>
    <li>Promotes fat mobilisation and adipocyte lipolysis</li>
    <li>Improves insulin sensitivity and glycaemic control</li>
    <li>High purity ≥98% for rigorous metabolic research</li>
</ul>

<p><strong>Purity:</strong> ≥98% (HPLC verified) | <strong>Format:</strong> Lyophilised powder | <strong>Storage:</strong> Store at −20°C, protect from light and moisture. Stable for 24 months when properly stored.</p>

<p>Buy Exendin-3 2mg online in Australia from Alluvia — trusted by Australian researchers and biohackers for quality and purity.</p>",taxable,,1,100,0,0,100.6,,Weight-Loss & Metabolic,"Exendin-3 2mg, Weight-Loss & Metabolic",5,Purity,>98%,1,1
simple,AV-WLM-020,PYY (3-36) 2mg,1,0,visible,"Used by researchers worldwide, PYY (3-36) 2mg is an advanced weight-loss & metabolic peptide for insulin sensitivity and lipid metabolism. Australian researchers can buy PYY (3-36) 2mg online with confidence, backed by ≥98% purity certification.","<h3>Premium PYY (3-36) 2mg | Weight-Loss & Metabolic Australia</h3>
<p><strong>PYY (3-36) 2mg</strong> regulates gut-brain axis signalling to suppress appetite and improve glycaemic control. This compound is widely utilised in appetite regulation and energy homeostasis science, with growing interest from preclinical and translational research communities worldwide.</p>

<p>Research dosing for obesity models typically ranges from 50–500 mcg per administration session. Researchers are advised to follow institutional guidelines and conduct thorough literature review prior to experimental use.</p>

<ul>
    <li>Modulates gut-brain axis to regulate energy intake</li>
    <li>Supports lipid oxidation and metabolic rate enhancement</li>
    <li>Targets visceral adipose tissue in preclinical models</li>
    <li>Provides mechanistic insight into obesity pharmacology</li>
    <li>Lyophilised format ensures stability and accurate dosing</li>
</ul>

<p><strong>Purity:</strong> ≥98% (HPLC verified) | <strong>Format:</strong> Lyophilised powder | <strong>Storage:</strong> Store at −20°C, protect from light and moisture. Stable for 24 months when properly stored.</p>

<p>Order PYY (3-36) 2mg online Australia with confidence from Alluvia, the trusted supplier for Australian researchers and peptide enthusiasts.</p>",taxable,,1,100,0,0,133.24,,Weight-Loss & Metabolic,"PYY (3-36) 2mg, Weight-Loss & Metabolic",5,Purity,>98%,1,1
simple,AV-WLM-021,Ghrelin (Human) 2mg,1,0,visible,"Ghrelin (Human) 2mg is a high-purity weight-loss & metabolic compound offering metabolic rate optimisation and fat loss. Available to buy online Australia, Ghrelin (Human) 2mg meets strict quality standards with ≥98% purity.","<h3>Ghrelin (Human) 2mg | Weight-Loss & Metabolic | Research Grade Australia</h3>
<p><strong>Ghrelin (Human) 2mg</strong> activates GLP-1 receptors in the hypothalamus and pancreas to regulate appetite and insulin secretion. This compound is widely utilised in metabolic disease and obesity research, with growing interest from preclinical and translational research communities worldwide.</p>

<p>Metabolic research models commonly employ subcutaneous administration at doses of 100–500 mcg per session. Researchers are advised to follow institutional guidelines and conduct thorough literature review prior to experimental use.</p>

<ul>
    <li>Activates GLP-1 and related metabolic receptor pathways</li>
    <li>Supports appetite suppression and satiety signalling</li>
    <li>Promotes fat mobilisation and adipocyte lipolysis</li>
    <li>Improves insulin sensitivity and glycaemic control</li>
    <li>High purity ≥98% for rigorous metabolic research</li>
</ul>

<p><strong>Purity:</strong> ≥98% (HPLC verified) | <strong>Format:</strong> Lyophilised powder | <strong>Storage:</strong> Store at −20°C, protect from light and moisture. Stable for 24 months when properly stored.</p>

<p>Australian researchers and biohackers trust Alluvia for premium Ghrelin (Human) 2mg — order online today with fast, discreet delivery.</p>",taxable,,1,100,0,0,287.8,,Weight-Loss & Metabolic,"Ghrelin (Human) 2mg, Weight-Loss & Metabolic",5,Purity,>98%,1,1
simple,AV-WLM-022,Des-Acyl Ghrelin 2mg,1,0,visible,"Discover Des-Acyl Ghrelin 2mg, a premium weight-loss & metabolic peptide designed for appetite regulation and glucose control. Buy Des-Acyl Ghrelin 2mg online Australia from a trusted supplier committed to research excellence.","<h3>Buy Des-Acyl Ghrelin 2mg Online Australia | Weight-Loss & Metabolic</h3>
<p><strong>Des-Acyl Ghrelin 2mg</strong> modulates adipocyte lipolysis and fatty acid oxidation through targeted receptor engagement. This compound is widely utilised in endocrinology and gut hormone biology, with growing interest from preclinical and translational research communities worldwide.</p>

<p>GLP-1 pathway research typically utilises peptide concentrations of 0.1–1 nmol/kg in animal models. Researchers are advised to follow institutional guidelines and conduct thorough literature review prior to experimental use.</p>

<ul>
    <li>Modulates gut-brain axis to regulate energy intake</li>
    <li>Supports lipid oxidation and metabolic rate enhancement</li>
    <li>Targets visceral adipose tissue in preclinical models</li>
    <li>Provides mechanistic insight into obesity pharmacology</li>
    <li>Lyophilised format ensures stability and accurate dosing</li>
</ul>

<p><strong>Purity:</strong> ≥98% (HPLC verified) | <strong>Format:</strong> Lyophilised powder | <strong>Storage:</strong> Store at −20°C, protect from light and moisture. Stable for 24 months when properly stored.</p>

<p>Purchase Des-Acyl Ghrelin 2mg from Alluvia, Australia's leading supplier of research-grade peptides — trusted by Australian researchers nationwide.</p>",taxable,,1,100,0,0,198.21,,Weight-Loss & Metabolic,"Des-Acyl Ghrelin 2mg, Weight-Loss & Metabolic",5,Purity,>98%,1,1
simple,AV-WLM-023,Obestatin 2mg,1,0,visible,"Obestatin 2mg provides researchers with a potent weight-loss & metabolic agent supporting GLP-1 pathway activation. Available online across Australia, this peptide is supplied at ≥98% purity for reliable results.","<h3>Obestatin 2mg – High Purity Weight-Loss & Metabolic Peptide</h3>
<p><strong>Obestatin 2mg</strong> stimulates AMPK-mediated metabolic pathways to enhance glucose uptake and energy expenditure. This compound is widely utilised in type 2 diabetes and insulin resistance research, with growing interest from preclinical and translational research communities worldwide.</p>

<p>Investigational metabolic protocols reconstitute peptide to 1 mg/mL in sterile saline for experimental delivery. Researchers are advised to follow institutional guidelines and conduct thorough literature review prior to experimental use.</p>

<ul>
    <li>Activates GLP-1 and related metabolic receptor pathways</li>
    <li>Supports appetite suppression and satiety signalling</li>
    <li>Promotes fat mobilisation and adipocyte lipolysis</li>
    <li>Improves insulin sensitivity and glycaemic control</li>
    <li>High purity ≥98% for rigorous metabolic research</li>
</ul>

<p><strong>Purity:</strong> ≥98% (HPLC verified) | <strong>Format:</strong> Lyophilised powder | <strong>Storage:</strong> Store at −20°C, protect from light and moisture. Stable for 24 months when properly stored.</p>

<p>Alluvia provides Australian researchers with premium-grade Obestatin 2mg — buy online Australia for fast domestic dispatch.</p>",taxable,,1,100,0,0,189.7,,Weight-Loss & Metabolic,"Obestatin 2mg, Weight-Loss & Metabolic",5,Purity,>98%,1,1
simple,AV-WLM-024,Nesfatin-1 2mg,1,0,visible,"A leading weight-loss & metabolic compound, Nesfatin-1 2mg is valued for its role in energy balance and body composition. Trusted by Australian researchers and biohackers, Nesfatin-1 2mg is available online with fast local dispatch.","<h3>Nesfatin-1 2mg for Weight-Loss & Metabolic Research | Australia</h3>
<p><strong>Nesfatin-1 2mg</strong> inhibits lipogenesis while promoting fat mobilisation via central and peripheral receptor activation. This compound is widely utilised in appetite regulation and energy homeostasis science, with growing interest from preclinical and translational research communities worldwide.</p>

<p>Research dosing for obesity models typically ranges from 50–500 mcg per administration session. Researchers are advised to follow institutional guidelines and conduct thorough literature review prior to experimental use.</p>

<ul>
    <li>Modulates gut-brain axis to regulate energy intake</li>
    <li>Supports lipid oxidation and metabolic rate enhancement</li>
    <li>Targets visceral adipose tissue in preclinical models</li>
    <li>Provides mechanistic insight into obesity pharmacology</li>
    <li>Lyophilised format ensures stability and accurate dosing</li>
</ul>

<p><strong>Purity:</strong> ≥98% (HPLC verified) | <strong>Format:</strong> Lyophilised powder | <strong>Storage:</strong> Store at −20°C, protect from light and moisture. Stable for 24 months when properly stored.</p>

<p>Shop Nesfatin-1 2mg online at Alluvia — trusted by Australian researchers and biohackers seeking the highest purity peptides.</p>",taxable,,1,100,0,0,237.03,,Weight-Loss & Metabolic,"Nesfatin-1 2mg, Weight-Loss & Metabolic",5,Purity,>98%,1,1
simple,AV-WLM-025,Leptin Fragment (116-130) 2mg,1,0,visible,"Leptin Fragment (116-130) 2mg stands out among weight-loss & metabolic products for its proven role in insulin sensitivity and lipid metabolism. Australian researchers can buy Leptin Fragment (116-130) 2mg online with confidence, backed by ≥98% purity certification.","<h3>Premium Leptin Fragment (116-130) 2mg | Weight-Loss & Metabolic Australia</h3>
<p><strong>Leptin Fragment (116-130) 2mg</strong> regulates gut-brain axis signalling to suppress appetite and improve glycaemic control. This compound is widely utilised in metabolic disease and obesity research, with growing interest from preclinical and translational research communities worldwide.</p>

<p>Metabolic research models commonly employ subcutaneous administration at doses of 100–500 mcg per session. Researchers are advised to follow institutional guidelines and conduct thorough literature review prior to experimental use.</p>

<ul>
    <li>Activates GLP-1 and related metabolic receptor pathways</li>
    <li>Supports appetite suppression and satiety signalling</li>
    <li>Promotes fat mobilisation and adipocyte lipolysis</li>
    <li>Improves insulin sensitivity and glycaemic control</li>
    <li>High purity ≥98% for rigorous metabolic research</li>
</ul>

<p><strong>Purity:</strong> ≥98% (HPLC verified) | <strong>Format:</strong> Lyophilised powder | <strong>Storage:</strong> Store at −20°C, protect from light and moisture. Stable for 24 months when properly stored.</p>

<p>Buy Leptin Fragment (116-130) 2mg online in Australia from Alluvia — trusted by Australian researchers and biohackers for quality and purity.</p>",taxable,,1,100,0,0,78.15,,Weight-Loss & Metabolic,"Leptin Fragment (116-130) 2mg, Weight-Loss & Metabolic",5,Purity,>98%,1,1
simple,AV-WLM-026,Adiponectin (Active Fragment) 2mg,1,0,visible,"Sourced to rigorous standards, Adiponectin (Active Fragment) 2mg is a trusted weight-loss & metabolic peptide for metabolic rate optimisation and fat loss. Available to buy online Australia, Adiponectin (Active Fragment) 2mg meets strict quality standards with ≥98% purity.","<h3>Adiponectin (Active Fragment) 2mg | Weight-Loss & Metabolic | Research Grade Australia</h3>
<p><strong>Adiponectin (Active Fragment) 2mg</strong> activates GLP-1 receptors in the hypothalamus and pancreas to regulate appetite and insulin secretion. This compound is widely utilised in endocrinology and gut hormone biology, with growing interest from preclinical and translational research communities worldwide.</p>

<p>GLP-1 pathway research typically utilises peptide concentrations of 0.1–1 nmol/kg in animal models. Researchers are advised to follow institutional guidelines and conduct thorough literature review prior to experimental use.</p>

<ul>
    <li>Modulates gut-brain axis to regulate energy intake</li>
    <li>Supports lipid oxidation and metabolic rate enhancement</li>
    <li>Targets visceral adipose tissue in preclinical models</li>
    <li>Provides mechanistic insight into obesity pharmacology</li>
    <li>Lyophilised format ensures stability and accurate dosing</li>
</ul>

<p><strong>Purity:</strong> ≥98% (HPLC verified) | <strong>Format:</strong> Lyophilised powder | <strong>Storage:</strong> Store at −20°C, protect from light and moisture. Stable for 24 months when properly stored.</p>

<p>Order Adiponectin (Active Fragment) 2mg online Australia with confidence from Alluvia, the trusted supplier for Australian researchers and peptide enthusiasts.</p>",taxable,,1,100,0,0,199.36,,Weight-Loss & Metabolic,"Adiponectin (Active Fragment) 2mg, Weight-Loss & Metabolic",5,Purity,>98%,1,1
simple,AV-WLM-027,Apelin-13 2mg,1,0,visible,"For those seeking quality weight-loss & metabolic solutions, Apelin-13 2mg delivers outstanding appetite regulation and glucose control. Buy Apelin-13 2mg online Australia from a trusted supplier committed to research excellence.","<h3>Buy Apelin-13 2mg Online Australia | Weight-Loss & Metabolic</h3>
<p><strong>Apelin-13 2mg</strong> modulates adipocyte lipolysis and fatty acid oxidation through targeted receptor engagement. This compound is widely utilised in type 2 diabetes and insulin resistance research, with growing interest from preclinical and translational research communities worldwide.</p>

<p>Investigational metabolic protocols reconstitute peptide to 1 mg/mL in sterile saline for experimental delivery. Researchers are advised to follow institutional guidelines and conduct thorough literature review prior to experimental use.</p>

<ul>
    <li>Activates GLP-1 and related metabolic receptor pathways</li>
    <li>Supports appetite suppression and satiety signalling</li>
    <li>Promotes fat mobilisation and adipocyte lipolysis</li>
    <li>Improves insulin sensitivity and glycaemic control</li>
    <li>High purity ≥98% for rigorous metabolic research</li>
</ul>

<p><strong>Purity:</strong> ≥98% (HPLC verified) | <strong>Format:</strong> Lyophilised powder | <strong>Storage:</strong> Store at −20°C, protect from light and moisture. Stable for 24 months when properly stored.</p>

<p>Australian researchers and biohackers trust Alluvia for premium Apelin-13 2mg — order online today with fast, discreet delivery.</p>",taxable,,1,100,0,0,180.66,,Weight-Loss & Metabolic,"Apelin-13 2mg, Weight-Loss & Metabolic",5,Purity,>98%,1,1
simple,AV-WLM-028,Apelin-36 2mg,1,0,visible,"Apelin-36 2mg is a research-grade weight-loss & metabolic peptide renowned for GLP-1 pathway activation. Available online across Australia, this peptide is supplied at ≥98% purity for reliable results.","<h3>Apelin-36 2mg – High Purity Weight-Loss & Metabolic Peptide</h3>
<p><strong>Apelin-36 2mg</strong> stimulates AMPK-mediated metabolic pathways to enhance glucose uptake and energy expenditure. This compound is widely utilised in appetite regulation and energy homeostasis science, with growing interest from preclinical and translational research communities worldwide.</p>

<p>Research dosing for obesity models typically ranges from 50–500 mcg per administration session. Researchers are advised to follow institutional guidelines and conduct thorough literature review prior to experimental use.</p>

<ul>
    <li>Modulates gut-brain axis to regulate energy intake</li>
    <li>Supports lipid oxidation and metabolic rate enhancement</li>
    <li>Targets visceral adipose tissue in preclinical models</li>
    <li>Provides mechanistic insight into obesity pharmacology</li>
    <li>Lyophilised format ensures stability and accurate dosing</li>
</ul>

<p><strong>Purity:</strong> ≥98% (HPLC verified) | <strong>Format:</strong> Lyophilised powder | <strong>Storage:</strong> Store at −20°C, protect from light and moisture. Stable for 24 months when properly stored.</p>

<p>Purchase Apelin-36 2mg from Alluvia, Australia's leading supplier of research-grade peptides — trusted by Australian researchers nationwide.</p>",taxable,,1,100,0,0,261.13,,Weight-Loss & Metabolic,"Apelin-36 2mg, Weight-Loss & Metabolic",5,Purity,>98%,1,1
simple,AV-WLM-029,CCK-8 (Cholecystokinin) 2mg,1,0,visible,"High-purity CCK-8 (Cholecystokinin) 2mg is a benchmark weight-loss & metabolic compound in the field of energy balance and body composition. Trusted by Australian researchers and biohackers, CCK-8 (Cholecystokinin) 2mg is available online with fast local dispatch.","<h3>CCK-8 (Cholecystokinin) 2mg for Weight-Loss & Metabolic Research | Australia</h3>
<p><strong>CCK-8 (Cholecystokinin) 2mg</strong> inhibits lipogenesis while promoting fat mobilisation via central and peripheral receptor activation. This compound is widely utilised in metabolic disease and obesity research, with growing interest from preclinical and translational research communities worldwide.</p>

<p>Metabolic research models commonly employ subcutaneous administration at doses of 100–500 mcg per session. Researchers are advised to follow institutional guidelines and conduct thorough literature review prior to experimental use.</p>

<ul>
    <li>Activates GLP-1 and related metabolic receptor pathways</li>
    <li>Supports appetite suppression and satiety signalling</li>
    <li>Promotes fat mobilisation and adipocyte lipolysis</li>
    <li>Improves insulin sensitivity and glycaemic control</li>
    <li>High purity ≥98% for rigorous metabolic research</li>
</ul>

<p><strong>Purity:</strong> ≥98% (HPLC verified) | <strong>Format:</strong> Lyophilised powder | <strong>Storage:</strong> Store at −20°C, protect from light and moisture. Stable for 24 months when properly stored.</p>

<p>Alluvia provides Australian researchers with premium-grade CCK-8 (Cholecystokinin) 2mg — buy online Australia for fast domestic dispatch.</p>",taxable,,1,100,0,0,101.21,,Weight-Loss & Metabolic,"CCK-8 (Cholecystokinin) 2mg, Weight-Loss & Metabolic",5,Purity,>98%,1,1
simple,AV-WLM-030,GLP-1 (7-36) Amide 2mg,1,0,visible,"Used by researchers worldwide, GLP-1 (7-36) Amide 2mg is an advanced weight-loss & metabolic peptide for insulin sensitivity and lipid metabolism. Australian researchers can buy GLP-1 (7-36) Amide 2mg online with confidence, backed by ≥98% purity certification.","<h3>Premium GLP-1 (7-36) Amide 2mg | Weight-Loss & Metabolic Australia</h3>
<p><strong>GLP-1 (7-36) Amide 2mg</strong> regulates gut-brain axis signalling to suppress appetite and improve glycaemic control. This compound is widely utilised in endocrinology and gut hormone biology, with growing interest from preclinical and translational research communities worldwide.</p>

<p>GLP-1 pathway research typically utilises peptide concentrations of 0.1–1 nmol/kg in animal models. Researchers are advised to follow institutional guidelines and conduct thorough literature review prior to experimental use.</p>

<ul>
    <li>Modulates gut-brain axis to regulate energy intake</li>
    <li>Supports lipid oxidation and metabolic rate enhancement</li>
    <li>Targets visceral adipose tissue in preclinical models</li>
    <li>Provides mechanistic insight into obesity pharmacology</li>
    <li>Lyophilised format ensures stability and accurate dosing</li>
</ul>

<p><strong>Purity:</strong> ≥98% (HPLC verified) | <strong>Format:</strong> Lyophilised powder | <strong>Storage:</strong> Store at −20°C, protect from light and moisture. Stable for 24 months when properly stored.</p>

<p>Shop GLP-1 (7-36) Amide 2mg online at Alluvia — trusted by Australian researchers and biohackers seeking the highest purity peptides.</p>",taxable,,1,100,0,0,285.98,,Weight-Loss & Metabolic,"GLP-1 (7-36) Amide 2mg, Weight-Loss & Metabolic",5,Purity,>98%,1,1
simple,AV-WLM-031,GLP-1 (7-37) 2mg,1,0,visible,"GLP-1 (7-37) 2mg is a high-purity weight-loss & metabolic compound offering metabolic rate optimisation and fat loss. Available to buy online Australia, GLP-1 (7-37) 2mg meets strict quality standards with ≥98% purity.","<h3>GLP-1 (7-37) 2mg | Weight-Loss & Metabolic | Research Grade Australia</h3>
<p><strong>GLP-1 (7-37) 2mg</strong> activates GLP-1 receptors in the hypothalamus and pancreas to regulate appetite and insulin secretion. This compound is widely utilised in type 2 diabetes and insulin resistance research, with growing interest from preclinical and translational research communities worldwide.</p>

<p>Investigational metabolic protocols reconstitute peptide to 1 mg/mL in sterile saline for experimental delivery. Researchers are advised to follow institutional guidelines and conduct thorough literature review prior to experimental use.</p>

<ul>
    <li>Activates GLP-1 and related metabolic receptor pathways</li>
    <li>Supports appetite suppression and satiety signalling</li>
    <li>Promotes fat mobilisation and adipocyte lipolysis</li>
    <li>Improves insulin sensitivity and glycaemic control</li>
    <li>High purity ≥98% for rigorous metabolic research</li>
</ul>

<p><strong>Purity:</strong> ≥98% (HPLC verified) | <strong>Format:</strong> Lyophilised powder | <strong>Storage:</strong> Store at −20°C, protect from light and moisture. Stable for 24 months when properly stored.</p>

<p>Buy GLP-1 (7-37) 2mg online in Australia from Alluvia — trusted by Australian researchers and biohackers for quality and purity.</p>",taxable,,1,100,0,0,83.43,,Weight-Loss & Metabolic,"GLP-1 (7-37) 2mg, Weight-Loss & Metabolic",5,Purity,>98%,1,1
simple,AV-WLM-032,CagriSema 5mg,1,0,visible,"Discover CagriSema 5mg, a premium weight-loss & metabolic peptide designed for appetite regulation and glucose control. Buy CagriSema 5mg online Australia from a trusted supplier committed to research excellence.","<h3>Buy CagriSema 5mg Online Australia | Weight-Loss & Metabolic</h3>
<p><strong>CagriSema 5mg</strong> modulates adipocyte lipolysis and fatty acid oxidation through targeted receptor engagement. This compound is widely utilised in appetite regulation and energy homeostasis science, with growing interest from preclinical and translational research communities worldwide.</p>

<p>Research dosing for obesity models typically ranges from 50–500 mcg per administration session. Researchers are advised to follow institutional guidelines and conduct thorough literature review prior to experimental use.</p>

<ul>
    <li>Modulates gut-brain axis to regulate energy intake</li>
    <li>Supports lipid oxidation and metabolic rate enhancement</li>
    <li>Targets visceral adipose tissue in preclinical models</li>
    <li>Provides mechanistic insight into obesity pharmacology</li>
    <li>Lyophilised format ensures stability and accurate dosing</li>
</ul>

<p><strong>Purity:</strong> ≥98% (HPLC verified) | <strong>Format:</strong> Lyophilised powder | <strong>Storage:</strong> Store at −20°C, protect from light and moisture. Stable for 24 months when properly stored.</p>

<p>Order CagriSema 5mg online Australia with confidence from Alluvia, the trusted supplier for Australian researchers and peptide enthusiasts.</p>",taxable,,1,100,0,0,107.74,,Weight-Loss & Metabolic,"CagriSema 5mg, Weight-Loss & Metabolic",5,Purity,>98%,1,1
simple,AV-WLM-033,Cagrilintide 5mg,1,0,visible,"Cagrilintide 5mg provides researchers with a potent weight-loss & metabolic agent supporting GLP-1 pathway activation. Available online across Australia, this peptide is supplied at ≥98% purity for reliable results.","<h3>Cagrilintide 5mg – High Purity Weight-Loss & Metabolic Peptide</h3>
<p><strong>Cagrilintide 5mg</strong> stimulates AMPK-mediated metabolic pathways to enhance glucose uptake and energy expenditure. This compound is widely utilised in metabolic disease and obesity research, with growing interest from preclinical and translational research communities worldwide.</p>

<p>Metabolic research models commonly employ subcutaneous administration at doses of 100–500 mcg per session. Researchers are advised to follow institutional guidelines and conduct thorough literature review prior to experimental use.</p>

<ul>
    <li>Activates GLP-1 and related metabolic receptor pathways</li>
    <li>Supports appetite suppression and satiety signalling</li>
    <li>Promotes fat mobilisation and adipocyte lipolysis</li>
    <li>Improves insulin sensitivity and glycaemic control</li>
    <li>High purity ≥98% for rigorous metabolic research</li>
</ul>

<p><strong>Purity:</strong> ≥98% (HPLC verified) | <strong>Format:</strong> Lyophilised powder | <strong>Storage:</strong> Store at −20°C, protect from light and moisture. Stable for 24 months when properly stored.</p>

<p>Australian researchers and biohackers trust Alluvia for premium Cagrilintide 5mg — order online today with fast, discreet delivery.</p>",taxable,,1,100,0,0,201.86,,Weight-Loss & Metabolic,"Cagrilintide 5mg, Weight-Loss & Metabolic",5,Purity,>98%,1,1
simple,AV-WLM-034,Amylin (Human) 2mg,1,0,visible,"A leading weight-loss & metabolic compound, Amylin (Human) 2mg is valued for its role in energy balance and body composition. Trusted by Australian researchers and biohackers, Amylin (Human) 2mg is available online with fast local dispatch.","<h3>Amylin (Human) 2mg for Weight-Loss & Metabolic Research | Australia</h3>
<p><strong>Amylin (Human) 2mg</strong> inhibits lipogenesis while promoting fat mobilisation via central and peripheral receptor activation. This compound is widely utilised in endocrinology and gut hormone biology, with growing interest from preclinical and translational research communities worldwide.</p>

<p>GLP-1 pathway research typically utilises peptide concentrations of 0.1–1 nmol/kg in animal models. Researchers are advised to follow institutional guidelines and conduct thorough literature review prior to experimental use.</p>

<ul>
    <li>Modulates gut-brain axis to regulate energy intake</li>
    <li>Supports lipid oxidation and metabolic rate enhancement</li>
    <li>Targets visceral adipose tissue in preclinical models</li>
    <li>Provides mechanistic insight into obesity pharmacology</li>
    <li>Lyophilised format ensures stability and accurate dosing</li>
</ul>

<p><strong>Purity:</strong> ≥98% (HPLC verified) | <strong>Format:</strong> Lyophilised powder | <strong>Storage:</strong> Store at −20°C, protect from light and moisture. Stable for 24 months when properly stored.</p>

<p>Purchase Amylin (Human) 2mg from Alluvia, Australia's leading supplier of research-grade peptides — trusted by Australian researchers nationwide.</p>",taxable,,1,100,0,0,220.3,,Weight-Loss & Metabolic,"Amylin (Human) 2mg, Weight-Loss & Metabolic",5,Purity,>98%,1,1
simple,AV-WLM-035,Pramlintide 5mg,1,0,visible,"Pramlintide 5mg stands out among weight-loss & metabolic products for its proven role in insulin sensitivity and lipid metabolism. Australian researchers can buy Pramlintide 5mg online with confidence, backed by ≥98% purity certification.","<h3>Premium Pramlintide 5mg | Weight-Loss & Metabolic Australia</h3>
<p><strong>Pramlintide 5mg</strong> regulates gut-brain axis signalling to suppress appetite and improve glycaemic control. This compound is widely utilised in type 2 diabetes and insulin resistance research, with growing interest from preclinical and translational research communities worldwide.</p>

<p>Investigational metabolic protocols reconstitute peptide to 1 mg/mL in sterile saline for experimental delivery. Researchers are advised to follow institutional guidelines and conduct thorough literature review prior to experimental use.</p>

<ul>
    <li>Activates GLP-1 and related metabolic receptor pathways</li>
    <li>Supports appetite suppression and satiety signalling</li>
    <li>Promotes fat mobilisation and adipocyte lipolysis</li>
    <li>Improves insulin sensitivity and glycaemic control</li>
    <li>High purity ≥98% for rigorous metabolic research</li>
</ul>

<p><strong>Purity:</strong> ≥98% (HPLC verified) | <strong>Format:</strong> Lyophilised powder | <strong>Storage:</strong> Store at −20°C, protect from light and moisture. Stable for 24 months when properly stored.</p>

<p>Alluvia provides Australian researchers with premium-grade Pramlintide 5mg — buy online Australia for fast domestic dispatch.</p>",taxable,,1,100,0,0,119.1,,Weight-Loss & Metabolic,"Pramlintide 5mg, Weight-Loss & Metabolic",5,Purity,>98%,1,1
simple,AV-WLM-036,Xenin-25 2mg,1,0,visible,"Sourced to rigorous standards, Xenin-25 2mg is a trusted weight-loss & metabolic peptide for metabolic rate optimisation and fat loss. Available to buy online Australia, Xenin-25 2mg meets strict quality standards with ≥98% purity.","<h3>Xenin-25 2mg | Weight-Loss & Metabolic | Research Grade Australia</h3>
<p><strong>Xenin-25 2mg</strong> activates GLP-1 receptors in the hypothalamus and pancreas to regulate appetite and insulin secretion. This compound is widely utilised in appetite regulation and energy homeostasis science, with growing interest from preclinical and translational research communities worldwide.</p>

<p>Research dosing for obesity models typically ranges from 50–500 mcg per administration session. Researchers are advised to follow institutional guidelines and conduct thorough literature review prior to experimental use.</p>

<ul>
    <li>Modulates gut-brain axis to regulate energy intake</li>
    <li>Supports lipid oxidation and metabolic rate enhancement</li>
    <li>Targets visceral adipose tissue in preclinical models</li>
    <li>Provides mechanistic insight into obesity pharmacology</li>
    <li>Lyophilised format ensures stability and accurate dosing</li>
</ul>

<p><strong>Purity:</strong> ≥98% (HPLC verified) | <strong>Format:</strong> Lyophilised powder | <strong>Storage:</strong> Store at −20°C, protect from light and moisture. Stable for 24 months when properly stored.</p>

<p>Shop Xenin-25 2mg online at Alluvia — trusted by Australian researchers and biohackers seeking the highest purity peptides.</p>",taxable,,1,100,0,0,92.57,,Weight-Loss & Metabolic,"Xenin-25 2mg, Weight-Loss & Metabolic",5,Purity,>98%,1,1
simple,AV-WLM-037,Spexin 5mg,1,0,visible,"For those seeking quality weight-loss & metabolic solutions, Spexin 5mg delivers outstanding appetite regulation and glucose control. Buy Spexin 5mg online Australia from a trusted supplier committed to research excellence.","<h3>Buy Spexin 5mg Online Australia | Weight-Loss & Metabolic</h3>
<p><strong>Spexin 5mg</strong> modulates adipocyte lipolysis and fatty acid oxidation through targeted receptor engagement. This compound is widely utilised in metabolic disease and obesity research, with growing interest from preclinical and translational research communities worldwide.</p>

<p>Metabolic research models commonly employ subcutaneous administration at doses of 100–500 mcg per session. Researchers are advised to follow institutional guidelines and conduct thorough literature review prior to experimental use.</p>

<ul>
    <li>Activates GLP-1 and related metabolic receptor pathways</li>
    <li>Supports appetite suppression and satiety signalling</li>
    <li>Promotes fat mobilisation and adipocyte lipolysis</li>
    <li>Improves insulin sensitivity and glycaemic control</li>
    <li>High purity ≥98% for rigorous metabolic research</li>
</ul>

<p><strong>Purity:</strong> ≥98% (HPLC verified) | <strong>Format:</strong> Lyophilised powder | <strong>Storage:</strong> Store at −20°C, protect from light and moisture. Stable for 24 months when properly stored.</p>

<p>Buy Spexin 5mg online in Australia from Alluvia — trusted by Australian researchers and biohackers for quality and purity.</p>",taxable,,1,100,0,0,269.77,,Weight-Loss & Metabolic,"Spexin 5mg, Weight-Loss & Metabolic",5,Purity,>98%,1,1
simple,AV-WLM-038,Adropin 5mg,1,0,visible,"Adropin 5mg is a research-grade weight-loss & metabolic peptide renowned for GLP-1 pathway activation. Available online across Australia, this peptide is supplied at ≥98% purity for reliable results.","<h3>Adropin 5mg – High Purity Weight-Loss & Metabolic Peptide</h3>
<p><strong>Adropin 5mg</strong> stimulates AMPK-mediated metabolic pathways to enhance glucose uptake and energy expenditure. This compound is widely utilised in endocrinology and gut hormone biology, with growing interest from preclinical and translational research communities worldwide.</p>

<p>GLP-1 pathway research typically utilises peptide concentrations of 0.1–1 nmol/kg in animal models. Researchers are advised to follow institutional guidelines and conduct thorough literature review prior to experimental use.</p>

<ul>
    <li>Modulates gut-brain axis to regulate energy intake</li>
    <li>Supports lipid oxidation and metabolic rate enhancement</li>
    <li>Targets visceral adipose tissue in preclinical models</li>
    <li>Provides mechanistic insight into obesity pharmacology</li>
    <li>Lyophilised format ensures stability and accurate dosing</li>
</ul>

<p><strong>Purity:</strong> ≥98% (HPLC verified) | <strong>Format:</strong> Lyophilised powder | <strong>Storage:</strong> Store at −20°C, protect from light and moisture. Stable for 24 months when properly stored.</p>

<p>Order Adropin 5mg online Australia with confidence from Alluvia, the trusted supplier for Australian researchers and peptide enthusiasts.</p>",taxable,,1,100,0,0,121.63,,Weight-Loss & Metabolic,"Adropin 5mg, Weight-Loss & Metabolic",5,Purity,>98%,1,1
simple,AV-WLM-039,Irisin 5mg,1,0,visible,"High-purity Irisin 5mg is a benchmark weight-loss & metabolic compound in the field of energy balance and body composition. Trusted by Australian researchers and biohackers, Irisin 5mg is available online with fast local dispatch.","<h3>Irisin 5mg for Weight-Loss & Metabolic Research | Australia</h3>
<p><strong>Irisin 5mg</strong> inhibits lipogenesis while promoting fat mobilisation via central and peripheral receptor activation. This compound is widely utilised in type 2 diabetes and insulin resistance research, with growing interest from preclinical and translational research communities worldwide.</p>

<p>Investigational metabolic protocols reconstitute peptide to 1 mg/mL in sterile saline for experimental delivery. Researchers are advised to follow institutional guidelines and conduct thorough literature review prior to experimental use.</p>

<ul>
    <li>Activates GLP-1 and related metabolic receptor pathways</li>
    <li>Supports appetite suppression and satiety signalling</li>
    <li>Promotes fat mobilisation and adipocyte lipolysis</li>
    <li>Improves insulin sensitivity and glycaemic control</li>
    <li>High purity ≥98% for rigorous metabolic research</li>
</ul>

<p><strong>Purity:</strong> ≥98% (HPLC verified) | <strong>Format:</strong> Lyophilised powder | <strong>Storage:</strong> Store at −20°C, protect from light and moisture. Stable for 24 months when properly stored.</p>

<p>Australian researchers and biohackers trust Alluvia for premium Irisin 5mg — order online today with fast, discreet delivery.</p>",taxable,,1,100,0,0,201.74,,Weight-Loss & Metabolic,"Irisin 5mg, Weight-Loss & Metabolic",5,Purity,>98%,1,1
simple,AV-WLM-040,Meteorin-like Protein Fragment 2mg,1,0,visible,"Used by researchers worldwide, Meteorin-like Protein Fragment 2mg is an advanced weight-loss & metabolic peptide for insulin sensitivity and lipid metabolism. Australian researchers can buy Meteorin-like Protein Fragment 2mg online with confidence, backed by ≥98% purity certification.","<h3>Premium Meteorin-like Protein Fragment 2mg | Weight-Loss & Metabolic Australia</h3>
<p><strong>Meteorin-like Protein Fragment 2mg</strong> regulates gut-brain axis signalling to suppress appetite and improve glycaemic control. This compound is widely utilised in appetite regulation and energy homeostasis science, with growing interest from preclinical and translational research communities worldwide.</p>

<p>Research dosing for obesity models typically ranges from 50–500 mcg per administration session. Researchers are advised to follow institutional guidelines and conduct thorough literature review prior to experimental use.</p>

<ul>
    <li>Modulates gut-brain axis to regulate energy intake</li>
    <li>Supports lipid oxidation and metabolic rate enhancement</li>
    <li>Targets visceral adipose tissue in preclinical models</li>
    <li>Provides mechanistic insight into obesity pharmacology</li>
    <li>Lyophilised format ensures stability and accurate dosing</li>
</ul>

<p><strong>Purity:</strong> ≥98% (HPLC verified) | <strong>Format:</strong> Lyophilised powder | <strong>Storage:</strong> Store at −20°C, protect from light and moisture. Stable for 24 months when properly stored.</p>

<p>Purchase Meteorin-like Protein Fragment 2mg from Alluvia, Australia's leading supplier of research-grade peptides — trusted by Australian researchers nationwide.</p>",taxable,,1,100,0,0,207.46,,Weight-Loss & Metabolic,"Meteorin-like Protein Fragment 2mg, Weight-Loss & Metabolic",5,Purity,>98%,1,1
simple,AV-WLM-041,β-Klotho Peptide Agonist 2mg,1,0,visible,"β-Klotho Peptide Agonist 2mg is a high-purity weight-loss & metabolic compound offering metabolic rate optimisation and fat loss. Available to buy online Australia, β-Klotho Peptide Agonist 2mg meets strict quality standards with ≥98% purity.","<h3>β-Klotho Peptide Agonist 2mg | Weight-Loss & Metabolic | Research Grade Australia</h3>
<p><strong>β-Klotho Peptide Agonist 2mg</strong> activates GLP-1 receptors in the hypothalamus and pancreas to regulate appetite and insulin secretion. This compound is widely utilised in metabolic disease and obesity research, with growing interest from preclinical and translational research communities worldwide.</p>

<p>Metabolic research models commonly employ subcutaneous administration at doses of 100–500 mcg per session. Researchers are advised to follow institutional guidelines and conduct thorough literature review prior to experimental use.</p>

<ul>
    <li>Activates GLP-1 and related metabolic receptor pathways</li>
    <li>Supports appetite suppression and satiety signalling</li>
    <li>Promotes fat mobilisation and adipocyte lipolysis</li>
    <li>Improves insulin sensitivity and glycaemic control</li>
    <li>High purity ≥98% for rigorous metabolic research</li>
</ul>

<p><strong>Purity:</strong> ≥98% (HPLC verified) | <strong>Format:</strong> Lyophilised powder | <strong>Storage:</strong> Store at −20°C, protect from light and moisture. Stable for 24 months when properly stored.</p>

<p>Alluvia provides Australian researchers with premium-grade β-Klotho Peptide Agonist 2mg — buy online Australia for fast domestic dispatch.</p>",taxable,,1,100,0,0,161.42,,Weight-Loss & Metabolic,"β-Klotho Peptide Agonist 2mg, Weight-Loss & Metabolic",5,Purity,>98%,1,1
simple,AV-WLM-042,FGF-21 Fragment 5mg,1,0,visible,"Discover FGF-21 Fragment 5mg, a premium weight-loss & metabolic peptide designed for appetite regulation and glucose control. Buy FGF-21 Fragment 5mg online Australia from a trusted supplier committed to research excellence.","<h3>Buy FGF-21 Fragment 5mg Online Australia | Weight-Loss & Metabolic</h3>
<p><strong>FGF-21 Fragment 5mg</strong> modulates adipocyte lipolysis and fatty acid oxidation through targeted receptor engagement. This compound is widely utilised in endocrinology and gut hormone biology, with growing interest from preclinical and translational research communities worldwide.</p>

<p>GLP-1 pathway research typically utilises peptide concentrations of 0.1–1 nmol/kg in animal models. Researchers are advised to follow institutional guidelines and conduct thorough literature review prior to experimental use.</p>

<ul>
    <li>Modulates gut-brain axis to regulate energy intake</li>
    <li>Supports lipid oxidation and metabolic rate enhancement</li>
    <li>Targets visceral adipose tissue in preclinical models</li>
    <li>Provides mechanistic insight into obesity pharmacology</li>
    <li>Lyophilised format ensures stability and accurate dosing</li>
</ul>

<p><strong>Purity:</strong> ≥98% (HPLC verified) | <strong>Format:</strong> Lyophilised powder | <strong>Storage:</strong> Store at −20°C, protect from light and moisture. Stable for 24 months when properly stored.</p>

<p>Shop FGF-21 Fragment 5mg online at Alluvia — trusted by Australian researchers and biohackers seeking the highest purity peptides.</p>",taxable,,1,100,0,0,199.24,,Weight-Loss & Metabolic,"FGF-21 Fragment 5mg, Weight-Loss & Metabolic",5,Purity,>98%,1,1
simple,AV-WLM-043,GDF-15 Fragment 2mg,1,0,visible,"GDF-15 Fragment 2mg provides researchers with a potent weight-loss & metabolic agent supporting GLP-1 pathway activation. Available online across Australia, this peptide is supplied at ≥98% purity for reliable results.","<h3>GDF-15 Fragment 2mg – High Purity Weight-Loss & Metabolic Peptide</h3>
<p><strong>GDF-15 Fragment 2mg</strong> stimulates AMPK-mediated metabolic pathways to enhance glucose uptake and energy expenditure. This compound is widely utilised in type 2 diabetes and insulin resistance research, with growing interest from preclinical and translational research communities worldwide.</p>

<p>Investigational metabolic protocols reconstitute peptide to 1 mg/mL in sterile saline for experimental delivery. Researchers are advised to follow institutional guidelines and conduct thorough literature review prior to experimental use.</p>

<ul>
    <li>Activates GLP-1 and related metabolic receptor pathways</li>
    <li>Supports appetite suppression and satiety signalling</li>
    <li>Promotes fat mobilisation and adipocyte lipolysis</li>
    <li>Improves insulin sensitivity and glycaemic control</li>
    <li>High purity ≥98% for rigorous metabolic research</li>
</ul>

<p><strong>Purity:</strong> ≥98% (HPLC verified) | <strong>Format:</strong> Lyophilised powder | <strong>Storage:</strong> Store at −20°C, protect from light and moisture. Stable for 24 months when properly stored.</p>

<p>Buy GDF-15 Fragment 2mg online in Australia from Alluvia — trusted by Australian researchers and biohackers for quality and purity.</p>",taxable,,1,100,0,0,185.24,,Weight-Loss & Metabolic,"GDF-15 Fragment 2mg, Weight-Loss & Metabolic",5,Purity,>98%,1,1
simple,AV-WLM-044,RFRP-3 2mg,1,0,visible,"A leading weight-loss & metabolic compound, RFRP-3 2mg is valued for its role in energy balance and body composition. Trusted by Australian researchers and biohackers, RFRP-3 2mg is available online with fast local dispatch.","<h3>RFRP-3 2mg for Weight-Loss & Metabolic Research | Australia</h3>
<p><strong>RFRP-3 2mg</strong> inhibits lipogenesis while promoting fat mobilisation via central and peripheral receptor activation. This compound is widely utilised in appetite regulation and energy homeostasis science, with growing interest from preclinical and translational research communities worldwide.</p>

<p>Research dosing for obesity models typically ranges from 50–500 mcg per administration session. Researchers are advised to follow institutional guidelines and conduct thorough literature review prior to experimental use.</p>

<ul>
    <li>Modulates gut-brain axis to regulate energy intake</li>
    <li>Supports lipid oxidation and metabolic rate enhancement</li>
    <li>Targets visceral adipose tissue in preclinical models</li>
    <li>Provides mechanistic insight into obesity pharmacology</li>
    <li>Lyophilised format ensures stability and accurate dosing</li>
</ul>

<p><strong>Purity:</strong> ≥98% (HPLC verified) | <strong>Format:</strong> Lyophilised powder | <strong>Storage:</strong> Store at −20°C, protect from light and moisture. Stable for 24 months when properly stored.</p>

<p>Order RFRP-3 2mg online Australia with confidence from Alluvia, the trusted supplier for Australian researchers and peptide enthusiasts.</p>",taxable,,1,100,0,0,279.98,,Weight-Loss & Metabolic,"RFRP-3 2mg, Weight-Loss & Metabolic",5,Purity,>98%,1,1
simple,AV-WLM-045,Neurotensin (8-13) 2mg,1,0,visible,"Neurotensin (8-13) 2mg stands out among weight-loss & metabolic products for its proven role in insulin sensitivity and lipid metabolism. Australian researchers can buy Neurotensin (8-13) 2mg online with confidence, backed by ≥98% purity certification.","<h3>Premium Neurotensin (8-13) 2mg | Weight-Loss & Metabolic Australia</h3>
<p><strong>Neurotensin (8-13) 2mg</strong> regulates gut-brain axis signalling to suppress appetite and improve glycaemic control. This compound is widely utilised in metabolic disease and obesity research, with growing interest from preclinical and translational research communities worldwide.</p>

<p>Metabolic research models commonly employ subcutaneous administration at doses of 100–500 mcg per session. Researchers are advised to follow institutional guidelines and conduct thorough literature review prior to experimental use.</p>

<ul>
    <li>Activates GLP-1 and related metabolic receptor pathways</li>
    <li>Supports appetite suppression and satiety signalling</li>
    <li>Promotes fat mobilisation and adipocyte lipolysis</li>
    <li>Improves insulin sensitivity and glycaemic control</li>
    <li>High purity ≥98% for rigorous metabolic research</li>
</ul>

<p><strong>Purity:</strong> ≥98% (HPLC verified) | <strong>Format:</strong> Lyophilised powder | <strong>Storage:</strong> Store at −20°C, protect from light and moisture. Stable for 24 months when properly stored.</p>

<p>Australian researchers and biohackers trust Alluvia for premium Neurotensin (8-13) 2mg — order online today with fast, discreet delivery.</p>",taxable,,1,100,0,0,111.98,,Weight-Loss & Metabolic,"Neurotensin (8-13) 2mg, Weight-Loss & Metabolic",5,Purity,>98%,1,1
simple,AV-WLM-046,CCK-4 5mg,1,0,visible,"Sourced to rigorous standards, CCK-4 5mg is a trusted weight-loss & metabolic peptide for metabolic rate optimisation and fat loss. Available to buy online Australia, CCK-4 5mg meets strict quality standards with ≥98% purity.","<h3>CCK-4 5mg | Weight-Loss & Metabolic | Research Grade Australia</h3>
<p><strong>CCK-4 5mg</strong> activates GLP-1 receptors in the hypothalamus and pancreas to regulate appetite and insulin secretion. This compound is widely utilised in endocrinology and gut hormone biology, with growing interest from preclinical and translational research communities worldwide.</p>

<p>GLP-1 pathway research typically utilises peptide concentrations of 0.1–1 nmol/kg in animal models. Researchers are advised to follow institutional guidelines and conduct thorough literature review prior to experimental use.</p>

<ul>
    <li>Modulates gut-brain axis to regulate energy intake</li>
    <li>Supports lipid oxidation and metabolic rate enhancement</li>
    <li>Targets visceral adipose tissue in preclinical models</li>
    <li>Provides mechanistic insight into obesity pharmacology</li>
    <li>Lyophilised format ensures stability and accurate dosing</li>
</ul>

<p><strong>Purity:</strong> ≥98% (HPLC verified) | <strong>Format:</strong> Lyophilised powder | <strong>Storage:</strong> Store at −20°C, protect from light and moisture. Stable for 24 months when properly stored.</p>

<p>Purchase CCK-4 5mg from Alluvia, Australia's leading supplier of research-grade peptides — trusted by Australian researchers nationwide.</p>",taxable,,1,100,0,0,229.72,,Weight-Loss & Metabolic,"CCK-4 5mg, Weight-Loss & Metabolic",5,Purity,>98%,1,1
simple,AV-WLM-047,Secretin 2mg,1,0,visible,"For those seeking quality weight-loss & metabolic solutions, Secretin 2mg delivers outstanding appetite regulation and glucose control. Buy Secretin 2mg online Australia from a trusted supplier committed to research excellence.","<h3>Buy Secretin 2mg Online Australia | Weight-Loss & Metabolic</h3>
<p><strong>Secretin 2mg</strong> modulates adipocyte lipolysis and fatty acid oxidation through targeted receptor engagement. This compound is widely utilised in type 2 diabetes and insulin resistance research, with growing interest from preclinical and translational research communities worldwide.</p>

<p>Investigational metabolic protocols reconstitute peptide to 1 mg/mL in sterile saline for experimental delivery. Researchers are advised to follow institutional guidelines and conduct thorough literature review prior to experimental use.</p>

<ul>
    <li>Activates GLP-1 and related metabolic receptor pathways</li>
    <li>Supports appetite suppression and satiety signalling</li>
    <li>Promotes fat mobilisation and adipocyte lipolysis</li>
    <li>Improves insulin sensitivity and glycaemic control</li>
    <li>High purity ≥98% for rigorous metabolic research</li>
</ul>

<p><strong>Purity:</strong> ≥98% (HPLC verified) | <strong>Format:</strong> Lyophilised powder | <strong>Storage:</strong> Store at −20°C, protect from light and moisture. Stable for 24 months when properly stored.</p>

<p>Alluvia provides Australian researchers with premium-grade Secretin 2mg — buy online Australia for fast domestic dispatch.</p>",taxable,,1,100,0,0,119.9,,Weight-Loss & Metabolic,"Secretin 2mg, Weight-Loss & Metabolic",5,Purity,>98%,1,1
simple,AV-WLM-048,Glucagon (Human) 2mg,1,0,visible,"Glucagon (Human) 2mg is a research-grade weight-loss & metabolic peptide renowned for GLP-1 pathway activation. Available online across Australia, this peptide is supplied at ≥98% purity for reliable results.","<h3>Glucagon (Human) 2mg – High Purity Weight-Loss & Metabolic Peptide</h3>
<p><strong>Glucagon (Human) 2mg</strong> stimulates AMPK-mediated metabolic pathways to enhance glucose uptake and energy expenditure. This compound is widely utilised in appetite regulation and energy homeostasis science, with growing interest from preclinical and translational research communities worldwide.</p>

<p>Research dosing for obesity models typically ranges from 50–500 mcg per administration session. Researchers are advised to follow institutional guidelines and conduct thorough literature review prior to experimental use.</p>

<ul>
    <li>Modulates gut-brain axis to regulate energy intake</li>
    <li>Supports lipid oxidation and metabolic rate enhancement</li>
    <li>Targets visceral adipose tissue in preclinical models</li>
    <li>Provides mechanistic insight into obesity pharmacology</li>
    <li>Lyophilised format ensures stability and accurate dosing</li>
</ul>

<p><strong>Purity:</strong> ≥98% (HPLC verified) | <strong>Format:</strong> Lyophilised powder | <strong>Storage:</strong> Store at −20°C, protect from light and moisture. Stable for 24 months when properly stored.</p>

<p>Shop Glucagon (Human) 2mg online at Alluvia — trusted by Australian researchers and biohackers seeking the highest purity peptides.</p>",taxable,,1,100,0,0,156.03,,Weight-Loss & Metabolic,"Glucagon (Human) 2mg, Weight-Loss & Metabolic",5,Purity,>98%,1,1
simple,AV-WLM-049,Glucose-dependent Insulinotropic Polypeptide 2mg,1,0,visible,"High-purity Glucose-dependent Insulinotropic Polypeptide 2mg is a benchmark weight-loss & metabolic compound in the field of energy balance and body composition. Trusted by Australian researchers and biohackers, Glucose-dependent Insulinotropic Polypeptide 2mg is available online with fast local dispatch.","<h3>Glucose-dependent Insulinotropic Polypeptide 2mg for Weight-Loss & Metabolic Research | Australia</h3>
<p><strong>Glucose-dependent Insulinotropic Polypeptide 2mg</strong> inhibits lipogenesis while promoting fat mobilisation via central and peripheral receptor activation. This compound is widely utilised in metabolic disease and obesity research, with growing interest from preclinical and translational research communities worldwide.</p>

<p>Metabolic research models commonly employ subcutaneous administration at doses of 100–500 mcg per session. Researchers are advised to follow institutional guidelines and conduct thorough literature review prior to experimental use.</p>

<ul>
    <li>Activates GLP-1 and related metabolic receptor pathways</li>
    <li>Supports appetite suppression and satiety signalling</li>
    <li>Promotes fat mobilisation and adipocyte lipolysis</li>
    <li>Improves insulin sensitivity and glycaemic control</li>
    <li>High purity ≥98% for rigorous metabolic research</li>
</ul>

<p><strong>Purity:</strong> ≥98% (HPLC verified) | <strong>Format:</strong> Lyophilised powder | <strong>Storage:</strong> Store at −20°C, protect from light and moisture. Stable for 24 months when properly stored.</p>

<p>Buy Glucose-dependent Insulinotropic Polypeptide 2mg online in Australia from Alluvia — trusted by Australian researchers and biohackers for quality and purity.</p>",taxable,,1,100,0,0,219.49,,Weight-Loss & Metabolic,"Glucose-dependent Insulinotropic Polypeptide 2mg, Weight-Loss & Metabolic",5,Purity,>98%,1,1
simple,AV-WLM-050,AOD-9604 + Ipamorelin Blend 5mg,1,0,visible,"Used by researchers worldwide, AOD-9604 + Ipamorelin Blend 5mg is an advanced weight-loss & metabolic peptide for insulin sensitivity and lipid metabolism. Australian researchers can buy AOD-9604 + Ipamorelin Blend 5mg online with confidence, backed by ≥98% purity certification.","<h3>Premium AOD-9604 + Ipamorelin Blend 5mg | Weight-Loss & Metabolic Australia</h3>
<p><strong>AOD-9604 + Ipamorelin Blend 5mg</strong> regulates gut-brain axis signalling to suppress appetite and improve glycaemic control. This compound is widely utilised in endocrinology and gut hormone biology, with growing interest from preclinical and translational research communities worldwide.</p>

<p>GLP-1 pathway research typically utilises peptide concentrations of 0.1–1 nmol/kg in animal models. Researchers are advised to follow institutional guidelines and conduct thorough literature review prior to experimental use.</p>

<ul>
    <li>Modulates gut-brain axis to regulate energy intake</li>
    <li>Supports lipid oxidation and metabolic rate enhancement</li>
    <li>Targets visceral adipose tissue in preclinical models</li>
    <li>Provides mechanistic insight into obesity pharmacology</li>
    <li>Lyophilised format ensures stability and accurate dosing</li>
</ul>

<p><strong>Purity:</strong> ≥98% (HPLC verified) | <strong>Format:</strong> Lyophilised powder | <strong>Storage:</strong> Store at −20°C, protect from light and moisture. Stable for 24 months when properly stored.</p>

<p>Order AOD-9604 + Ipamorelin Blend 5mg online Australia with confidence from Alluvia, the trusted supplier for Australian researchers and peptide enthusiasts.</p>",taxable,,1,100,0,0,134.0,,Weight-Loss & Metabolic,"AOD-9604 + Ipamorelin Blend 5mg, Weight-Loss & Metabolic",5,Purity,>98%,1,1
simple,AV-HAA-001,Epithalon 10mg,1,0,visible,"Epithalon 10mg is a high-purity hormone & anti-aging compound offering hormonal balance and longevity. Available to buy online Australia, Epithalon 10mg meets strict quality standards with ≥98% purity.","<h3>Epithalon 10mg | Hormone & Anti-Aging | Research Grade Australia</h3>
<p><strong>Epithalon 10mg</strong> stimulates pituitary GH release via GHRH receptor activation to restore youthful GH/IGF-1 profiles. This compound is widely utilised in longevity science and geroscience research, with growing interest from preclinical and translational research communities worldwide.</p>

<p>Anti-aging research protocols typically reconstitute lyophilised peptide to 1 mg/mL in bacteriostatic water. Researchers are advised to follow institutional guidelines and conduct thorough literature review prior to experimental use.</p>

<ul>
    <li>Stimulates physiological GH release via pituitary axis</li>
    <li>Supports telomere maintenance and cellular longevity</li>
    <li>Modulates age-associated hormonal decline</li>
    <li>Promotes mitochondrial health and bioenergetics</li>
    <li>High purity ≥98% for reliable anti-aging research</li>
</ul>

<p><strong>Purity:</strong> ≥98% (HPLC verified) | <strong>Format:</strong> Lyophilised powder | <strong>Storage:</strong> Store at −20°C, protect from light and moisture. Stable for 24 months when properly stored.</p>

<p>Buy Epithalon 10mg online in Australia from Alluvia — trusted by Australian researchers and biohackers for quality and purity.</p>",taxable,,1,100,0,0,101.32,,Hormone & Anti-Aging,"Epithalon 10mg, Hormone & Anti-Aging",5,Purity,>98%,1,1
simple,AV-HAA-002,Thymalin 10mg,1,0,visible,"Discover Thymalin 10mg, a premium hormone & anti-aging peptide designed for GH axis stimulation and cellular renewal. Buy Thymalin 10mg online Australia from a trusted supplier committed to research excellence.","<h3>Buy Thymalin 10mg Online Australia | Hormone & Anti-Aging</h3>
<p><strong>Thymalin 10mg</strong> modulates telomerase activity and gene expression associated with cellular senescence. This compound is widely utilised in endocrinology and hormonal health studies, with growing interest from preclinical and translational research communities worldwide.</p>

<p>Longevity studies commonly employ doses of 100–500 mcg in preclinical models for assessment of biomarkers. Researchers are advised to follow institutional guidelines and conduct thorough literature review prior to experimental use.</p>

<ul>
    <li>Enhances immune function and thymic activity</li>
    <li>Supports endocrine homeostasis and hormonal balance</li>
    <li>Promotes epigenetic repair and DNA damage response</li>
    <li>Activates longevity-associated FOXO and SIRT pathways</li>
    <li>Lyophilised and stable for long-term research programs</li>
</ul>

<p><strong>Purity:</strong> ≥98% (HPLC verified) | <strong>Format:</strong> Lyophilised powder | <strong>Storage:</strong> Store at −20°C, protect from light and moisture. Stable for 24 months when properly stored.</p>

<p>Order Thymalin 10mg online Australia with confidence from Alluvia, the trusted supplier for Australian researchers and peptide enthusiasts.</p>",taxable,,1,100,0,0,161.01,,Hormone & Anti-Aging,"Thymalin 10mg, Hormone & Anti-Aging",5,Purity,>98%,1,1
simple,AV-HAA-003,CJC-1295 DAC 2mg,1,0,visible,"CJC-1295 DAC 2mg provides researchers with a potent hormone & anti-aging agent supporting telomere protection and anti-aging. Available online across Australia, this peptide is supplied at ≥98% purity for reliable results.","<h3>CJC-1295 DAC 2mg – High Purity Hormone & Anti-Aging Peptide</h3>
<p><strong>CJC-1295 DAC 2mg</strong> activates epigenetic repair pathways and supports mitochondrial membrane integrity. This compound is widely utilised in cellular senescence and epigenetic aging research, with growing interest from preclinical and translational research communities worldwide.</p>

<p>Hormonal axis research typically administers peptide at 200 mcg per session to examine GH/IGF-1 dynamics. Researchers are advised to follow institutional guidelines and conduct thorough literature review prior to experimental use.</p>

<ul>
    <li>Stimulates physiological GH release via pituitary axis</li>
    <li>Supports telomere maintenance and cellular longevity</li>
    <li>Modulates age-associated hormonal decline</li>
    <li>Promotes mitochondrial health and bioenergetics</li>
    <li>High purity ≥98% for reliable anti-aging research</li>
</ul>

<p><strong>Purity:</strong> ≥98% (HPLC verified) | <strong>Format:</strong> Lyophilised powder | <strong>Storage:</strong> Store at −20°C, protect from light and moisture. Stable for 24 months when properly stored.</p>

<p>Australian researchers and biohackers trust Alluvia for premium CJC-1295 DAC 2mg — order online today with fast, discreet delivery.</p>",taxable,,1,100,0,0,67.94,,Hormone & Anti-Aging,"CJC-1295 DAC 2mg, Hormone & Anti-Aging",5,Purity,>98%,1,1
simple,AV-HAA-004,Ipamorelin 5mg,1,0,visible,"A leading hormone & anti-aging compound, Ipamorelin 5mg is valued for its role in endocrine support and vitality. Trusted by Australian researchers and biohackers, Ipamorelin 5mg is available online with fast local dispatch.","<h3>Ipamorelin 5mg for Hormone & Anti-Aging Research | Australia</h3>
<p><strong>Ipamorelin 5mg</strong> regulates hypothalamic-pituitary axis function to optimise endocrine homeostasis. This compound is widely utilised in age-related disease prevention and vitality science, with growing interest from preclinical and translational research communities worldwide.</p>

<p>Investigational anti-aging protocols use peptide concentrations of 0.5–2 mg/mL for cellular assay systems. Researchers are advised to follow institutional guidelines and conduct thorough literature review prior to experimental use.</p>

<ul>
    <li>Enhances immune function and thymic activity</li>
    <li>Supports endocrine homeostasis and hormonal balance</li>
    <li>Promotes epigenetic repair and DNA damage response</li>
    <li>Activates longevity-associated FOXO and SIRT pathways</li>
    <li>Lyophilised and stable for long-term research programs</li>
</ul>

<p><strong>Purity:</strong> ≥98% (HPLC verified) | <strong>Format:</strong> Lyophilised powder | <strong>Storage:</strong> Store at −20°C, protect from light and moisture. Stable for 24 months when properly stored.</p>

<p>Purchase Ipamorelin 5mg from Alluvia, Australia's leading supplier of research-grade peptides — trusted by Australian researchers nationwide.</p>",taxable,,1,100,0,0,120.79,,Hormone & Anti-Aging,"Ipamorelin 5mg, Hormone & Anti-Aging",5,Purity,>98%,1,1
simple,AV-HAA-005,Sermorelin 5mg,1,0,visible,"Sermorelin 5mg stands out among hormone & anti-aging products for its proven role in age-related decline mitigation. Australian researchers can buy Sermorelin 5mg online with confidence, backed by ≥98% purity certification.","<h3>Premium Sermorelin 5mg | Hormone & Anti-Aging Australia</h3>
<p><strong>Sermorelin 5mg</strong> binds pineal and thymic receptors to modulate circadian rhythm and immune senescence. This compound is widely utilised in longevity science and geroscience research, with growing interest from preclinical and translational research communities worldwide.</p>

<p>Anti-aging research protocols typically reconstitute lyophilised peptide to 1 mg/mL in bacteriostatic water. Researchers are advised to follow institutional guidelines and conduct thorough literature review prior to experimental use.</p>

<ul>
    <li>Stimulates physiological GH release via pituitary axis</li>
    <li>Supports telomere maintenance and cellular longevity</li>
    <li>Modulates age-associated hormonal decline</li>
    <li>Promotes mitochondrial health and bioenergetics</li>
    <li>High purity ≥98% for reliable anti-aging research</li>
</ul>

<p><strong>Purity:</strong> ≥98% (HPLC verified) | <strong>Format:</strong> Lyophilised powder | <strong>Storage:</strong> Store at −20°C, protect from light and moisture. Stable for 24 months when properly stored.</p>

<p>Alluvia provides Australian researchers with premium-grade Sermorelin 5mg — buy online Australia for fast domestic dispatch.</p>",taxable,,1,100,0,0,194.79,,Hormone & Anti-Aging,"Sermorelin 5mg, Hormone & Anti-Aging",5,Purity,>98%,1,1
simple,AV-HAA-006,GHRH (1-29) 2mg,1,0,visible,"Sourced to rigorous standards, GHRH (1-29) 2mg is a trusted hormone & anti-aging peptide for hormonal balance and longevity. Available to buy online Australia, GHRH (1-29) 2mg meets strict quality standards with ≥98% purity.","<h3>GHRH (1-29) 2mg | Hormone & Anti-Aging | Research Grade Australia</h3>
<p><strong>GHRH (1-29) 2mg</strong> stimulates pituitary GH release via GHRH receptor activation to restore youthful GH/IGF-1 profiles. This compound is widely utilised in endocrinology and hormonal health studies, with growing interest from preclinical and translational research communities worldwide.</p>

<p>Longevity studies commonly employ doses of 100–500 mcg in preclinical models for assessment of biomarkers. Researchers are advised to follow institutional guidelines and conduct thorough literature review prior to experimental use.</p>

<ul>
    <li>Enhances immune function and thymic activity</li>
    <li>Supports endocrine homeostasis and hormonal balance</li>
    <li>Promotes epigenetic repair and DNA damage response</li>
    <li>Activates longevity-associated FOXO and SIRT pathways</li>
    <li>Lyophilised and stable for long-term research programs</li>
</ul>

<p><strong>Purity:</strong> ≥98% (HPLC verified) | <strong>Format:</strong> Lyophilised powder | <strong>Storage:</strong> Store at −20°C, protect from light and moisture. Stable for 24 months when properly stored.</p>

<p>Shop GHRH (1-29) 2mg online at Alluvia — trusted by Australian researchers and biohackers seeking the highest purity peptides.</p>",taxable,,1,100,0,0,194.47,,Hormone & Anti-Aging,"GHRH (1-29) 2mg, Hormone & Anti-Aging",5,Purity,>98%,1,1
simple,AV-HAA-007,Humanin 2mg,1,0,visible,"For those seeking quality hormone & anti-aging solutions, Humanin 2mg delivers outstanding GH axis stimulation and cellular renewal. Buy Humanin 2mg online Australia from a trusted supplier committed to research excellence.","<h3>Buy Humanin 2mg Online Australia | Hormone & Anti-Aging</h3>
<p><strong>Humanin 2mg</strong> modulates telomerase activity and gene expression associated with cellular senescence. This compound is widely utilised in cellular senescence and epigenetic aging research, with growing interest from preclinical and translational research communities worldwide.</p>

<p>Hormonal axis research typically administers peptide at 200 mcg per session to examine GH/IGF-1 dynamics. Researchers are advised to follow institutional guidelines and conduct thorough literature review prior to experimental use.</p>

<ul>
    <li>Stimulates physiological GH release via pituitary axis</li>
    <li>Supports telomere maintenance and cellular longevity</li>
    <li>Modulates age-associated hormonal decline</li>
    <li>Promotes mitochondrial health and bioenergetics</li>
    <li>High purity ≥98% for reliable anti-aging research</li>
</ul>

<p><strong>Purity:</strong> ≥98% (HPLC verified) | <strong>Format:</strong> Lyophilised powder | <strong>Storage:</strong> Store at −20°C, protect from light and moisture. Stable for 24 months when properly stored.</p>

<p>Buy Humanin 2mg online in Australia from Alluvia — trusted by Australian researchers and biohackers for quality and purity.</p>",taxable,,1,100,0,0,68.04,,Hormone & Anti-Aging,"Humanin 2mg, Hormone & Anti-Aging",5,Purity,>98%,1,1
simple,AV-HAA-008,MOTS-c 5mg,1,0,visible,"MOTS-c 5mg is a research-grade hormone & anti-aging peptide renowned for telomere protection and anti-aging. Available online across Australia, this peptide is supplied at ≥98% purity for reliable results.","<h3>MOTS-c 5mg – High Purity Hormone & Anti-Aging Peptide</h3>
<p><strong>MOTS-c 5mg</strong> activates epigenetic repair pathways and supports mitochondrial membrane integrity. This compound is widely utilised in age-related disease prevention and vitality science, with growing interest from preclinical and translational research communities worldwide.</p>

<p>Investigational anti-aging protocols use peptide concentrations of 0.5–2 mg/mL for cellular assay systems. Researchers are advised to follow institutional guidelines and conduct thorough literature review prior to experimental use.</p>

<ul>
    <li>Enhances immune function and thymic activity</li>
    <li>Supports endocrine homeostasis and hormonal balance</li>
    <li>Promotes epigenetic repair and DNA damage response</li>
    <li>Activates longevity-associated FOXO and SIRT pathways</li>
    <li>Lyophilised and stable for long-term research programs</li>
</ul>

<p><strong>Purity:</strong> ≥98% (HPLC verified) | <strong>Format:</strong> Lyophilised powder | <strong>Storage:</strong> Store at −20°C, protect from light and moisture. Stable for 24 months when properly stored.</p>

<p>Order MOTS-c 5mg online Australia with confidence from Alluvia, the trusted supplier for Australian researchers and peptide enthusiasts.</p>",taxable,,1,100,0,0,87.2,,Hormone & Anti-Aging,"MOTS-c 5mg, Hormone & Anti-Aging",5,Purity,>98%,1,1
simple,AV-HAA-009,Thymosin Alpha-1 5mg,1,0,visible,"High-purity Thymosin Alpha-1 5mg is a benchmark hormone & anti-aging compound in the field of endocrine support and vitality. Trusted by Australian researchers and biohackers, Thymosin Alpha-1 5mg is available online with fast local dispatch.","<h3>Thymosin Alpha-1 5mg for Hormone & Anti-Aging Research | Australia</h3>
<p><strong>Thymosin Alpha-1 5mg</strong> regulates hypothalamic-pituitary axis function to optimise endocrine homeostasis. This compound is widely utilised in longevity science and geroscience research, with growing interest from preclinical and translational research communities worldwide.</p>

<p>Anti-aging research protocols typically reconstitute lyophilised peptide to 1 mg/mL in bacteriostatic water. Researchers are advised to follow institutional guidelines and conduct thorough literature review prior to experimental use.</p>

<ul>
    <li>Stimulates physiological GH release via pituitary axis</li>
    <li>Supports telomere maintenance and cellular longevity</li>
    <li>Modulates age-associated hormonal decline</li>
    <li>Promotes mitochondrial health and bioenergetics</li>
    <li>High purity ≥98% for reliable anti-aging research</li>
</ul>

<p><strong>Purity:</strong> ≥98% (HPLC verified) | <strong>Format:</strong> Lyophilised powder | <strong>Storage:</strong> Store at −20°C, protect from light and moisture. Stable for 24 months when properly stored.</p>

<p>Australian researchers and biohackers trust Alluvia for premium Thymosin Alpha-1 5mg — order online today with fast, discreet delivery.</p>",taxable,,1,100,0,0,94.33,,Hormone & Anti-Aging,"Thymosin Alpha-1 5mg, Hormone & Anti-Aging",5,Purity,>98%,1,1
simple,AV-HAA-010,Endoluten 10mg,1,0,visible,"Used by researchers worldwide, Endoluten 10mg is an advanced hormone & anti-aging peptide for age-related decline mitigation. Australian researchers can buy Endoluten 10mg online with confidence, backed by ≥98% purity certification.","<h3>Premium Endoluten 10mg | Hormone & Anti-Aging Australia</h3>
<p><strong>Endoluten 10mg</strong> binds pineal and thymic receptors to modulate circadian rhythm and immune senescence. This compound is widely utilised in endocrinology and hormonal health studies, with growing interest from preclinical and translational research communities worldwide.</p>

<p>Longevity studies commonly employ doses of 100–500 mcg in preclinical models for assessment of biomarkers. Researchers are advised to follow institutional guidelines and conduct thorough literature review prior to experimental use.</p>

<ul>
    <li>Enhances immune function and thymic activity</li>
    <li>Supports endocrine homeostasis and hormonal balance</li>
    <li>Promotes epigenetic repair and DNA damage response</li>
    <li>Activates longevity-associated FOXO and SIRT pathways</li>
    <li>Lyophilised and stable for long-term research programs</li>
</ul>

<p><strong>Purity:</strong> ≥98% (HPLC verified) | <strong>Format:</strong> Lyophilised powder | <strong>Storage:</strong> Store at −20°C, protect from light and moisture. Stable for 24 months when properly stored.</p>

<p>Purchase Endoluten 10mg from Alluvia, Australia's leading supplier of research-grade peptides — trusted by Australian researchers nationwide.</p>",taxable,,1,100,0,0,185.86,,Hormone & Anti-Aging,"Endoluten 10mg, Hormone & Anti-Aging",5,Purity,>98%,1,1
simple,AV-HAA-011,Testoluten 10mg,1,0,visible,"Testoluten 10mg is a high-purity hormone & anti-aging compound offering hormonal balance and longevity. Available to buy online Australia, Testoluten 10mg meets strict quality standards with ≥98% purity.","<h3>Testoluten 10mg | Hormone & Anti-Aging | Research Grade Australia</h3>
<p><strong>Testoluten 10mg</strong> stimulates pituitary GH release via GHRH receptor activation to restore youthful GH/IGF-1 profiles. This compound is widely utilised in cellular senescence and epigenetic aging research, with growing interest from preclinical and translational research communities worldwide.</p>

<p>Hormonal axis research typically administers peptide at 200 mcg per session to examine GH/IGF-1 dynamics. Researchers are advised to follow institutional guidelines and conduct thorough literature review prior to experimental use.</p>

<ul>
    <li>Stimulates physiological GH release via pituitary axis</li>
    <li>Supports telomere maintenance and cellular longevity</li>
    <li>Modulates age-associated hormonal decline</li>
    <li>Promotes mitochondrial health and bioenergetics</li>
    <li>High purity ≥98% for reliable anti-aging research</li>
</ul>

<p><strong>Purity:</strong> ≥98% (HPLC verified) | <strong>Format:</strong> Lyophilised powder | <strong>Storage:</strong> Store at −20°C, protect from light and moisture. Stable for 24 months when properly stored.</p>

<p>Alluvia provides Australian researchers with premium-grade Testoluten 10mg — buy online Australia for fast domestic dispatch.</p>",taxable,,1,100,0,0,178.68,,Hormone & Anti-Aging,"Testoluten 10mg, Hormone & Anti-Aging",5,Purity,>98%,1,1
simple,AV-HAA-012,Cortagen 10mg,1,0,visible,"Discover Cortagen 10mg, a premium hormone & anti-aging peptide designed for GH axis stimulation and cellular renewal. Buy Cortagen 10mg online Australia from a trusted supplier committed to research excellence.","<h3>Buy Cortagen 10mg Online Australia | Hormone & Anti-Aging</h3>
<p><strong>Cortagen 10mg</strong> modulates telomerase activity and gene expression associated with cellular senescence. This compound is widely utilised in age-related disease prevention and vitality science, with growing interest from preclinical and translational research communities worldwide.</p>

<p>Investigational anti-aging protocols use peptide concentrations of 0.5–2 mg/mL for cellular assay systems. Researchers are advised to follow institutional guidelines and conduct thorough literature review prior to experimental use.</p>

<ul>
    <li>Enhances immune function and thymic activity</li>
    <li>Supports endocrine homeostasis and hormonal balance</li>
    <li>Promotes epigenetic repair and DNA damage response</li>
    <li>Activates longevity-associated FOXO and SIRT pathways</li>
    <li>Lyophilised and stable for long-term research programs</li>
</ul>

<p><strong>Purity:</strong> ≥98% (HPLC verified) | <strong>Format:</strong> Lyophilised powder | <strong>Storage:</strong> Store at −20°C, protect from light and moisture. Stable for 24 months when properly stored.</p>

<p>Shop Cortagen 10mg online at Alluvia — trusted by Australian researchers and biohackers seeking the highest purity peptides.</p>",taxable,,1,100,0,0,178.46,,Hormone & Anti-Aging,"Cortagen 10mg, Hormone & Anti-Aging",5,Purity,>98%,1,1
simple,AV-HAA-013,Cerluten 10mg,1,0,visible,"Cerluten 10mg provides researchers with a potent hormone & anti-aging agent supporting telomere protection and anti-aging. Available online across Australia, this peptide is supplied at ≥98% purity for reliable results.","<h3>Cerluten 10mg – High Purity Hormone & Anti-Aging Peptide</h3>
<p><strong>Cerluten 10mg</strong> activates epigenetic repair pathways and supports mitochondrial membrane integrity. This compound is widely utilised in longevity science and geroscience research, with growing interest from preclinical and translational research communities worldwide.</p>

<p>Anti-aging research protocols typically reconstitute lyophilised peptide to 1 mg/mL in bacteriostatic water. Researchers are advised to follow institutional guidelines and conduct thorough literature review prior to experimental use.</p>

<ul>
    <li>Stimulates physiological GH release via pituitary axis</li>
    <li>Supports telomere maintenance and cellular longevity</li>
    <li>Modulates age-associated hormonal decline</li>
    <li>Promotes mitochondrial health and bioenergetics</li>
    <li>High purity ≥98% for reliable anti-aging research</li>
</ul>

<p><strong>Purity:</strong> ≥98% (HPLC verified) | <strong>Format:</strong> Lyophilised powder | <strong>Storage:</strong> Store at −20°C, protect from light and moisture. Stable for 24 months when properly stored.</p>

<p>Buy Cerluten 10mg online in Australia from Alluvia — trusted by Australian researchers and biohackers for quality and purity.</p>",taxable,,1,100,0,0,108.63,,Hormone & Anti-Aging,"Cerluten 10mg, Hormone & Anti-Aging",5,Purity,>98%,1,1
simple,AV-HAA-014,Vilon 10mg,1,0,visible,"A leading hormone & anti-aging compound, Vilon 10mg is valued for its role in endocrine support and vitality. Trusted by Australian researchers and biohackers, Vilon 10mg is available online with fast local dispatch.","<h3>Vilon 10mg for Hormone & Anti-Aging Research | Australia</h3>
<p><strong>Vilon 10mg</strong> regulates hypothalamic-pituitary axis function to optimise endocrine homeostasis. This compound is widely utilised in endocrinology and hormonal health studies, with growing interest from preclinical and translational research communities worldwide.</p>

<p>Longevity studies commonly employ doses of 100–500 mcg in preclinical models for assessment of biomarkers. Researchers are advised to follow institutional guidelines and conduct thorough literature review prior to experimental use.</p>

<ul>
    <li>Enhances immune function and thymic activity</li>
    <li>Supports endocrine homeostasis and hormonal balance</li>
    <li>Promotes epigenetic repair and DNA damage response</li>
    <li>Activates longevity-associated FOXO and SIRT pathways</li>
    <li>Lyophilised and stable for long-term research programs</li>
</ul>

<p><strong>Purity:</strong> ≥98% (HPLC verified) | <strong>Format:</strong> Lyophilised powder | <strong>Storage:</strong> Store at −20°C, protect from light and moisture. Stable for 24 months when properly stored.</p>

<p>Order Vilon 10mg online Australia with confidence from Alluvia, the trusted supplier for Australian researchers and peptide enthusiasts.</p>",taxable,,1,100,0,0,79.61,,Hormone & Anti-Aging,"Vilon 10mg, Hormone & Anti-Aging",5,Purity,>98%,1,1
simple,AV-HAA-015,Crystagen 10mg,1,0,visible,"Crystagen 10mg stands out among hormone & anti-aging products for its proven role in age-related decline mitigation. Australian researchers can buy Crystagen 10mg online with confidence, backed by ≥98% purity certification.","<h3>Premium Crystagen 10mg | Hormone & Anti-Aging Australia</h3>
<p><strong>Crystagen 10mg</strong> binds pineal and thymic receptors to modulate circadian rhythm and immune senescence. This compound is widely utilised in cellular senescence and epigenetic aging research, with growing interest from preclinical and translational research communities worldwide.</p>

<p>Hormonal axis research typically administers peptide at 200 mcg per session to examine GH/IGF-1 dynamics. Researchers are advised to follow institutional guidelines and conduct thorough literature review prior to experimental use.</p>

<ul>
    <li>Stimulates physiological GH release via pituitary axis</li>
    <li>Supports telomere maintenance and cellular longevity</li>
    <li>Modulates age-associated hormonal decline</li>
    <li>Promotes mitochondrial health and bioenergetics</li>
    <li>High purity ≥98% for reliable anti-aging research</li>
</ul>

<p><strong>Purity:</strong> ≥98% (HPLC verified) | <strong>Format:</strong> Lyophilised powder | <strong>Storage:</strong> Store at −20°C, protect from light and moisture. Stable for 24 months when properly stored.</p>

<p>Australian researchers and biohackers trust Alluvia for premium Crystagen 10mg — order online today with fast, discreet delivery.</p>",taxable,,1,100,0,0,172.22,,Hormone & Anti-Aging,"Crystagen 10mg, Hormone & Anti-Aging",5,Purity,>98%,1,1
simple,AV-HAA-016,Pancragen 10mg,1,0,visible,"Sourced to rigorous standards, Pancragen 10mg is a trusted hormone & anti-aging peptide for hormonal balance and longevity. Available to buy online Australia, Pancragen 10mg meets strict quality standards with ≥98% purity.","<h3>Pancragen 10mg | Hormone & Anti-Aging | Research Grade Australia</h3>
<p><strong>Pancragen 10mg</strong> stimulates pituitary GH release via GHRH receptor activation to restore youthful GH/IGF-1 profiles. This compound is widely utilised in age-related disease prevention and vitality science, with growing interest from preclinical and translational research communities worldwide.</p>

<p>Investigational anti-aging protocols use peptide concentrations of 0.5–2 mg/mL for cellular assay systems. Researchers are advised to follow institutional guidelines and conduct thorough literature review prior to experimental use.</p>

<ul>
    <li>Enhances immune function and thymic activity</li>
    <li>Supports endocrine homeostasis and hormonal balance</li>
    <li>Promotes epigenetic repair and DNA damage response</li>
    <li>Activates longevity-associated FOXO and SIRT pathways</li>
    <li>Lyophilised and stable for long-term research programs</li>
</ul>

<p><strong>Purity:</strong> ≥98% (HPLC verified) | <strong>Format:</strong> Lyophilised powder | <strong>Storage:</strong> Store at −20°C, protect from light and moisture. Stable for 24 months when properly stored.</p>

<p>Purchase Pancragen 10mg from Alluvia, Australia's leading supplier of research-grade peptides — trusted by Australian researchers nationwide.</p>",taxable,,1,100,0,0,154.38,,Hormone & Anti-Aging,"Pancragen 10mg, Hormone & Anti-Aging",5,Purity,>98%,1,1
simple,AV-HAA-017,Chelohart 10mg,1,0,visible,"For those seeking quality hormone & anti-aging solutions, Chelohart 10mg delivers outstanding GH axis stimulation and cellular renewal. Buy Chelohart 10mg online Australia from a trusted supplier committed to research excellence.","<h3>Buy Chelohart 10mg Online Australia | Hormone & Anti-Aging</h3>
<p><strong>Chelohart 10mg</strong> modulates telomerase activity and gene expression associated with cellular senescence. This compound is widely utilised in longevity science and geroscience research, with growing interest from preclinical and translational research communities worldwide.</p>

<p>Anti-aging research protocols typically reconstitute lyophilised peptide to 1 mg/mL in bacteriostatic water. Researchers are advised to follow institutional guidelines and conduct thorough literature review prior to experimental use.</p>

<ul>
    <li>Stimulates physiological GH release via pituitary axis</li>
    <li>Supports telomere maintenance and cellular longevity</li>
    <li>Modulates age-associated hormonal decline</li>
    <li>Promotes mitochondrial health and bioenergetics</li>
    <li>High purity ≥98% for reliable anti-aging research</li>
</ul>

<p><strong>Purity:</strong> ≥98% (HPLC verified) | <strong>Format:</strong> Lyophilised powder | <strong>Storage:</strong> Store at −20°C, protect from light and moisture. Stable for 24 months when properly stored.</p>

<p>Alluvia provides Australian researchers with premium-grade Chelohart 10mg — buy online Australia for fast domestic dispatch.</p>",taxable,,1,100,0,0,141.8,,Hormone & Anti-Aging,"Chelohart 10mg, Hormone & Anti-Aging",5,Purity,>98%,1,1
simple,AV-HAA-018,Svetinorm 10mg,1,0,visible,"Svetinorm 10mg is a research-grade hormone & anti-aging peptide renowned for telomere protection and anti-aging. Available online across Australia, this peptide is supplied at ≥98% purity for reliable results.","<h3>Svetinorm 10mg – High Purity Hormone & Anti-Aging Peptide</h3>
<p><strong>Svetinorm 10mg</strong> activates epigenetic repair pathways and supports mitochondrial membrane integrity. This compound is widely utilised in endocrinology and hormonal health studies, with growing interest from preclinical and translational research communities worldwide.</p>

<p>Longevity studies commonly employ doses of 100–500 mcg in preclinical models for assessment of biomarkers. Researchers are advised to follow institutional guidelines and conduct thorough literature review prior to experimental use.</p>

<ul>
    <li>Enhances immune function and thymic activity</li>
    <li>Supports endocrine homeostasis and hormonal balance</li>
    <li>Promotes epigenetic repair and DNA damage response</li>
    <li>Activates longevity-associated FOXO and SIRT pathways</li>
    <li>Lyophilised and stable for long-term research programs</li>
</ul>

<p><strong>Purity:</strong> ≥98% (HPLC verified) | <strong>Format:</strong> Lyophilised powder | <strong>Storage:</strong> Store at −20°C, protect from light and moisture. Stable for 24 months when properly stored.</p>

<p>Shop Svetinorm 10mg online at Alluvia — trusted by Australian researchers and biohackers seeking the highest purity peptides.</p>",taxable,,1,100,0,0,193.25,,Hormone & Anti-Aging,"Svetinorm 10mg, Hormone & Anti-Aging",5,Purity,>98%,1,1
simple,AV-HAA-019,Suprefort 10mg,1,0,visible,"High-purity Suprefort 10mg is a benchmark hormone & anti-aging compound in the field of endocrine support and vitality. Trusted by Australian researchers and biohackers, Suprefort 10mg is available online with fast local dispatch.","<h3>Suprefort 10mg for Hormone & Anti-Aging Research | Australia</h3>
<p><strong>Suprefort 10mg</strong> regulates hypothalamic-pituitary axis function to optimise endocrine homeostasis. This compound is widely utilised in cellular senescence and epigenetic aging research, with growing interest from preclinical and translational research communities worldwide.</p>

<p>Hormonal axis research typically administers peptide at 200 mcg per session to examine GH/IGF-1 dynamics. Researchers are advised to follow institutional guidelines and conduct thorough literature review prior to experimental use.</p>

<ul>
    <li>Stimulates physiological GH release via pituitary axis</li>
    <li>Supports telomere maintenance and cellular longevity</li>
    <li>Modulates age-associated hormonal decline</li>
    <li>Promotes mitochondrial health and bioenergetics</li>
    <li>High purity ≥98% for reliable anti-aging research</li>
</ul>

<p><strong>Purity:</strong> ≥98% (HPLC verified) | <strong>Format:</strong> Lyophilised powder | <strong>Storage:</strong> Store at −20°C, protect from light and moisture. Stable for 24 months when properly stored.</p>

<p>Buy Suprefort 10mg online in Australia from Alluvia — trusted by Australian researchers and biohackers for quality and purity.</p>",taxable,,1,100,0,0,147.59,,Hormone & Anti-Aging,"Suprefort 10mg, Hormone & Anti-Aging",5,Purity,>98%,1,1
simple,AV-HAA-020,Prostamax 10mg,1,0,visible,"Used by researchers worldwide, Prostamax 10mg is an advanced hormone & anti-aging peptide for age-related decline mitigation. Australian researchers can buy Prostamax 10mg online with confidence, backed by ≥98% purity certification.","<h3>Premium Prostamax 10mg | Hormone & Anti-Aging Australia</h3>
<p><strong>Prostamax 10mg</strong> binds pineal and thymic receptors to modulate circadian rhythm and immune senescence. This compound is widely utilised in age-related disease prevention and vitality science, with growing interest from preclinical and translational research communities worldwide.</p>

<p>Investigational anti-aging protocols use peptide concentrations of 0.5–2 mg/mL for cellular assay systems. Researchers are advised to follow institutional guidelines and conduct thorough literature review prior to experimental use.</p>

<ul>
    <li>Enhances immune function and thymic activity</li>
    <li>Supports endocrine homeostasis and hormonal balance</li>
    <li>Promotes epigenetic repair and DNA damage response</li>
    <li>Activates longevity-associated FOXO and SIRT pathways</li>
    <li>Lyophilised and stable for long-term research programs</li>
</ul>

<p><strong>Purity:</strong> ≥98% (HPLC verified) | <strong>Format:</strong> Lyophilised powder | <strong>Storage:</strong> Store at −20°C, protect from light and moisture. Stable for 24 months when properly stored.</p>

<p>Order Prostamax 10mg online Australia with confidence from Alluvia, the trusted supplier for Australian researchers and peptide enthusiasts.</p>",taxable,,1,100,0,0,59.07,,Hormone & Anti-Aging,"Prostamax 10mg, Hormone & Anti-Aging",5,Purity,>98%,1,1
simple,AV-HAA-021,Pielotax 10mg,1,0,visible,"Pielotax 10mg is a high-purity hormone & anti-aging compound offering hormonal balance and longevity. Available to buy online Australia, Pielotax 10mg meets strict quality standards with ≥98% purity.","<h3>Pielotax 10mg | Hormone & Anti-Aging | Research Grade Australia</h3>
<p><strong>Pielotax 10mg</strong> stimulates pituitary GH release via GHRH receptor activation to restore youthful GH/IGF-1 profiles. This compound is widely utilised in longevity science and geroscience research, with growing interest from preclinical and translational research communities worldwide.</p>

<p>Anti-aging research protocols typically reconstitute lyophilised peptide to 1 mg/mL in bacteriostatic water. Researchers are advised to follow institutional guidelines and conduct thorough literature review prior to experimental use.</p>

<ul>
    <li>Stimulates physiological GH release via pituitary axis</li>
    <li>Supports telomere maintenance and cellular longevity</li>
    <li>Modulates age-associated hormonal decline</li>
    <li>Promotes mitochondrial health and bioenergetics</li>
    <li>High purity ≥98% for reliable anti-aging research</li>
</ul>

<p><strong>Purity:</strong> ≥98% (HPLC verified) | <strong>Format:</strong> Lyophilised powder | <strong>Storage:</strong> Store at −20°C, protect from light and moisture. Stable for 24 months when properly stored.</p>

<p>Australian researchers and biohackers trust Alluvia for premium Pielotax 10mg — order online today with fast, discreet delivery.</p>",taxable,,1,100,0,0,169.94,,Hormone & Anti-Aging,"Pielotax 10mg, Hormone & Anti-Aging",5,Purity,>98%,1,1
simple,AV-HAA-022,Sigumir 10mg,1,0,visible,"Discover Sigumir 10mg, a premium hormone & anti-aging peptide designed for GH axis stimulation and cellular renewal. Buy Sigumir 10mg online Australia from a trusted supplier committed to research excellence.","<h3>Buy Sigumir 10mg Online Australia | Hormone & Anti-Aging</h3>
<p><strong>Sigumir 10mg</strong> modulates telomerase activity and gene expression associated with cellular senescence. This compound is widely utilised in endocrinology and hormonal health studies, with growing interest from preclinical and translational research communities worldwide.</p>

<p>Longevity studies commonly employ doses of 100–500 mcg in preclinical models for assessment of biomarkers. Researchers are advised to follow institutional guidelines and conduct thorough literature review prior to experimental use.</p>

<ul>
    <li>Enhances immune function and thymic activity</li>
    <li>Supports endocrine homeostasis and hormonal balance</li>
    <li>Promotes epigenetic repair and DNA damage response</li>
    <li>Activates longevity-associated FOXO and SIRT pathways</li>
    <li>Lyophilised and stable for long-term research programs</li>
</ul>

<p><strong>Purity:</strong> ≥98% (HPLC verified) | <strong>Format:</strong> Lyophilised powder | <strong>Storage:</strong> Store at −20°C, protect from light and moisture. Stable for 24 months when properly stored.</p>

<p>Purchase Sigumir 10mg from Alluvia, Australia's leading supplier of research-grade peptides — trusted by Australian researchers nationwide.</p>",taxable,,1,100,0,0,99.01,,Hormone & Anti-Aging,"Sigumir 10mg, Hormone & Anti-Aging",5,Purity,>98%,1,1
simple,AV-HAA-023,Glandokort 10mg,1,0,visible,"Glandokort 10mg provides researchers with a potent hormone & anti-aging agent supporting telomere protection and anti-aging. Available online across Australia, this peptide is supplied at ≥98% purity for reliable results.","<h3>Glandokort 10mg – High Purity Hormone & Anti-Aging Peptide</h3>
<p><strong>Glandokort 10mg</strong> activates epigenetic repair pathways and supports mitochondrial membrane integrity. This compound is widely utilised in cellular senescence and epigenetic aging research, with growing interest from preclinical and translational research communities worldwide.</p>

<p>Hormonal axis research typically administers peptide at 200 mcg per session to examine GH/IGF-1 dynamics. Researchers are advised to follow institutional guidelines and conduct thorough literature review prior to experimental use.</p>

<ul>
    <li>Stimulates physiological GH release via pituitary axis</li>
    <li>Supports telomere maintenance and cellular longevity</li>
    <li>Modulates age-associated hormonal decline</li>
    <li>Promotes mitochondrial health and bioenergetics</li>
    <li>High purity ≥98% for reliable anti-aging research</li>
</ul>

<p><strong>Purity:</strong> ≥98% (HPLC verified) | <strong>Format:</strong> Lyophilised powder | <strong>Storage:</strong> Store at −20°C, protect from light and moisture. Stable for 24 months when properly stored.</p>

<p>Alluvia provides Australian researchers with premium-grade Glandokort 10mg — buy online Australia for fast domestic dispatch.</p>",taxable,,1,100,0,0,148.88,,Hormone & Anti-Aging,"Glandokort 10mg, Hormone & Anti-Aging",5,Purity,>98%,1,1
simple,AV-HAA-024,Pinealon 10mg,1,0,visible,"A leading hormone & anti-aging compound, Pinealon 10mg is valued for its role in endocrine support and vitality. Trusted by Australian researchers and biohackers, Pinealon 10mg is available online with fast local dispatch.","<h3>Pinealon 10mg for Hormone & Anti-Aging Research | Australia</h3>
<p><strong>Pinealon 10mg</strong> regulates hypothalamic-pituitary axis function to optimise endocrine homeostasis. This compound is widely utilised in age-related disease prevention and vitality science, with growing interest from preclinical and translational research communities worldwide.</p>

<p>Investigational anti-aging protocols use peptide concentrations of 0.5–2 mg/mL for cellular assay systems. Researchers are advised to follow institutional guidelines and conduct thorough literature review prior to experimental use.</p>

<ul>
    <li>Enhances immune function and thymic activity</li>
    <li>Supports endocrine homeostasis and hormonal balance</li>
    <li>Promotes epigenetic repair and DNA damage response</li>
    <li>Activates longevity-associated FOXO and SIRT pathways</li>
    <li>Lyophilised and stable for long-term research programs</li>
</ul>

<p><strong>Purity:</strong> ≥98% (HPLC verified) | <strong>Format:</strong> Lyophilised powder | <strong>Storage:</strong> Store at −20°C, protect from light and moisture. Stable for 24 months when properly stored.</p>

<p>Shop Pinealon 10mg online at Alluvia — trusted by Australian researchers and biohackers seeking the highest purity peptides.</p>",taxable,,1,100,0,0,186.63,,Hormone & Anti-Aging,"Pinealon 10mg, Hormone & Anti-Aging",5,Purity,>98%,1,1
simple,AV-HAA-025,Bonomarlot 10mg,1,0,visible,"Bonomarlot 10mg stands out among hormone & anti-aging products for its proven role in age-related decline mitigation. Australian researchers can buy Bonomarlot 10mg online with confidence, backed by ≥98% purity certification.","<h3>Premium Bonomarlot 10mg | Hormone & Anti-Aging Australia</h3>
<p><strong>Bonomarlot 10mg</strong> binds pineal and thymic receptors to modulate circadian rhythm and immune senescence. This compound is widely utilised in longevity science and geroscience research, with growing interest from preclinical and translational research communities worldwide.</p>

<p>Anti-aging research protocols typically reconstitute lyophilised peptide to 1 mg/mL in bacteriostatic water. Researchers are advised to follow institutional guidelines and conduct thorough literature review prior to experimental use.</p>

<ul>
    <li>Stimulates physiological GH release via pituitary axis</li>
    <li>Supports telomere maintenance and cellular longevity</li>
    <li>Modulates age-associated hormonal decline</li>
    <li>Promotes mitochondrial health and bioenergetics</li>
    <li>High purity ≥98% for reliable anti-aging research</li>
</ul>

<p><strong>Purity:</strong> ≥98% (HPLC verified) | <strong>Format:</strong> Lyophilised powder | <strong>Storage:</strong> Store at −20°C, protect from light and moisture. Stable for 24 months when properly stored.</p>

<p>Buy Bonomarlot 10mg online in Australia from Alluvia — trusted by Australian researchers and biohackers for quality and purity.</p>",taxable,,1,100,0,0,76.4,,Hormone & Anti-Aging,"Bonomarlot 10mg, Hormone & Anti-Aging",5,Purity,>98%,1,1
simple,AV-HAA-026,Ovagen 10mg,1,0,visible,"Sourced to rigorous standards, Ovagen 10mg is a trusted hormone & anti-aging peptide for hormonal balance and longevity. Available to buy online Australia, Ovagen 10mg meets strict quality standards with ≥98% purity.","<h3>Ovagen 10mg | Hormone & Anti-Aging | Research Grade Australia</h3>
<p><strong>Ovagen 10mg</strong> stimulates pituitary GH release via GHRH receptor activation to restore youthful GH/IGF-1 profiles. This compound is widely utilised in endocrinology and hormonal health studies, with growing interest from preclinical and translational research communities worldwide.</p>

<p>Longevity studies commonly employ doses of 100–500 mcg in preclinical models for assessment of biomarkers. Researchers are advised to follow institutional guidelines and conduct thorough literature review prior to experimental use.</p>

<ul>
    <li>Enhances immune function and thymic activity</li>
    <li>Supports endocrine homeostasis and hormonal balance</li>
    <li>Promotes epigenetic repair and DNA damage response</li>
    <li>Activates longevity-associated FOXO and SIRT pathways</li>
    <li>Lyophilised and stable for long-term research programs</li>
</ul>

<p><strong>Purity:</strong> ≥98% (HPLC verified) | <strong>Format:</strong> Lyophilised powder | <strong>Storage:</strong> Store at −20°C, protect from light and moisture. Stable for 24 months when properly stored.</p>

<p>Order Ovagen 10mg online Australia with confidence from Alluvia, the trusted supplier for Australian researchers and peptide enthusiasts.</p>",taxable,,1,100,0,0,73.81,,Hormone & Anti-Aging,"Ovagen 10mg, Hormone & Anti-Aging",5,Purity,>98%,1,1
simple,AV-HAA-027,Libidon 10mg,1,0,visible,"For those seeking quality hormone & anti-aging solutions, Libidon 10mg delivers outstanding GH axis stimulation and cellular renewal. Buy Libidon 10mg online Australia from a trusted supplier committed to research excellence.","<h3>Buy Libidon 10mg Online Australia | Hormone & Anti-Aging</h3>
<p><strong>Libidon 10mg</strong> modulates telomerase activity and gene expression associated with cellular senescence. This compound is widely utilised in cellular senescence and epigenetic aging research, with growing interest from preclinical and translational research communities worldwide.</p>

<p>Hormonal axis research typically administers peptide at 200 mcg per session to examine GH/IGF-1 dynamics. Researchers are advised to follow institutional guidelines and conduct thorough literature review prior to experimental use.</p>

<ul>
    <li>Stimulates physiological GH release via pituitary axis</li>
    <li>Supports telomere maintenance and cellular longevity</li>
    <li>Modulates age-associated hormonal decline</li>
    <li>Promotes mitochondrial health and bioenergetics</li>
    <li>High purity ≥98% for reliable anti-aging research</li>
</ul>

<p><strong>Purity:</strong> ≥98% (HPLC verified) | <strong>Format:</strong> Lyophilised powder | <strong>Storage:</strong> Store at −20°C, protect from light and moisture. Stable for 24 months when properly stored.</p>

<p>Australian researchers and biohackers trust Alluvia for premium Libidon 10mg — order online today with fast, discreet delivery.</p>",taxable,,1,100,0,0,72.66,,Hormone & Anti-Aging,"Libidon 10mg, Hormone & Anti-Aging",5,Purity,>98%,1,1
simple,AV-HAA-028,Bronchogen 10mg,1,0,visible,"Bronchogen 10mg is a research-grade hormone & anti-aging peptide renowned for telomere protection and anti-aging. Available online across Australia, this peptide is supplied at ≥98% purity for reliable results.","<h3>Bronchogen 10mg – High Purity Hormone & Anti-Aging Peptide</h3>
<p><strong>Bronchogen 10mg</strong> activates epigenetic repair pathways and supports mitochondrial membrane integrity. This compound is widely utilised in age-related disease prevention and vitality science, with growing interest from preclinical and translational research communities worldwide.</p>

<p>Investigational anti-aging protocols use peptide concentrations of 0.5–2 mg/mL for cellular assay systems. Researchers are advised to follow institutional guidelines and conduct thorough literature review prior to experimental use.</p>

<ul>
    <li>Enhances immune function and thymic activity</li>
    <li>Supports endocrine homeostasis and hormonal balance</li>
    <li>Promotes epigenetic repair and DNA damage response</li>
    <li>Activates longevity-associated FOXO and SIRT pathways</li>
    <li>Lyophilised and stable for long-term research programs</li>
</ul>

<p><strong>Purity:</strong> ≥98% (HPLC verified) | <strong>Format:</strong> Lyophilised powder | <strong>Storage:</strong> Store at −20°C, protect from light and moisture. Stable for 24 months when properly stored.</p>

<p>Purchase Bronchogen 10mg from Alluvia, Australia's leading supplier of research-grade peptides — trusted by Australian researchers nationwide.</p>",taxable,,1,100,0,0,133.79,,Hormone & Anti-Aging,"Bronchogen 10mg, Hormone & Anti-Aging",5,Purity,>98%,1,1
simple,AV-HAA-029,Chonluten 10mg,1,0,visible,"High-purity Chonluten 10mg is a benchmark hormone & anti-aging compound in the field of endocrine support and vitality. Trusted by Australian researchers and biohackers, Chonluten 10mg is available online with fast local dispatch.","<h3>Chonluten 10mg for Hormone & Anti-Aging Research | Australia</h3>
<p><strong>Chonluten 10mg</strong> regulates hypothalamic-pituitary axis function to optimise endocrine homeostasis. This compound is widely utilised in longevity science and geroscience research, with growing interest from preclinical and translational research communities worldwide.</p>

<p>Anti-aging research protocols typically reconstitute lyophilised peptide to 1 mg/mL in bacteriostatic water. Researchers are advised to follow institutional guidelines and conduct thorough literature review prior to experimental use.</p>

<ul>
    <li>Stimulates physiological GH release via pituitary axis</li>
    <li>Supports telomere maintenance and cellular longevity</li>
    <li>Modulates age-associated hormonal decline</li>
    <li>Promotes mitochondrial health and bioenergetics</li>
    <li>High purity ≥98% for reliable anti-aging research</li>
</ul>

<p><strong>Purity:</strong> ≥98% (HPLC verified) | <strong>Format:</strong> Lyophilised powder | <strong>Storage:</strong> Store at −20°C, protect from light and moisture. Stable for 24 months when properly stored.</p>

<p>Alluvia provides Australian researchers with premium-grade Chonluten 10mg — buy online Australia for fast domestic dispatch.</p>",taxable,,1,100,0,0,95.31,,Hormone & Anti-Aging,"Chonluten 10mg, Hormone & Anti-Aging",5,Purity,>98%,1,1
simple,AV-HAA-030,Ventfort 10mg,1,0,visible,"Used by researchers worldwide, Ventfort 10mg is an advanced hormone & anti-aging peptide for age-related decline mitigation. Australian researchers can buy Ventfort 10mg online with confidence, backed by ≥98% purity certification.","<h3>Premium Ventfort 10mg | Hormone & Anti-Aging Australia</h3>
<p><strong>Ventfort 10mg</strong> binds pineal and thymic receptors to modulate circadian rhythm and immune senescence. This compound is widely utilised in endocrinology and hormonal health studies, with growing interest from preclinical and translational research communities worldwide.</p>

<p>Longevity studies commonly employ doses of 100–500 mcg in preclinical models for assessment of biomarkers. Researchers are advised to follow institutional guidelines and conduct thorough literature review prior to experimental use.</p>

<ul>
    <li>Enhances immune function and thymic activity</li>
    <li>Supports endocrine homeostasis and hormonal balance</li>
    <li>Promotes epigenetic repair and DNA damage response</li>
    <li>Activates longevity-associated FOXO and SIRT pathways</li>
    <li>Lyophilised and stable for long-term research programs</li>
</ul>

<p><strong>Purity:</strong> ≥98% (HPLC verified) | <strong>Format:</strong> Lyophilised powder | <strong>Storage:</strong> Store at −20°C, protect from light and moisture. Stable for 24 months when properly stored.</p>

<p>Shop Ventfort 10mg online at Alluvia — trusted by Australian researchers and biohackers seeking the highest purity peptides.</p>",taxable,,1,100,0,0,140.86,,Hormone & Anti-Aging,"Ventfort 10mg, Hormone & Anti-Aging",5,Purity,>98%,1,1
simple,AV-HAA-031,FOXO4-DRI 2mg,1,0,visible,"FOXO4-DRI 2mg is a high-purity hormone & anti-aging compound offering hormonal balance and longevity. Available to buy online Australia, FOXO4-DRI 2mg meets strict quality standards with ≥98% purity.","<h3>FOXO4-DRI 2mg | Hormone & Anti-Aging | Research Grade Australia</h3>
<p><strong>FOXO4-DRI 2mg</strong> stimulates pituitary GH release via GHRH receptor activation to restore youthful GH/IGF-1 profiles. This compound is widely utilised in cellular senescence and epigenetic aging research, with growing interest from preclinical and translational research communities worldwide.</p>

<p>Hormonal axis research typically administers peptide at 200 mcg per session to examine GH/IGF-1 dynamics. Researchers are advised to follow institutional guidelines and conduct thorough literature review prior to experimental use.</p>

<ul>
    <li>Stimulates physiological GH release via pituitary axis</li>
    <li>Supports telomere maintenance and cellular longevity</li>
    <li>Modulates age-associated hormonal decline</li>
    <li>Promotes mitochondrial health and bioenergetics</li>
    <li>High purity ≥98% for reliable anti-aging research</li>
</ul>

<p><strong>Purity:</strong> ≥98% (HPLC verified) | <strong>Format:</strong> Lyophilised powder | <strong>Storage:</strong> Store at −20°C, protect from light and moisture. Stable for 24 months when properly stored.</p>

<p>Buy FOXO4-DRI 2mg online in Australia from Alluvia — trusted by Australian researchers and biohackers for quality and purity.</p>",taxable,,1,100,0,0,156.31,,Hormone & Anti-Aging,"FOXO4-DRI 2mg, Hormone & Anti-Aging",5,Purity,>98%,1,1
simple,AV-HAA-032,SS-31 2mg,1,0,visible,"Discover SS-31 2mg, a premium hormone & anti-aging peptide designed for GH axis stimulation and cellular renewal. Buy SS-31 2mg online Australia from a trusted supplier committed to research excellence.","<h3>Buy SS-31 2mg Online Australia | Hormone & Anti-Aging</h3>
<p><strong>SS-31 2mg</strong> modulates telomerase activity and gene expression associated with cellular senescence. This compound is widely utilised in age-related disease prevention and vitality science, with growing interest from preclinical and translational research communities worldwide.</p>

<p>Investigational anti-aging protocols use peptide concentrations of 0.5–2 mg/mL for cellular assay systems. Researchers are advised to follow institutional guidelines and conduct thorough literature review prior to experimental use.</p>

<ul>
    <li>Enhances immune function and thymic activity</li>
    <li>Supports endocrine homeostasis and hormonal balance</li>
    <li>Promotes epigenetic repair and DNA damage response</li>
    <li>Activates longevity-associated FOXO and SIRT pathways</li>
    <li>Lyophilised and stable for long-term research programs</li>
</ul>

<p><strong>Purity:</strong> ≥98% (HPLC verified) | <strong>Format:</strong> Lyophilised powder | <strong>Storage:</strong> Store at −20°C, protect from light and moisture. Stable for 24 months when properly stored.</p>

<p>Order SS-31 2mg online Australia with confidence from Alluvia, the trusted supplier for Australian researchers and peptide enthusiasts.</p>",taxable,,1,100,0,0,85.89,,Hormone & Anti-Aging,"SS-31 2mg, Hormone & Anti-Aging",5,Purity,>98%,1,1
simple,AV-HAA-033,NAD+ Precursor Peptide 50mg,1,0,visible,"NAD+ Precursor Peptide 50mg provides researchers with a potent hormone & anti-aging agent supporting telomere protection and anti-aging. Available online across Australia, this peptide is supplied at ≥98% purity for reliable results.","<h3>NAD+ Precursor Peptide 50mg – High Purity Hormone & Anti-Aging Peptide</h3>
<p><strong>NAD+ Precursor Peptide 50mg</strong> activates epigenetic repair pathways and supports mitochondrial membrane integrity. This compound is widely utilised in longevity science and geroscience research, with growing interest from preclinical and translational research communities worldwide.</p>

<p>Anti-aging research protocols typically reconstitute lyophilised peptide to 1 mg/mL in bacteriostatic water. Researchers are advised to follow institutional guidelines and conduct thorough literature review prior to experimental use.</p>

<ul>
    <li>Stimulates physiological GH release via pituitary axis</li>
    <li>Supports telomere maintenance and cellular longevity</li>
    <li>Modulates age-associated hormonal decline</li>
    <li>Promotes mitochondrial health and bioenergetics</li>
    <li>High purity ≥98% for reliable anti-aging research</li>
</ul>

<p><strong>Purity:</strong> ≥98% (HPLC verified) | <strong>Format:</strong> Lyophilised powder | <strong>Storage:</strong> Store at −20°C, protect from light and moisture. Stable for 24 months when properly stored.</p>

<p>Australian researchers and biohackers trust Alluvia for premium NAD+ Precursor Peptide 50mg — order online today with fast, discreet delivery.</p>",taxable,,1,100,0,0,144.89,,Hormone & Anti-Aging,"NAD+ Precursor Peptide 50mg, Hormone & Anti-Aging",5,Purity,>98%,1,1
simple,AV-HAA-034,GHK-Cu 50mg,1,0,visible,"A leading hormone & anti-aging compound, GHK-Cu 50mg is valued for its role in endocrine support and vitality. Trusted by Australian researchers and biohackers, GHK-Cu 50mg is available online with fast local dispatch.","<h3>GHK-Cu 50mg for Hormone & Anti-Aging Research | Australia</h3>
<p><strong>GHK-Cu 50mg</strong> regulates hypothalamic-pituitary axis function to optimise endocrine homeostasis. This compound is widely utilised in endocrinology and hormonal health studies, with growing interest from preclinical and translational research communities worldwide.</p>

<p>Longevity studies commonly employ doses of 100–500 mcg in preclinical models for assessment of biomarkers. Researchers are advised to follow institutional guidelines and conduct thorough literature review prior to experimental use.</p>

<ul>
    <li>Enhances immune function and thymic activity</li>
    <li>Supports endocrine homeostasis and hormonal balance</li>
    <li>Promotes epigenetic repair and DNA damage response</li>
    <li>Activates longevity-associated FOXO and SIRT pathways</li>
    <li>Lyophilised and stable for long-term research programs</li>
</ul>

<p><strong>Purity:</strong> ≥98% (HPLC verified) | <strong>Format:</strong> Lyophilised powder | <strong>Storage:</strong> Store at −20°C, protect from light and moisture. Stable for 24 months when properly stored.</p>

<p>Purchase GHK-Cu 50mg from Alluvia, Australia's leading supplier of research-grade peptides — trusted by Australian researchers nationwide.</p>",taxable,,1,100,0,0,94.17,,Hormone & Anti-Aging,"GHK-Cu 50mg, Hormone & Anti-Aging",5,Purity,>98%,1,1
simple,AV-HAA-035,CJC-1295 No DAC 5mg,1,0,visible,"CJC-1295 No DAC 5mg stands out among hormone & anti-aging products for its proven role in age-related decline mitigation. Australian researchers can buy CJC-1295 No DAC 5mg online with confidence, backed by ≥98% purity certification.","<h3>Premium CJC-1295 No DAC 5mg | Hormone & Anti-Aging Australia</h3>
<p><strong>CJC-1295 No DAC 5mg</strong> binds pineal and thymic receptors to modulate circadian rhythm and immune senescence. This compound is widely utilised in cellular senescence and epigenetic aging research, with growing interest from preclinical and translational research communities worldwide.</p>

<p>Hormonal axis research typically administers peptide at 200 mcg per session to examine GH/IGF-1 dynamics. Researchers are advised to follow institutional guidelines and conduct thorough literature review prior to experimental use.</p>

<ul>
    <li>Stimulates physiological GH release via pituitary axis</li>
    <li>Supports telomere maintenance and cellular longevity</li>
    <li>Modulates age-associated hormonal decline</li>
    <li>Promotes mitochondrial health and bioenergetics</li>
    <li>High purity ≥98% for reliable anti-aging research</li>
</ul>

<p><strong>Purity:</strong> ≥98% (HPLC verified) | <strong>Format:</strong> Lyophilised powder | <strong>Storage:</strong> Store at −20°C, protect from light and moisture. Stable for 24 months when properly stored.</p>

<p>Alluvia provides Australian researchers with premium-grade CJC-1295 No DAC 5mg — buy online Australia for fast domestic dispatch.</p>",taxable,,1,100,0,0,124.93,,Hormone & Anti-Aging,"CJC-1295 No DAC 5mg, Hormone & Anti-Aging",5,Purity,>98%,1,1
simple,AV-HAA-036,GHRP-2 5mg,1,0,visible,"Sourced to rigorous standards, GHRP-2 5mg is a trusted hormone & anti-aging peptide for hormonal balance and longevity. Available to buy online Australia, GHRP-2 5mg meets strict quality standards with ≥98% purity.","<h3>GHRP-2 5mg | Hormone & Anti-Aging | Research Grade Australia</h3>
<p><strong>GHRP-2 5mg</strong> stimulates pituitary GH release via GHRH receptor activation to restore youthful GH/IGF-1 profiles. This compound is widely utilised in age-related disease prevention and vitality science, with growing interest from preclinical and translational research communities worldwide.</p>

<p>Investigational anti-aging protocols use peptide concentrations of 0.5–2 mg/mL for cellular assay systems. Researchers are advised to follow institutional guidelines and conduct thorough literature review prior to experimental use.</p>

<ul>
    <li>Enhances immune function and thymic activity</li>
    <li>Supports endocrine homeostasis and hormonal balance</li>
    <li>Promotes epigenetic repair and DNA damage response</li>
    <li>Activates longevity-associated FOXO and SIRT pathways</li>
    <li>Lyophilised and stable for long-term research programs</li>
</ul>

<p><strong>Purity:</strong> ≥98% (HPLC verified) | <strong>Format:</strong> Lyophilised powder | <strong>Storage:</strong> Store at −20°C, protect from light and moisture. Stable for 24 months when properly stored.</p>

<p>Shop GHRP-2 5mg online at Alluvia — trusted by Australian researchers and biohackers seeking the highest purity peptides.</p>",taxable,,1,100,0,0,182.03,,Hormone & Anti-Aging,"GHRP-2 5mg, Hormone & Anti-Aging",5,Purity,>98%,1,1
simple,AV-HAA-037,GHRP-6 5mg,1,0,visible,"For those seeking quality hormone & anti-aging solutions, GHRP-6 5mg delivers outstanding GH axis stimulation and cellular renewal. Buy GHRP-6 5mg online Australia from a trusted supplier committed to research excellence.","<h3>Buy GHRP-6 5mg Online Australia | Hormone & Anti-Aging</h3>
<p><strong>GHRP-6 5mg</strong> modulates telomerase activity and gene expression associated with cellular senescence. This compound is widely utilised in longevity science and geroscience research, with growing interest from preclinical and translational research communities worldwide.</p>

<p>Anti-aging research protocols typically reconstitute lyophilised peptide to 1 mg/mL in bacteriostatic water. Researchers are advised to follow institutional guidelines and conduct thorough literature review prior to experimental use.</p>

<ul>
    <li>Stimulates physiological GH release via pituitary axis</li>
    <li>Supports telomere maintenance and cellular longevity</li>
    <li>Modulates age-associated hormonal decline</li>
    <li>Promotes mitochondrial health and bioenergetics</li>
    <li>High purity ≥98% for reliable anti-aging research</li>
</ul>

<p><strong>Purity:</strong> ≥98% (HPLC verified) | <strong>Format:</strong> Lyophilised powder | <strong>Storage:</strong> Store at −20°C, protect from light and moisture. Stable for 24 months when properly stored.</p>

<p>Buy GHRP-6 5mg online in Australia from Alluvia — trusted by Australian researchers and biohackers for quality and purity.</p>",taxable,,1,100,0,0,173.92,,Hormone & Anti-Aging,"GHRP-6 5mg, Hormone & Anti-Aging",5,Purity,>98%,1,1
simple,AV-HAA-038,Hexarelin 2mg,1,0,visible,"Hexarelin 2mg is a research-grade hormone & anti-aging peptide renowned for telomere protection and anti-aging. Available online across Australia, this peptide is supplied at ≥98% purity for reliable results.","<h3>Hexarelin 2mg – High Purity Hormone & Anti-Aging Peptide</h3>
<p><strong>Hexarelin 2mg</strong> activates epigenetic repair pathways and supports mitochondrial membrane integrity. This compound is widely utilised in endocrinology and hormonal health studies, with growing interest from preclinical and translational research communities worldwide.</p>

<p>Longevity studies commonly employ doses of 100–500 mcg in preclinical models for assessment of biomarkers. Researchers are advised to follow institutional guidelines and conduct thorough literature review prior to experimental use.</p>

<ul>
    <li>Enhances immune function and thymic activity</li>
    <li>Supports endocrine homeostasis and hormonal balance</li>
    <li>Promotes epigenetic repair and DNA damage response</li>
    <li>Activates longevity-associated FOXO and SIRT pathways</li>
    <li>Lyophilised and stable for long-term research programs</li>
</ul>

<p><strong>Purity:</strong> ≥98% (HPLC verified) | <strong>Format:</strong> Lyophilised powder | <strong>Storage:</strong> Store at −20°C, protect from light and moisture. Stable for 24 months when properly stored.</p>

<p>Order Hexarelin 2mg online Australia with confidence from Alluvia, the trusted supplier for Australian researchers and peptide enthusiasts.</p>",taxable,,1,100,0,0,70.64,,Hormone & Anti-Aging,"Hexarelin 2mg, Hormone & Anti-Aging",5,Purity,>98%,1,1
simple,AV-HAA-039,Kisspeptin-10 2mg,1,0,visible,"High-purity Kisspeptin-10 2mg is a benchmark hormone & anti-aging compound in the field of endocrine support and vitality. Trusted by Australian researchers and biohackers, Kisspeptin-10 2mg is available online with fast local dispatch.","<h3>Kisspeptin-10 2mg for Hormone & Anti-Aging Research | Australia</h3>
<p><strong>Kisspeptin-10 2mg</strong> regulates hypothalamic-pituitary axis function to optimise endocrine homeostasis. This compound is widely utilised in cellular senescence and epigenetic aging research, with growing interest from preclinical and translational research communities worldwide.</p>

<p>Hormonal axis research typically administers peptide at 200 mcg per session to examine GH/IGF-1 dynamics. Researchers are advised to follow institutional guidelines and conduct thorough literature review prior to experimental use.</p>

<ul>
    <li>Stimulates physiological GH release via pituitary axis</li>
    <li>Supports telomere maintenance and cellular longevity</li>
    <li>Modulates age-associated hormonal decline</li>
    <li>Promotes mitochondrial health and bioenergetics</li>
    <li>High purity ≥98% for reliable anti-aging research</li>
</ul>

<p><strong>Purity:</strong> ≥98% (HPLC verified) | <strong>Format:</strong> Lyophilised powder | <strong>Storage:</strong> Store at −20°C, protect from light and moisture. Stable for 24 months when properly stored.</p>

<p>Australian researchers and biohackers trust Alluvia for premium Kisspeptin-10 2mg — order online today with fast, discreet delivery.</p>",taxable,,1,100,0,0,116.03,,Hormone & Anti-Aging,"Kisspeptin-10 2mg, Hormone & Anti-Aging",5,Purity,>98%,1,1
simple,AV-HAA-040,Oxytocin 2mg,1,0,visible,"Used by researchers worldwide, Oxytocin 2mg is an advanced hormone & anti-aging peptide for age-related decline mitigation. Australian researchers can buy Oxytocin 2mg online with confidence, backed by ≥98% purity certification.","<h3>Premium Oxytocin 2mg | Hormone & Anti-Aging Australia</h3>
<p><strong>Oxytocin 2mg</strong> binds pineal and thymic receptors to modulate circadian rhythm and immune senescence. This compound is widely utilised in age-related disease prevention and vitality science, with growing interest from preclinical and translational research communities worldwide.</p>

<p>Investigational anti-aging protocols use peptide concentrations of 0.5–2 mg/mL for cellular assay systems. Researchers are advised to follow institutional guidelines and conduct thorough literature review prior to experimental use.</p>

<ul>
    <li>Enhances immune function and thymic activity</li>
    <li>Supports endocrine homeostasis and hormonal balance</li>
    <li>Promotes epigenetic repair and DNA damage response</li>
    <li>Activates longevity-associated FOXO and SIRT pathways</li>
    <li>Lyophilised and stable for long-term research programs</li>
</ul>

<p><strong>Purity:</strong> ≥98% (HPLC verified) | <strong>Format:</strong> Lyophilised powder | <strong>Storage:</strong> Store at −20°C, protect from light and moisture. Stable for 24 months when properly stored.</p>

<p>Purchase Oxytocin 2mg from Alluvia, Australia's leading supplier of research-grade peptides — trusted by Australian researchers nationwide.</p>",taxable,,1,100,0,0,95.91,,Hormone & Anti-Aging,"Oxytocin 2mg, Hormone & Anti-Aging",5,Purity,>98%,1,1
simple,AV-HAA-041,GnRH (Gonadorelin) 2mg,1,0,visible,"GnRH (Gonadorelin) 2mg is a high-purity hormone & anti-aging compound offering hormonal balance and longevity. Available to buy online Australia, GnRH (Gonadorelin) 2mg meets strict quality standards with ≥98% purity.","<h3>GnRH (Gonadorelin) 2mg | Hormone & Anti-Aging | Research Grade Australia</h3>
<p><strong>GnRH (Gonadorelin) 2mg</strong> stimulates pituitary GH release via GHRH receptor activation to restore youthful GH/IGF-1 profiles. This compound is widely utilised in longevity science and geroscience research, with growing interest from preclinical and translational research communities worldwide.</p>

<p>Anti-aging research protocols typically reconstitute lyophilised peptide to 1 mg/mL in bacteriostatic water. Researchers are advised to follow institutional guidelines and conduct thorough literature review prior to experimental use.</p>

<ul>
    <li>Stimulates physiological GH release via pituitary axis</li>
    <li>Supports telomere maintenance and cellular longevity</li>
    <li>Modulates age-associated hormonal decline</li>
    <li>Promotes mitochondrial health and bioenergetics</li>
    <li>High purity ≥98% for reliable anti-aging research</li>
</ul>

<p><strong>Purity:</strong> ≥98% (HPLC verified) | <strong>Format:</strong> Lyophilised powder | <strong>Storage:</strong> Store at −20°C, protect from light and moisture. Stable for 24 months when properly stored.</p>

<p>Alluvia provides Australian researchers with premium-grade GnRH (Gonadorelin) 2mg — buy online Australia for fast domestic dispatch.</p>",taxable,,1,100,0,0,58.49,,Hormone & Anti-Aging,"GnRH (Gonadorelin) 2mg, Hormone & Anti-Aging",5,Purity,>98%,1,1
simple,AV-HAA-042,LH-RH Agonist Peptide 2mg,1,0,visible,"Discover LH-RH Agonist Peptide 2mg, a premium hormone & anti-aging peptide designed for GH axis stimulation and cellular renewal. Buy LH-RH Agonist Peptide 2mg online Australia from a trusted supplier committed to research excellence.","<h3>Buy LH-RH Agonist Peptide 2mg Online Australia | Hormone & Anti-Aging</h3>
<p><strong>LH-RH Agonist Peptide 2mg</strong> modulates telomerase activity and gene expression associated with cellular senescence. This compound is widely utilised in endocrinology and hormonal health studies, with growing interest from preclinical and translational research communities worldwide.</p>

<p>Longevity studies commonly employ doses of 100–500 mcg in preclinical models for assessment of biomarkers. Researchers are advised to follow institutional guidelines and conduct thorough literature review prior to experimental use.</p>

<ul>
    <li>Enhances immune function and thymic activity</li>
    <li>Supports endocrine homeostasis and hormonal balance</li>
    <li>Promotes epigenetic repair and DNA damage response</li>
    <li>Activates longevity-associated FOXO and SIRT pathways</li>
    <li>Lyophilised and stable for long-term research programs</li>
</ul>

<p><strong>Purity:</strong> ≥98% (HPLC verified) | <strong>Format:</strong> Lyophilised powder | <strong>Storage:</strong> Store at −20°C, protect from light and moisture. Stable for 24 months when properly stored.</p>

<p>Shop LH-RH Agonist Peptide 2mg online at Alluvia — trusted by Australian researchers and biohackers seeking the highest purity peptides.</p>",taxable,,1,100,0,0,163.64,,Hormone & Anti-Aging,"LH-RH Agonist Peptide 2mg, Hormone & Anti-Aging",5,Purity,>98%,1,1
simple,AV-HAA-043,α-MSH 2mg,1,0,visible,"α-MSH 2mg provides researchers with a potent hormone & anti-aging agent supporting telomere protection and anti-aging. Available online across Australia, this peptide is supplied at ≥98% purity for reliable results.","<h3>α-MSH 2mg – High Purity Hormone & Anti-Aging Peptide</h3>
<p><strong>α-MSH 2mg</strong> activates epigenetic repair pathways and supports mitochondrial membrane integrity. This compound is widely utilised in cellular senescence and epigenetic aging research, with growing interest from preclinical and translational research communities worldwide.</p>

<p>Hormonal axis research typically administers peptide at 200 mcg per session to examine GH/IGF-1 dynamics. Researchers are advised to follow institutional guidelines and conduct thorough literature review prior to experimental use.</p>

<ul>
    <li>Stimulates physiological GH release via pituitary axis</li>
    <li>Supports telomere maintenance and cellular longevity</li>
    <li>Modulates age-associated hormonal decline</li>
    <li>Promotes mitochondrial health and bioenergetics</li>
    <li>High purity ≥98% for reliable anti-aging research</li>
</ul>

<p><strong>Purity:</strong> ≥98% (HPLC verified) | <strong>Format:</strong> Lyophilised powder | <strong>Storage:</strong> Store at −20°C, protect from light and moisture. Stable for 24 months when properly stored.</p>

<p>Buy α-MSH 2mg online in Australia from Alluvia — trusted by Australian researchers and biohackers for quality and purity.</p>",taxable,,1,100,0,0,145.28,,Hormone & Anti-Aging,"α-MSH 2mg, Hormone & Anti-Aging",5,Purity,>98%,1,1
simple,AV-HAA-044,MC4-R Agonist 2mg,1,0,visible,"A leading hormone & anti-aging compound, MC4-R Agonist 2mg is valued for its role in endocrine support and vitality. Trusted by Australian researchers and biohackers, MC4-R Agonist 2mg is available online with fast local dispatch.","<h3>MC4-R Agonist 2mg for Hormone & Anti-Aging Research | Australia</h3>
<p><strong>MC4-R Agonist 2mg</strong> regulates hypothalamic-pituitary axis function to optimise endocrine homeostasis. This compound is widely utilised in age-related disease prevention and vitality science, with growing interest from preclinical and translational research communities worldwide.</p>

<p>Investigational anti-aging protocols use peptide concentrations of 0.5–2 mg/mL for cellular assay systems. Researchers are advised to follow institutional guidelines and conduct thorough literature review prior to experimental use.</p>

<ul>
    <li>Enhances immune function and thymic activity</li>
    <li>Supports endocrine homeostasis and hormonal balance</li>
    <li>Promotes epigenetic repair and DNA damage response</li>
    <li>Activates longevity-associated FOXO and SIRT pathways</li>
    <li>Lyophilised and stable for long-term research programs</li>
</ul>

<p><strong>Purity:</strong> ≥98% (HPLC verified) | <strong>Format:</strong> Lyophilised powder | <strong>Storage:</strong> Store at −20°C, protect from light and moisture. Stable for 24 months when properly stored.</p>

<p>Order MC4-R Agonist 2mg online Australia with confidence from Alluvia, the trusted supplier for Australian researchers and peptide enthusiasts.</p>",taxable,,1,100,0,0,93.89,,Hormone & Anti-Aging,"MC4-R Agonist 2mg, Hormone & Anti-Aging",5,Purity,>98%,1,1
simple,AV-HAA-045,PT-141 10mg,1,0,visible,"PT-141 10mg stands out among hormone & anti-aging products for its proven role in age-related decline mitigation. Australian researchers can buy PT-141 10mg online with confidence, backed by ≥98% purity certification.","<h3>Premium PT-141 10mg | Hormone & Anti-Aging Australia</h3>
<p><strong>PT-141 10mg</strong> binds pineal and thymic receptors to modulate circadian rhythm and immune senescence. This compound is widely utilised in longevity science and geroscience research, with growing interest from preclinical and translational research communities worldwide.</p>

<p>Anti-aging research protocols typically reconstitute lyophilised peptide to 1 mg/mL in bacteriostatic water. Researchers are advised to follow institutional guidelines and conduct thorough literature review prior to experimental use.</p>

<ul>
    <li>Stimulates physiological GH release via pituitary axis</li>
    <li>Supports telomere maintenance and cellular longevity</li>
    <li>Modulates age-associated hormonal decline</li>
    <li>Promotes mitochondrial health and bioenergetics</li>
    <li>High purity ≥98% for reliable anti-aging research</li>
</ul>

<p><strong>Purity:</strong> ≥98% (HPLC verified) | <strong>Format:</strong> Lyophilised powder | <strong>Storage:</strong> Store at −20°C, protect from light and moisture. Stable for 24 months when properly stored.</p>

<p>Australian researchers and biohackers trust Alluvia for premium PT-141 10mg — order online today with fast, discreet delivery.</p>",taxable,,1,100,0,0,159.55,,Hormone & Anti-Aging,"PT-141 10mg, Hormone & Anti-Aging",5,Purity,>98%,1,1
simple,AV-HAA-046,Tesamorelin 2mg,1,0,visible,"Sourced to rigorous standards, Tesamorelin 2mg is a trusted hormone & anti-aging peptide for hormonal balance and longevity. Available to buy online Australia, Tesamorelin 2mg meets strict quality standards with ≥98% purity.","<h3>Tesamorelin 2mg | Hormone & Anti-Aging | Research Grade Australia</h3>
<p><strong>Tesamorelin 2mg</strong> stimulates pituitary GH release via GHRH receptor activation to restore youthful GH/IGF-1 profiles. This compound is widely utilised in endocrinology and hormonal health studies, with growing interest from preclinical and translational research communities worldwide.</p>

<p>Longevity studies commonly employ doses of 100–500 mcg in preclinical models for assessment of biomarkers. Researchers are advised to follow institutional guidelines and conduct thorough literature review prior to experimental use.</p>

<ul>
    <li>Enhances immune function and thymic activity</li>
    <li>Supports endocrine homeostasis and hormonal balance</li>
    <li>Promotes epigenetic repair and DNA damage response</li>
    <li>Activates longevity-associated FOXO and SIRT pathways</li>
    <li>Lyophilised and stable for long-term research programs</li>
</ul>

<p><strong>Purity:</strong> ≥98% (HPLC verified) | <strong>Format:</strong> Lyophilised powder | <strong>Storage:</strong> Store at −20°C, protect from light and moisture. Stable for 24 months when properly stored.</p>

<p>Purchase Tesamorelin 2mg from Alluvia, Australia's leading supplier of research-grade peptides — trusted by Australian researchers nationwide.</p>",taxable,,1,100,0,0,133.58,,Hormone & Anti-Aging,"Tesamorelin 2mg, Hormone & Anti-Aging",5,Purity,>98%,1,1
simple,AV-HAA-047,Selank 5mg,1,0,visible,"For those seeking quality hormone & anti-aging solutions, Selank 5mg delivers outstanding GH axis stimulation and cellular renewal. Buy Selank 5mg online Australia from a trusted supplier committed to research excellence.","<h3>Buy Selank 5mg Online Australia | Hormone & Anti-Aging</h3>
<p><strong>Selank 5mg</strong> modulates telomerase activity and gene expression associated with cellular senescence. This compound is widely utilised in cellular senescence and epigenetic aging research, with growing interest from preclinical and translational research communities worldwide.</p>

<p>Hormonal axis research typically administers peptide at 200 mcg per session to examine GH/IGF-1 dynamics. Researchers are advised to follow institutional guidelines and conduct thorough literature review prior to experimental use.</p>

<ul>
    <li>Stimulates physiological GH release via pituitary axis</li>
    <li>Supports telomere maintenance and cellular longevity</li>
    <li>Modulates age-associated hormonal decline</li>
    <li>Promotes mitochondrial health and bioenergetics</li>
    <li>High purity ≥98% for reliable anti-aging research</li>
</ul>

<p><strong>Purity:</strong> ≥98% (HPLC verified) | <strong>Format:</strong> Lyophilised powder | <strong>Storage:</strong> Store at −20°C, protect from light and moisture. Stable for 24 months when properly stored.</p>

<p>Alluvia provides Australian researchers with premium-grade Selank 5mg — buy online Australia for fast domestic dispatch.</p>",taxable,,1,100,0,0,116.59,,Hormone & Anti-Aging,"Selank 5mg, Hormone & Anti-Aging",5,Purity,>98%,1,1
simple,AV-HAA-048,DSIP 5mg,1,0,visible,"DSIP 5mg is a research-grade hormone & anti-aging peptide renowned for telomere protection and anti-aging. Available online across Australia, this peptide is supplied at ≥98% purity for reliable results.","<h3>DSIP 5mg – High Purity Hormone & Anti-Aging Peptide</h3>
<p><strong>DSIP 5mg</strong> activates epigenetic repair pathways and supports mitochondrial membrane integrity. This compound is widely utilised in age-related disease prevention and vitality science, with growing interest from preclinical and translational research communities worldwide.</p>

<p>Investigational anti-aging protocols use peptide concentrations of 0.5–2 mg/mL for cellular assay systems. Researchers are advised to follow institutional guidelines and conduct thorough literature review prior to experimental use.</p>

<ul>
    <li>Enhances immune function and thymic activity</li>
    <li>Supports endocrine homeostasis and hormonal balance</li>
    <li>Promotes epigenetic repair and DNA damage response</li>
    <li>Activates longevity-associated FOXO and SIRT pathways</li>
    <li>Lyophilised and stable for long-term research programs</li>
</ul>

<p><strong>Purity:</strong> ≥98% (HPLC verified) | <strong>Format:</strong> Lyophilised powder | <strong>Storage:</strong> Store at −20°C, protect from light and moisture. Stable for 24 months when properly stored.</p>

<p>Shop DSIP 5mg online at Alluvia — trusted by Australian researchers and biohackers seeking the highest purity peptides.</p>",taxable,,1,100,0,0,59.32,,Hormone & Anti-Aging,"DSIP 5mg, Hormone & Anti-Aging",5,Purity,>98%,1,1
simple,AV-HAA-049,SS-31 Mitochondrial 2mg,1,0,visible,"High-purity SS-31 Mitochondrial 2mg is a benchmark hormone & anti-aging compound in the field of endocrine support and vitality. Trusted by Australian researchers and biohackers, SS-31 Mitochondrial 2mg is available online with fast local dispatch.","<h3>SS-31 Mitochondrial 2mg for Hormone & Anti-Aging Research | Australia</h3>
<p><strong>SS-31 Mitochondrial 2mg</strong> regulates hypothalamic-pituitary axis function to optimise endocrine homeostasis. This compound is widely utilised in longevity science and geroscience research, with growing interest from preclinical and translational research communities worldwide.</p>

<p>Anti-aging research protocols typically reconstitute lyophilised peptide to 1 mg/mL in bacteriostatic water. Researchers are advised to follow institutional guidelines and conduct thorough literature review prior to experimental use.</p>

<ul>
    <li>Stimulates physiological GH release via pituitary axis</li>
    <li>Supports telomere maintenance and cellular longevity</li>
    <li>Modulates age-associated hormonal decline</li>
    <li>Promotes mitochondrial health and bioenergetics</li>
    <li>High purity ≥98% for reliable anti-aging research</li>
</ul>

<p><strong>Purity:</strong> ≥98% (HPLC verified) | <strong>Format:</strong> Lyophilised powder | <strong>Storage:</strong> Store at −20°C, protect from light and moisture. Stable for 24 months when properly stored.</p>

<p>Buy SS-31 Mitochondrial 2mg online in Australia from Alluvia — trusted by Australian researchers and biohackers for quality and purity.</p>",taxable,,1,100,0,0,68.31,,Hormone & Anti-Aging,"SS-31 Mitochondrial 2mg, Hormone & Anti-Aging",5,Purity,>98%,1,1
simple,AV-HAA-050,PE-22-28 5mg,1,0,visible,"Used by researchers worldwide, PE-22-28 5mg is an advanced hormone & anti-aging peptide for age-related decline mitigation. Australian researchers can buy PE-22-28 5mg online with confidence, backed by ≥98% purity certification.","<h3>Premium PE-22-28 5mg | Hormone & Anti-Aging Australia</h3>
<p><strong>PE-22-28 5mg</strong> binds pineal and thymic receptors to modulate circadian rhythm and immune senescence. This compound is widely utilised in endocrinology and hormonal health studies, with growing interest from preclinical and translational research communities worldwide.</p>

<p>Longevity studies commonly employ doses of 100–500 mcg in preclinical models for assessment of biomarkers. Researchers are advised to follow institutional guidelines and conduct thorough literature review prior to experimental use.</p>

<ul>
    <li>Enhances immune function and thymic activity</li>
    <li>Supports endocrine homeostasis and hormonal balance</li>
    <li>Promotes epigenetic repair and DNA damage response</li>
    <li>Activates longevity-associated FOXO and SIRT pathways</li>
    <li>Lyophilised and stable for long-term research programs</li>
</ul>

<p><strong>Purity:</strong> ≥98% (HPLC verified) | <strong>Format:</strong> Lyophilised powder | <strong>Storage:</strong> Store at −20°C, protect from light and moisture. Stable for 24 months when properly stored.</p>

<p>Order PE-22-28 5mg online Australia with confidence from Alluvia, the trusted supplier for Australian researchers and peptide enthusiasts.</p>",taxable,,1,100,0,0,178.99,,Hormone & Anti-Aging,"PE-22-28 5mg, Hormone & Anti-Aging",5,Purity,>98%,1,1
simple,AV-HGR-001,PTD-DBM 5mg,1,0,visible,"PTD-DBM 5mg is a high-purity hair growth peptides compound offering hair follicle stimulation and growth. Available to buy online Australia, PTD-DBM 5mg meets strict quality standards with ≥98% purity.","<h3>PTD-DBM 5mg | Hair Growth Peptides | Research Grade Australia</h3>
<p><strong>PTD-DBM 5mg</strong> activates Wnt/β-catenin signalling in dermal papilla cells to prolong the anagen growth phase. This compound is widely utilised in trichology and hair follicle biology research, with growing interest from preclinical and translational research communities worldwide.</p>

<p>Hair biology research typically applies peptide solutions at 1–10 mg/mL to follicle culture systems. Researchers are advised to follow institutional guidelines and conduct thorough literature review prior to experimental use.</p>

<ul>
    <li>Activates Wnt/β-catenin to prolong anagen growth phase</li>
    <li>Stimulates keratinocyte and dermal papilla proliferation</li>
    <li>Promotes VEGF-driven follicle neovascularisation</li>
    <li>Reduces DHT-mediated follicle miniaturisation in models</li>
    <li>High purity ≥98% for accurate trichology research</li>
</ul>

<p><strong>Purity:</strong> ≥98% (HPLC verified) | <strong>Format:</strong> Lyophilised powder | <strong>Storage:</strong> Store at −20°C, protect from light and moisture. Stable for 24 months when properly stored.</p>

<p>Buy PTD-DBM 5mg online in Australia from Alluvia — trusted by Australian researchers and biohackers for quality and purity.</p>",taxable,,1,100,0,0,136.07,,Hair Growth Peptides,"PTD-DBM 5mg, Hair Growth Peptides",5,Purity,>98%,1,1
simple,AV-HGR-002,GHK-Cu 50mg,1,0,visible,"Discover GHK-Cu 50mg, a premium hair growth peptides peptide designed for scalp circulation and follicle health. Buy GHK-Cu 50mg online Australia from a trusted supplier committed to research excellence.","<h3>Buy GHK-Cu 50mg Online Australia | Hair Growth Peptides</h3>
<p><strong>GHK-Cu 50mg</strong> stimulates keratinocyte and fibroblast growth factor receptors to enhance follicular proliferation. This compound is widely utilised in androgenetic alopecia and scalp health science, with growing interest from preclinical and translational research communities worldwide.</p>

<p>In scalp research models, topical application of 50–500 mcg per cm² is commonly employed. Researchers are advised to follow institutional guidelines and conduct thorough literature review prior to experimental use.</p>

<ul>
    <li>Re-activates dormant follicle stem cell populations</li>
    <li>Supports FGF-7 mediated keratinocyte growth signalling</li>
    <li>Modulates inflammatory pathways implicated in hair loss</li>
    <li>Enhances scalp microcirculation in preclinical assays</li>
    <li>Lyophilised format suitable for topical and systemic studies</li>
</ul>

<p><strong>Purity:</strong> ≥98% (HPLC verified) | <strong>Format:</strong> Lyophilised powder | <strong>Storage:</strong> Store at −20°C, protect from light and moisture. Stable for 24 months when properly stored.</p>

<p>Order GHK-Cu 50mg online Australia with confidence from Alluvia, the trusted supplier for Australian researchers and peptide enthusiasts.</p>",taxable,,1,100,0,0,102.74,,Hair Growth Peptides,"GHK-Cu 50mg, Hair Growth Peptides",5,Purity,>98%,1,1
simple,AV-HGR-003,KGF (Keratinocyte Growth Factor Fragment) 2mg,1,0,visible,"KGF (Keratinocyte Growth Factor Fragment) 2mg provides researchers with a potent hair growth peptides agent supporting anagen phase prolongation. Available online across Australia, this peptide is supplied at ≥98% purity for reliable results.","<h3>KGF (Keratinocyte Growth Factor Fragment) 2mg – High Purity Hair Growth Peptides Peptide</h3>
<p><strong>KGF (Keratinocyte Growth Factor Fragment) 2mg</strong> inhibits 5α-reductase activity and DHT binding at the follicle receptor level. This compound is widely utilised in hair regeneration and follicle stem cell research, with growing interest from preclinical and translational research communities worldwide.</p>

<p>Trichology research protocols reconstitute growth peptides in saline at 1 mg/mL for follicle stimulation assays. Researchers are advised to follow institutional guidelines and conduct thorough literature review prior to experimental use.</p>

<ul>
    <li>Activates Wnt/β-catenin to prolong anagen growth phase</li>
    <li>Stimulates keratinocyte and dermal papilla proliferation</li>
    <li>Promotes VEGF-driven follicle neovascularisation</li>
    <li>Reduces DHT-mediated follicle miniaturisation in models</li>
    <li>High purity ≥98% for accurate trichology research</li>
</ul>

<p><strong>Purity:</strong> ≥98% (HPLC verified) | <strong>Format:</strong> Lyophilised powder | <strong>Storage:</strong> Store at −20°C, protect from light and moisture. Stable for 24 months when properly stored.</p>

<p>Australian researchers and biohackers trust Alluvia for premium KGF (Keratinocyte Growth Factor Fragment) 2mg — order online today with fast, discreet delivery.</p>",taxable,,1,100,0,0,129.62,,Hair Growth Peptides,"KGF (Keratinocyte Growth Factor Fragment) 2mg, Hair Growth Peptides",5,Purity,>98%,1,1
simple,AV-HGR-004,Thymosin Beta-4 5mg,1,0,visible,"A leading hair growth peptides compound, Thymosin Beta-4 5mg is valued for its role in DHT inhibition and hair density. Trusted by Australian researchers and biohackers, Thymosin Beta-4 5mg is available online with fast local dispatch.","<h3>Thymosin Beta-4 5mg for Hair Growth Peptides Research | Australia</h3>
<p><strong>Thymosin Beta-4 5mg</strong> promotes VEGF-mediated neovascularisation of the hair follicle bulb. This compound is widely utilised in dermatology and hair growth peptide studies, with growing interest from preclinical and translational research communities worldwide.</p>

<p>Investigational hair growth protocols utilise peptide concentrations of 5–50 mcg/mL in cell culture media. Researchers are advised to follow institutional guidelines and conduct thorough literature review prior to experimental use.</p>

<ul>
    <li>Re-activates dormant follicle stem cell populations</li>
    <li>Supports FGF-7 mediated keratinocyte growth signalling</li>
    <li>Modulates inflammatory pathways implicated in hair loss</li>
    <li>Enhances scalp microcirculation in preclinical assays</li>
    <li>Lyophilised format suitable for topical and systemic studies</li>
</ul>

<p><strong>Purity:</strong> ≥98% (HPLC verified) | <strong>Format:</strong> Lyophilised powder | <strong>Storage:</strong> Store at −20°C, protect from light and moisture. Stable for 24 months when properly stored.</p>

<p>Purchase Thymosin Beta-4 5mg from Alluvia, Australia's leading supplier of research-grade peptides — trusted by Australian researchers nationwide.</p>",taxable,,1,100,0,0,106.17,,Hair Growth Peptides,"Thymosin Beta-4 5mg, Hair Growth Peptides",5,Purity,>98%,1,1
simple,AV-HGR-005,PTD-PCNA (PCNA peptide) 5mg,1,0,visible,"PTD-PCNA (PCNA peptide) 5mg stands out among hair growth peptides products for its proven role in keratinocyte proliferation support. Australian researchers can buy PTD-PCNA (PCNA peptide) 5mg online with confidence, backed by ≥98% purity certification.","<h3>Premium PTD-PCNA (PCNA peptide) 5mg | Hair Growth Peptides Australia</h3>
<p><strong>PTD-PCNA (PCNA peptide) 5mg</strong> modulates BMP and Noggin pathways to re-activate dormant follicle stem cells. This compound is widely utilised in trichology and hair follicle biology research, with growing interest from preclinical and translational research communities worldwide.</p>

<p>Hair biology research typically applies peptide solutions at 1–10 mg/mL to follicle culture systems. Researchers are advised to follow institutional guidelines and conduct thorough literature review prior to experimental use.</p>

<ul>
    <li>Activates Wnt/β-catenin to prolong anagen growth phase</li>
    <li>Stimulates keratinocyte and dermal papilla proliferation</li>
    <li>Promotes VEGF-driven follicle neovascularisation</li>
    <li>Reduces DHT-mediated follicle miniaturisation in models</li>
    <li>High purity ≥98% for accurate trichology research</li>
</ul>

<p><strong>Purity:</strong> ≥98% (HPLC verified) | <strong>Format:</strong> Lyophilised powder | <strong>Storage:</strong> Store at −20°C, protect from light and moisture. Stable for 24 months when properly stored.</p>

<p>Alluvia provides Australian researchers with premium-grade PTD-PCNA (PCNA peptide) 5mg — buy online Australia for fast domestic dispatch.</p>",taxable,,1,100,0,0,65.77,,Hair Growth Peptides,"PTD-PCNA (PCNA peptide) 5mg, Hair Growth Peptides",5,Purity,>98%,1,1
simple,AV-HGR-006,Biotinoyl Tripeptide-1 50mg,1,0,visible,"Sourced to rigorous standards, Biotinoyl Tripeptide-1 50mg is a trusted hair growth peptides peptide for hair follicle stimulation and growth. Available to buy online Australia, Biotinoyl Tripeptide-1 50mg meets strict quality standards with ≥98% purity.","<h3>Biotinoyl Tripeptide-1 50mg | Hair Growth Peptides | Research Grade Australia</h3>
<p><strong>Biotinoyl Tripeptide-1 50mg</strong> activates Wnt/β-catenin signalling in dermal papilla cells to prolong the anagen growth phase. This compound is widely utilised in androgenetic alopecia and scalp health science, with growing interest from preclinical and translational research communities worldwide.</p>

<p>In scalp research models, topical application of 50–500 mcg per cm² is commonly employed. Researchers are advised to follow institutional guidelines and conduct thorough literature review prior to experimental use.</p>

<ul>
    <li>Re-activates dormant follicle stem cell populations</li>
    <li>Supports FGF-7 mediated keratinocyte growth signalling</li>
    <li>Modulates inflammatory pathways implicated in hair loss</li>
    <li>Enhances scalp microcirculation in preclinical assays</li>
    <li>Lyophilised format suitable for topical and systemic studies</li>
</ul>

<p><strong>Purity:</strong> ≥98% (HPLC verified) | <strong>Format:</strong> Lyophilised powder | <strong>Storage:</strong> Store at −20°C, protect from light and moisture. Stable for 24 months when properly stored.</p>

<p>Shop Biotinoyl Tripeptide-1 50mg online at Alluvia — trusted by Australian researchers and biohackers seeking the highest purity peptides.</p>",taxable,,1,100,0,0,63.85,,Hair Growth Peptides,"Biotinoyl Tripeptide-1 50mg, Hair Growth Peptides",5,Purity,>98%,1,1
simple,AV-HGR-007,Acetyl Tetrapeptide-3 50mg,1,0,visible,"For those seeking quality hair growth peptides solutions, Acetyl Tetrapeptide-3 50mg delivers outstanding scalp circulation and follicle health. Buy Acetyl Tetrapeptide-3 50mg online Australia from a trusted supplier committed to research excellence.","<h3>Buy Acetyl Tetrapeptide-3 50mg Online Australia | Hair Growth Peptides</h3>
<p><strong>Acetyl Tetrapeptide-3 50mg</strong> stimulates keratinocyte and fibroblast growth factor receptors to enhance follicular proliferation. This compound is widely utilised in hair regeneration and follicle stem cell research, with growing interest from preclinical and translational research communities worldwide.</p>

<p>Trichology research protocols reconstitute growth peptides in saline at 1 mg/mL for follicle stimulation assays. Researchers are advised to follow institutional guidelines and conduct thorough literature review prior to experimental use.</p>

<ul>
    <li>Activates Wnt/β-catenin to prolong anagen growth phase</li>
    <li>Stimulates keratinocyte and dermal papilla proliferation</li>
    <li>Promotes VEGF-driven follicle neovascularisation</li>
    <li>Reduces DHT-mediated follicle miniaturisation in models</li>
    <li>High purity ≥98% for accurate trichology research</li>
</ul>

<p><strong>Purity:</strong> ≥98% (HPLC verified) | <strong>Format:</strong> Lyophilised powder | <strong>Storage:</strong> Store at −20°C, protect from light and moisture. Stable for 24 months when properly stored.</p>

<p>Buy Acetyl Tetrapeptide-3 50mg online in Australia from Alluvia — trusted by Australian researchers and biohackers for quality and purity.</p>",taxable,,1,100,0,0,80.67,,Hair Growth Peptides,"Acetyl Tetrapeptide-3 50mg, Hair Growth Peptides",5,Purity,>98%,1,1
simple,AV-HGR-008,Follistatin 315 1mg,1,0,visible,"Follistatin 315 1mg is a research-grade hair growth peptides peptide renowned for anagen phase prolongation. Available online across Australia, this peptide is supplied at ≥98% purity for reliable results.","<h3>Follistatin 315 1mg – High Purity Hair Growth Peptides Peptide</h3>
<p><strong>Follistatin 315 1mg</strong> inhibits 5α-reductase activity and DHT binding at the follicle receptor level. This compound is widely utilised in dermatology and hair growth peptide studies, with growing interest from preclinical and translational research communities worldwide.</p>

<p>Investigational hair growth protocols utilise peptide concentrations of 5–50 mcg/mL in cell culture media. Researchers are advised to follow institutional guidelines and conduct thorough literature review prior to experimental use.</p>

<ul>
    <li>Re-activates dormant follicle stem cell populations</li>
    <li>Supports FGF-7 mediated keratinocyte growth signalling</li>
    <li>Modulates inflammatory pathways implicated in hair loss</li>
    <li>Enhances scalp microcirculation in preclinical assays</li>
    <li>Lyophilised format suitable for topical and systemic studies</li>
</ul>

<p><strong>Purity:</strong> ≥98% (HPLC verified) | <strong>Format:</strong> Lyophilised powder | <strong>Storage:</strong> Store at −20°C, protect from light and moisture. Stable for 24 months when properly stored.</p>

<p>Order Follistatin 315 1mg online Australia with confidence from Alluvia, the trusted supplier for Australian researchers and peptide enthusiasts.</p>",taxable,,1,100,0,0,135.61,,Hair Growth Peptides,"Follistatin 315 1mg, Hair Growth Peptides",5,Purity,>98%,1,1
simple,AV-HGR-009,IGF-1 LR3 1mg,1,0,visible,"High-purity IGF-1 LR3 1mg is a benchmark hair growth peptides compound in the field of DHT inhibition and hair density. Trusted by Australian researchers and biohackers, IGF-1 LR3 1mg is available online with fast local dispatch.","<h3>IGF-1 LR3 1mg for Hair Growth Peptides Research | Australia</h3>
<p><strong>IGF-1 LR3 1mg</strong> promotes VEGF-mediated neovascularisation of the hair follicle bulb. This compound is widely utilised in trichology and hair follicle biology research, with growing interest from preclinical and translational research communities worldwide.</p>

<p>Hair biology research typically applies peptide solutions at 1–10 mg/mL to follicle culture systems. Researchers are advised to follow institutional guidelines and conduct thorough literature review prior to experimental use.</p>

<ul>
    <li>Activates Wnt/β-catenin to prolong anagen growth phase</li>
    <li>Stimulates keratinocyte and dermal papilla proliferation</li>
    <li>Promotes VEGF-driven follicle neovascularisation</li>
    <li>Reduces DHT-mediated follicle miniaturisation in models</li>
    <li>High purity ≥98% for accurate trichology research</li>
</ul>

<p><strong>Purity:</strong> ≥98% (HPLC verified) | <strong>Format:</strong> Lyophilised powder | <strong>Storage:</strong> Store at −20°C, protect from light and moisture. Stable for 24 months when properly stored.</p>

<p>Australian researchers and biohackers trust Alluvia for premium IGF-1 LR3 1mg — order online today with fast, discreet delivery.</p>",taxable,,1,100,0,0,126.04,,Hair Growth Peptides,"IGF-1 LR3 1mg, Hair Growth Peptides",5,Purity,>98%,1,1
simple,AV-HGR-010,VEGF Fragment Peptide 2mg,1,0,visible,"Used by researchers worldwide, VEGF Fragment Peptide 2mg is an advanced hair growth peptides peptide for keratinocyte proliferation support. Australian researchers can buy VEGF Fragment Peptide 2mg online with confidence, backed by ≥98% purity certification.","<h3>Premium VEGF Fragment Peptide 2mg | Hair Growth Peptides Australia</h3>
<p><strong>VEGF Fragment Peptide 2mg</strong> modulates BMP and Noggin pathways to re-activate dormant follicle stem cells. This compound is widely utilised in androgenetic alopecia and scalp health science, with growing interest from preclinical and translational research communities worldwide.</p>

<p>In scalp research models, topical application of 50–500 mcg per cm² is commonly employed. Researchers are advised to follow institutional guidelines and conduct thorough literature review prior to experimental use.</p>

<ul>
    <li>Re-activates dormant follicle stem cell populations</li>
    <li>Supports FGF-7 mediated keratinocyte growth signalling</li>
    <li>Modulates inflammatory pathways implicated in hair loss</li>
    <li>Enhances scalp microcirculation in preclinical assays</li>
    <li>Lyophilised format suitable for topical and systemic studies</li>
</ul>

<p><strong>Purity:</strong> ≥98% (HPLC verified) | <strong>Format:</strong> Lyophilised powder | <strong>Storage:</strong> Store at −20°C, protect from light and moisture. Stable for 24 months when properly stored.</p>

<p>Purchase VEGF Fragment Peptide 2mg from Alluvia, Australia's leading supplier of research-grade peptides — trusted by Australian researchers nationwide.</p>",taxable,,1,100,0,0,132.05,,Hair Growth Peptides,"VEGF Fragment Peptide 2mg, Hair Growth Peptides",5,Purity,>98%,1,1
simple,AV-HGR-011,AnaGain 10mg,1,0,visible,"AnaGain 10mg is a high-purity hair growth peptides compound offering hair follicle stimulation and growth. Available to buy online Australia, AnaGain 10mg meets strict quality standards with ≥98% purity.","<h3>AnaGain 10mg | Hair Growth Peptides | Research Grade Australia</h3>
<p><strong>AnaGain 10mg</strong> activates Wnt/β-catenin signalling in dermal papilla cells to prolong the anagen growth phase. This compound is widely utilised in hair regeneration and follicle stem cell research, with growing interest from preclinical and translational research communities worldwide.</p>

<p>Trichology research protocols reconstitute growth peptides in saline at 1 mg/mL for follicle stimulation assays. Researchers are advised to follow institutional guidelines and conduct thorough literature review prior to experimental use.</p>

<ul>
    <li>Activates Wnt/β-catenin to prolong anagen growth phase</li>
    <li>Stimulates keratinocyte and dermal papilla proliferation</li>
    <li>Promotes VEGF-driven follicle neovascularisation</li>
    <li>Reduces DHT-mediated follicle miniaturisation in models</li>
    <li>High purity ≥98% for accurate trichology research</li>
</ul>

<p><strong>Purity:</strong> ≥98% (HPLC verified) | <strong>Format:</strong> Lyophilised powder | <strong>Storage:</strong> Store at −20°C, protect from light and moisture. Stable for 24 months when properly stored.</p>

<p>Alluvia provides Australian researchers with premium-grade AnaGain 10mg — buy online Australia for fast domestic dispatch.</p>",taxable,,1,100,0,0,135.6,,Hair Growth Peptides,"AnaGain 10mg, Hair Growth Peptides",5,Purity,>98%,1,1
simple,AV-HGR-012,Capigen 10mg,1,0,visible,"Discover Capigen 10mg, a premium hair growth peptides peptide designed for scalp circulation and follicle health. Buy Capigen 10mg online Australia from a trusted supplier committed to research excellence.","<h3>Buy Capigen 10mg Online Australia | Hair Growth Peptides</h3>
<p><strong>Capigen 10mg</strong> stimulates keratinocyte and fibroblast growth factor receptors to enhance follicular proliferation. This compound is widely utilised in dermatology and hair growth peptide studies, with growing interest from preclinical and translational research communities worldwide.</p>

<p>Investigational hair growth protocols utilise peptide concentrations of 5–50 mcg/mL in cell culture media. Researchers are advised to follow institutional guidelines and conduct thorough literature review prior to experimental use.</p>

<ul>
    <li>Re-activates dormant follicle stem cell populations</li>
    <li>Supports FGF-7 mediated keratinocyte growth signalling</li>
    <li>Modulates inflammatory pathways implicated in hair loss</li>
    <li>Enhances scalp microcirculation in preclinical assays</li>
    <li>Lyophilised format suitable for topical and systemic studies</li>
</ul>

<p><strong>Purity:</strong> ≥98% (HPLC verified) | <strong>Format:</strong> Lyophilised powder | <strong>Storage:</strong> Store at −20°C, protect from light and moisture. Stable for 24 months when properly stored.</p>

<p>Shop Capigen 10mg online at Alluvia — trusted by Australian researchers and biohackers seeking the highest purity peptides.</p>",taxable,,1,100,0,0,71.54,,Hair Growth Peptides,"Capigen 10mg, Hair Growth Peptides",5,Purity,>98%,1,1
simple,AV-HGR-013,Redensyl 10mg,1,0,visible,"Redensyl 10mg provides researchers with a potent hair growth peptides agent supporting anagen phase prolongation. Available online across Australia, this peptide is supplied at ≥98% purity for reliable results.","<h3>Redensyl 10mg – High Purity Hair Growth Peptides Peptide</h3>
<p><strong>Redensyl 10mg</strong> inhibits 5α-reductase activity and DHT binding at the follicle receptor level. This compound is widely utilised in trichology and hair follicle biology research, with growing interest from preclinical and translational research communities worldwide.</p>

<p>Hair biology research typically applies peptide solutions at 1–10 mg/mL to follicle culture systems. Researchers are advised to follow institutional guidelines and conduct thorough literature review prior to experimental use.</p>

<ul>
    <li>Activates Wnt/β-catenin to prolong anagen growth phase</li>
    <li>Stimulates keratinocyte and dermal papilla proliferation</li>
    <li>Promotes VEGF-driven follicle neovascularisation</li>
    <li>Reduces DHT-mediated follicle miniaturisation in models</li>
    <li>High purity ≥98% for accurate trichology research</li>
</ul>

<p><strong>Purity:</strong> ≥98% (HPLC verified) | <strong>Format:</strong> Lyophilised powder | <strong>Storage:</strong> Store at −20°C, protect from light and moisture. Stable for 24 months when properly stored.</p>

<p>Buy Redensyl 10mg online in Australia from Alluvia — trusted by Australian researchers and biohackers for quality and purity.</p>",taxable,,1,100,0,0,75.21,,Hair Growth Peptides,"Redensyl 10mg, Hair Growth Peptides",5,Purity,>98%,1,1
simple,AV-HGR-014,Procapil 10mg,1,0,visible,"A leading hair growth peptides compound, Procapil 10mg is valued for its role in DHT inhibition and hair density. Trusted by Australian researchers and biohackers, Procapil 10mg is available online with fast local dispatch.","<h3>Procapil 10mg for Hair Growth Peptides Research | Australia</h3>
<p><strong>Procapil 10mg</strong> promotes VEGF-mediated neovascularisation of the hair follicle bulb. This compound is widely utilised in androgenetic alopecia and scalp health science, with growing interest from preclinical and translational research communities worldwide.</p>

<p>In scalp research models, topical application of 50–500 mcg per cm² is commonly employed. Researchers are advised to follow institutional guidelines and conduct thorough literature review prior to experimental use.</p>

<ul>
    <li>Re-activates dormant follicle stem cell populations</li>
    <li>Supports FGF-7 mediated keratinocyte growth signalling</li>
    <li>Modulates inflammatory pathways implicated in hair loss</li>
    <li>Enhances scalp microcirculation in preclinical assays</li>
    <li>Lyophilised format suitable for topical and systemic studies</li>
</ul>

<p><strong>Purity:</strong> ≥98% (HPLC verified) | <strong>Format:</strong> Lyophilised powder | <strong>Storage:</strong> Store at −20°C, protect from light and moisture. Stable for 24 months when properly stored.</p>

<p>Order Procapil 10mg online Australia with confidence from Alluvia, the trusted supplier for Australian researchers and peptide enthusiasts.</p>",taxable,,1,100,0,0,61.56,,Hair Growth Peptides,"Procapil 10mg, Hair Growth Peptides",5,Purity,>98%,1,1
simple,AV-HGR-015,Baicapil 10mg,1,0,visible,"Baicapil 10mg stands out among hair growth peptides products for its proven role in keratinocyte proliferation support. Australian researchers can buy Baicapil 10mg online with confidence, backed by ≥98% purity certification.","<h3>Premium Baicapil 10mg | Hair Growth Peptides Australia</h3>
<p><strong>Baicapil 10mg</strong> modulates BMP and Noggin pathways to re-activate dormant follicle stem cells. This compound is widely utilised in hair regeneration and follicle stem cell research, with growing interest from preclinical and translational research communities worldwide.</p>

<p>Trichology research protocols reconstitute growth peptides in saline at 1 mg/mL for follicle stimulation assays. Researchers are advised to follow institutional guidelines and conduct thorough literature review prior to experimental use.</p>

<ul>
    <li>Activates Wnt/β-catenin to prolong anagen growth phase</li>
    <li>Stimulates keratinocyte and dermal papilla proliferation</li>
    <li>Promotes VEGF-driven follicle neovascularisation</li>
    <li>Reduces DHT-mediated follicle miniaturisation in models</li>
    <li>High purity ≥98% for accurate trichology research</li>
</ul>

<p><strong>Purity:</strong> ≥98% (HPLC verified) | <strong>Format:</strong> Lyophilised powder | <strong>Storage:</strong> Store at −20°C, protect from light and moisture. Stable for 24 months when properly stored.</p>

<p>Australian researchers and biohackers trust Alluvia for premium Baicapil 10mg — order online today with fast, discreet delivery.</p>",taxable,,1,100,0,0,124.55,,Hair Growth Peptides,"Baicapil 10mg, Hair Growth Peptides",5,Purity,>98%,1,1
simple,AV-HGR-016,QR-678 (Growth Factor Blend) 5mg,1,0,visible,"Sourced to rigorous standards, QR-678 (Growth Factor Blend) 5mg is a trusted hair growth peptides peptide for hair follicle stimulation and growth. Available to buy online Australia, QR-678 (Growth Factor Blend) 5mg meets strict quality standards with ≥98% purity.","<h3>QR-678 (Growth Factor Blend) 5mg | Hair Growth Peptides | Research Grade Australia</h3>
<p><strong>QR-678 (Growth Factor Blend) 5mg</strong> activates Wnt/β-catenin signalling in dermal papilla cells to prolong the anagen growth phase. This compound is widely utilised in dermatology and hair growth peptide studies, with growing interest from preclinical and translational research communities worldwide.</p>

<p>Investigational hair growth protocols utilise peptide concentrations of 5–50 mcg/mL in cell culture media. Researchers are advised to follow institutional guidelines and conduct thorough literature review prior to experimental use.</p>

<ul>
    <li>Re-activates dormant follicle stem cell populations</li>
    <li>Supports FGF-7 mediated keratinocyte growth signalling</li>
    <li>Modulates inflammatory pathways implicated in hair loss</li>
    <li>Enhances scalp microcirculation in preclinical assays</li>
    <li>Lyophilised format suitable for topical and systemic studies</li>
</ul>

<p><strong>Purity:</strong> ≥98% (HPLC verified) | <strong>Format:</strong> Lyophilised powder | <strong>Storage:</strong> Store at −20°C, protect from light and moisture. Stable for 24 months when properly stored.</p>

<p>Purchase QR-678 (Growth Factor Blend) 5mg from Alluvia, Australia's leading supplier of research-grade peptides — trusted by Australian researchers nationwide.</p>",taxable,,1,100,0,0,134.22,,Hair Growth Peptides,"QR-678 (Growth Factor Blend) 5mg, Hair Growth Peptides",5,Purity,>98%,1,1
simple,AV-HGR-017,Emu Oil Peptide Complex 10mg,1,0,visible,"For those seeking quality hair growth peptides solutions, Emu Oil Peptide Complex 10mg delivers outstanding scalp circulation and follicle health. Buy Emu Oil Peptide Complex 10mg online Australia from a trusted supplier committed to research excellence.","<h3>Buy Emu Oil Peptide Complex 10mg Online Australia | Hair Growth Peptides</h3>
<p><strong>Emu Oil Peptide Complex 10mg</strong> stimulates keratinocyte and fibroblast growth factor receptors to enhance follicular proliferation. This compound is widely utilised in trichology and hair follicle biology research, with growing interest from preclinical and translational research communities worldwide.</p>

<p>Hair biology research typically applies peptide solutions at 1–10 mg/mL to follicle culture systems. Researchers are advised to follow institutional guidelines and conduct thorough literature review prior to experimental use.</p>

<ul>
    <li>Activates Wnt/β-catenin to prolong anagen growth phase</li>
    <li>Stimulates keratinocyte and dermal papilla proliferation</li>
    <li>Promotes VEGF-driven follicle neovascularisation</li>
    <li>Reduces DHT-mediated follicle miniaturisation in models</li>
    <li>High purity ≥98% for accurate trichology research</li>
</ul>

<p><strong>Purity:</strong> ≥98% (HPLC verified) | <strong>Format:</strong> Lyophilised powder | <strong>Storage:</strong> Store at −20°C, protect from light and moisture. Stable for 24 months when properly stored.</p>

<p>Alluvia provides Australian researchers with premium-grade Emu Oil Peptide Complex 10mg — buy online Australia for fast domestic dispatch.</p>",taxable,,1,100,0,0,89.79,,Hair Growth Peptides,"Emu Oil Peptide Complex 10mg, Hair Growth Peptides",5,Purity,>98%,1,1
simple,AV-HGR-018,FGF-7 Fragment 2mg,1,0,visible,"FGF-7 Fragment 2mg is a research-grade hair growth peptides peptide renowned for anagen phase prolongation. Available online across Australia, this peptide is supplied at ≥98% purity for reliable results.","<h3>FGF-7 Fragment 2mg – High Purity Hair Growth Peptides Peptide</h3>
<p><strong>FGF-7 Fragment 2mg</strong> inhibits 5α-reductase activity and DHT binding at the follicle receptor level. This compound is widely utilised in androgenetic alopecia and scalp health science, with growing interest from preclinical and translational research communities worldwide.</p>

<p>In scalp research models, topical application of 50–500 mcg per cm² is commonly employed. Researchers are advised to follow institutional guidelines and conduct thorough literature review prior to experimental use.</p>

<ul>
    <li>Re-activates dormant follicle stem cell populations</li>
    <li>Supports FGF-7 mediated keratinocyte growth signalling</li>
    <li>Modulates inflammatory pathways implicated in hair loss</li>
    <li>Enhances scalp microcirculation in preclinical assays</li>
    <li>Lyophilised format suitable for topical and systemic studies</li>
</ul>

<p><strong>Purity:</strong> ≥98% (HPLC verified) | <strong>Format:</strong> Lyophilised powder | <strong>Storage:</strong> Store at −20°C, protect from light and moisture. Stable for 24 months when properly stored.</p>

<p>Shop FGF-7 Fragment 2mg online at Alluvia — trusted by Australian researchers and biohackers seeking the highest purity peptides.</p>",taxable,,1,100,0,0,109.72,,Hair Growth Peptides,"FGF-7 Fragment 2mg, Hair Growth Peptides",5,Purity,>98%,1,1
simple,AV-HGR-019,FGF-5 Inhibitor Peptide 5mg,1,0,visible,"High-purity FGF-5 Inhibitor Peptide 5mg is a benchmark hair growth peptides compound in the field of DHT inhibition and hair density. Trusted by Australian researchers and biohackers, FGF-5 Inhibitor Peptide 5mg is available online with fast local dispatch.","<h3>FGF-5 Inhibitor Peptide 5mg for Hair Growth Peptides Research | Australia</h3>
<p><strong>FGF-5 Inhibitor Peptide 5mg</strong> promotes VEGF-mediated neovascularisation of the hair follicle bulb. This compound is widely utilised in hair regeneration and follicle stem cell research, with growing interest from preclinical and translational research communities worldwide.</p>

<p>Trichology research protocols reconstitute growth peptides in saline at 1 mg/mL for follicle stimulation assays. Researchers are advised to follow institutional guidelines and conduct thorough literature review prior to experimental use.</p>

<ul>
    <li>Activates Wnt/β-catenin to prolong anagen growth phase</li>
    <li>Stimulates keratinocyte and dermal papilla proliferation</li>
    <li>Promotes VEGF-driven follicle neovascularisation</li>
    <li>Reduces DHT-mediated follicle miniaturisation in models</li>
    <li>High purity ≥98% for accurate trichology research</li>
</ul>

<p><strong>Purity:</strong> ≥98% (HPLC verified) | <strong>Format:</strong> Lyophilised powder | <strong>Storage:</strong> Store at −20°C, protect from light and moisture. Stable for 24 months when properly stored.</p>

<p>Buy FGF-5 Inhibitor Peptide 5mg online in Australia from Alluvia — trusted by Australian researchers and biohackers for quality and purity.</p>",taxable,,1,100,0,0,66.37,,Hair Growth Peptides,"FGF-5 Inhibitor Peptide 5mg, Hair Growth Peptides",5,Purity,>98%,1,1
simple,AV-HGR-020,Wnt3a Activator Peptide 2mg,1,0,visible,"Used by researchers worldwide, Wnt3a Activator Peptide 2mg is an advanced hair growth peptides peptide for keratinocyte proliferation support. Australian researchers can buy Wnt3a Activator Peptide 2mg online with confidence, backed by ≥98% purity certification.","<h3>Premium Wnt3a Activator Peptide 2mg | Hair Growth Peptides Australia</h3>
<p><strong>Wnt3a Activator Peptide 2mg</strong> modulates BMP and Noggin pathways to re-activate dormant follicle stem cells. This compound is widely utilised in dermatology and hair growth peptide studies, with growing interest from preclinical and translational research communities worldwide.</p>

<p>Investigational hair growth protocols utilise peptide concentrations of 5–50 mcg/mL in cell culture media. Researchers are advised to follow institutional guidelines and conduct thorough literature review prior to experimental use.</p>

<ul>
    <li>Re-activates dormant follicle stem cell populations</li>
    <li>Supports FGF-7 mediated keratinocyte growth signalling</li>
    <li>Modulates inflammatory pathways implicated in hair loss</li>
    <li>Enhances scalp microcirculation in preclinical assays</li>
    <li>Lyophilised format suitable for topical and systemic studies</li>
</ul>

<p><strong>Purity:</strong> ≥98% (HPLC verified) | <strong>Format:</strong> Lyophilised powder | <strong>Storage:</strong> Store at −20°C, protect from light and moisture. Stable for 24 months when properly stored.</p>

<p>Order Wnt3a Activator Peptide 2mg online Australia with confidence from Alluvia, the trusted supplier for Australian researchers and peptide enthusiasts.</p>",taxable,,1,100,0,0,138.48,,Hair Growth Peptides,"Wnt3a Activator Peptide 2mg, Hair Growth Peptides",5,Purity,>98%,1,1
simple,AV-HGR-021,β-Catenin Activator Peptide 2mg,1,0,visible,"β-Catenin Activator Peptide 2mg is a high-purity hair growth peptides compound offering hair follicle stimulation and growth. Available to buy online Australia, β-Catenin Activator Peptide 2mg meets strict quality standards with ≥98% purity.","<h3>β-Catenin Activator Peptide 2mg | Hair Growth Peptides | Research Grade Australia</h3>
<p><strong>β-Catenin Activator Peptide 2mg</strong> activates Wnt/β-catenin signalling in dermal papilla cells to prolong the anagen growth phase. This compound is widely utilised in trichology and hair follicle biology research, with growing interest from preclinical and translational research communities worldwide.</p>

<p>Hair biology research typically applies peptide solutions at 1–10 mg/mL to follicle culture systems. Researchers are advised to follow institutional guidelines and conduct thorough literature review prior to experimental use.</p>

<ul>
    <li>Activates Wnt/β-catenin to prolong anagen growth phase</li>
    <li>Stimulates keratinocyte and dermal papilla proliferation</li>
    <li>Promotes VEGF-driven follicle neovascularisation</li>
    <li>Reduces DHT-mediated follicle miniaturisation in models</li>
    <li>High purity ≥98% for accurate trichology research</li>
</ul>

<p><strong>Purity:</strong> ≥98% (HPLC verified) | <strong>Format:</strong> Lyophilised powder | <strong>Storage:</strong> Store at −20°C, protect from light and moisture. Stable for 24 months when properly stored.</p>

<p>Australian researchers and biohackers trust Alluvia for premium β-Catenin Activator Peptide 2mg — order online today with fast, discreet delivery.</p>",taxable,,1,100,0,0,132.41,,Hair Growth Peptides,"β-Catenin Activator Peptide 2mg, Hair Growth Peptides",5,Purity,>98%,1,1
simple,AV-HGR-022,Sonic Hedgehog Peptide (SHH Fragment) 2mg,1,0,visible,"Discover Sonic Hedgehog Peptide (SHH Fragment) 2mg, a premium hair growth peptides peptide designed for scalp circulation and follicle health. Buy Sonic Hedgehog Peptide (SHH Fragment) 2mg online Australia from a trusted supplier committed to research excellence.","<h3>Buy Sonic Hedgehog Peptide (SHH Fragment) 2mg Online Australia | Hair Growth Peptides</h3>
<p><strong>Sonic Hedgehog Peptide (SHH Fragment) 2mg</strong> stimulates keratinocyte and fibroblast growth factor receptors to enhance follicular proliferation. This compound is widely utilised in androgenetic alopecia and scalp health science, with growing interest from preclinical and translational research communities worldwide.</p>

<p>In scalp research models, topical application of 50–500 mcg per cm² is commonly employed. Researchers are advised to follow institutional guidelines and conduct thorough literature review prior to experimental use.</p>

<ul>
    <li>Re-activates dormant follicle stem cell populations</li>
    <li>Supports FGF-7 mediated keratinocyte growth signalling</li>
    <li>Modulates inflammatory pathways implicated in hair loss</li>
    <li>Enhances scalp microcirculation in preclinical assays</li>
    <li>Lyophilised format suitable for topical and systemic studies</li>
</ul>

<p><strong>Purity:</strong> ≥98% (HPLC verified) | <strong>Format:</strong> Lyophilised powder | <strong>Storage:</strong> Store at −20°C, protect from light and moisture. Stable for 24 months when properly stored.</p>

<p>Purchase Sonic Hedgehog Peptide (SHH Fragment) 2mg from Alluvia, Australia's leading supplier of research-grade peptides — trusted by Australian researchers nationwide.</p>",taxable,,1,100,0,0,142.79,,Hair Growth Peptides,"Sonic Hedgehog Peptide (SHH Fragment) 2mg, Hair Growth Peptides",5,Purity,>98%,1,1
simple,AV-HGR-023,Noggin Inhibitor Peptide 2mg,1,0,visible,"Noggin Inhibitor Peptide 2mg provides researchers with a potent hair growth peptides agent supporting anagen phase prolongation. Available online across Australia, this peptide is supplied at ≥98% purity for reliable results.","<h3>Noggin Inhibitor Peptide 2mg – High Purity Hair Growth Peptides Peptide</h3>
<p><strong>Noggin Inhibitor Peptide 2mg</strong> inhibits 5α-reductase activity and DHT binding at the follicle receptor level. This compound is widely utilised in hair regeneration and follicle stem cell research, with growing interest from preclinical and translational research communities worldwide.</p>

<p>Trichology research protocols reconstitute growth peptides in saline at 1 mg/mL for follicle stimulation assays. Researchers are advised to follow institutional guidelines and conduct thorough literature review prior to experimental use.</p>

<ul>
    <li>Activates Wnt/β-catenin to prolong anagen growth phase</li>
    <li>Stimulates keratinocyte and dermal papilla proliferation</li>
    <li>Promotes VEGF-driven follicle neovascularisation</li>
    <li>Reduces DHT-mediated follicle miniaturisation in models</li>
    <li>High purity ≥98% for accurate trichology research</li>
</ul>

<p><strong>Purity:</strong> ≥98% (HPLC verified) | <strong>Format:</strong> Lyophilised powder | <strong>Storage:</strong> Store at −20°C, protect from light and moisture. Stable for 24 months when properly stored.</p>

<p>Alluvia provides Australian researchers with premium-grade Noggin Inhibitor Peptide 2mg — buy online Australia for fast domestic dispatch.</p>",taxable,,1,100,0,0,127.4,,Hair Growth Peptides,"Noggin Inhibitor Peptide 2mg, Hair Growth Peptides",5,Purity,>98%,1,1
simple,AV-HGR-024,BMP-4 Antagonist Peptide 2mg,1,0,visible,"A leading hair growth peptides compound, BMP-4 Antagonist Peptide 2mg is valued for its role in DHT inhibition and hair density. Trusted by Australian researchers and biohackers, BMP-4 Antagonist Peptide 2mg is available online with fast local dispatch.","<h3>BMP-4 Antagonist Peptide 2mg for Hair Growth Peptides Research | Australia</h3>
<p><strong>BMP-4 Antagonist Peptide 2mg</strong> promotes VEGF-mediated neovascularisation of the hair follicle bulb. This compound is widely utilised in dermatology and hair growth peptide studies, with growing interest from preclinical and translational research communities worldwide.</p>

<p>Investigational hair growth protocols utilise peptide concentrations of 5–50 mcg/mL in cell culture media. Researchers are advised to follow institutional guidelines and conduct thorough literature review prior to experimental use.</p>

<ul>
    <li>Re-activates dormant follicle stem cell populations</li>
    <li>Supports FGF-7 mediated keratinocyte growth signalling</li>
    <li>Modulates inflammatory pathways implicated in hair loss</li>
    <li>Enhances scalp microcirculation in preclinical assays</li>
    <li>Lyophilised format suitable for topical and systemic studies</li>
</ul>

<p><strong>Purity:</strong> ≥98% (HPLC verified) | <strong>Format:</strong> Lyophilised powder | <strong>Storage:</strong> Store at −20°C, protect from light and moisture. Stable for 24 months when properly stored.</p>

<p>Shop BMP-4 Antagonist Peptide 2mg online at Alluvia — trusted by Australian researchers and biohackers seeking the highest purity peptides.</p>",taxable,,1,100,0,0,133.97,,Hair Growth Peptides,"BMP-4 Antagonist Peptide 2mg, Hair Growth Peptides",5,Purity,>98%,1,1
simple,AV-HGR-025,VEGF-A Fragment 2mg,1,0,visible,"VEGF-A Fragment 2mg stands out among hair growth peptides products for its proven role in keratinocyte proliferation support. Australian researchers can buy VEGF-A Fragment 2mg online with confidence, backed by ≥98% purity certification.","<h3>Premium VEGF-A Fragment 2mg | Hair Growth Peptides Australia</h3>
<p><strong>VEGF-A Fragment 2mg</strong> modulates BMP and Noggin pathways to re-activate dormant follicle stem cells. This compound is widely utilised in trichology and hair follicle biology research, with growing interest from preclinical and translational research communities worldwide.</p>

<p>Hair biology research typically applies peptide solutions at 1–10 mg/mL to follicle culture systems. Researchers are advised to follow institutional guidelines and conduct thorough literature review prior to experimental use.</p>

<ul>
    <li>Activates Wnt/β-catenin to prolong anagen growth phase</li>
    <li>Stimulates keratinocyte and dermal papilla proliferation</li>
    <li>Promotes VEGF-driven follicle neovascularisation</li>
    <li>Reduces DHT-mediated follicle miniaturisation in models</li>
    <li>High purity ≥98% for accurate trichology research</li>
</ul>

<p><strong>Purity:</strong> ≥98% (HPLC verified) | <strong>Format:</strong> Lyophilised powder | <strong>Storage:</strong> Store at −20°C, protect from light and moisture. Stable for 24 months when properly stored.</p>

<p>Buy VEGF-A Fragment 2mg online in Australia from Alluvia — trusted by Australian researchers and biohackers for quality and purity.</p>",taxable,,1,100,0,0,54.31,,Hair Growth Peptides,"VEGF-A Fragment 2mg, Hair Growth Peptides",5,Purity,>98%,1,1
simple,AV-HGR-026,HGF Fragment Peptide 2mg,1,0,visible,"Sourced to rigorous standards, HGF Fragment Peptide 2mg is a trusted hair growth peptides peptide for hair follicle stimulation and growth. Available to buy online Australia, HGF Fragment Peptide 2mg meets strict quality standards with ≥98% purity.","<h3>HGF Fragment Peptide 2mg | Hair Growth Peptides | Research Grade Australia</h3>
<p><strong>HGF Fragment Peptide 2mg</strong> activates Wnt/β-catenin signalling in dermal papilla cells to prolong the anagen growth phase. This compound is widely utilised in androgenetic alopecia and scalp health science, with growing interest from preclinical and translational research communities worldwide.</p>

<p>In scalp research models, topical application of 50–500 mcg per cm² is commonly employed. Researchers are advised to follow institutional guidelines and conduct thorough literature review prior to experimental use.</p>

<ul>
    <li>Re-activates dormant follicle stem cell populations</li>
    <li>Supports FGF-7 mediated keratinocyte growth signalling</li>
    <li>Modulates inflammatory pathways implicated in hair loss</li>
    <li>Enhances scalp microcirculation in preclinical assays</li>
    <li>Lyophilised format suitable for topical and systemic studies</li>
</ul>

<p><strong>Purity:</strong> ≥98% (HPLC verified) | <strong>Format:</strong> Lyophilised powder | <strong>Storage:</strong> Store at −20°C, protect from light and moisture. Stable for 24 months when properly stored.</p>

<p>Order HGF Fragment Peptide 2mg online Australia with confidence from Alluvia, the trusted supplier for Australian researchers and peptide enthusiasts.</p>",taxable,,1,100,0,0,120.5,,Hair Growth Peptides,"HGF Fragment Peptide 2mg, Hair Growth Peptides",5,Purity,>98%,1,1
simple,AV-HGR-027,SCF (Stem Cell Factor) Fragment 2mg,1,0,visible,"For those seeking quality hair growth peptides solutions, SCF (Stem Cell Factor) Fragment 2mg delivers outstanding scalp circulation and follicle health. Buy SCF (Stem Cell Factor) Fragment 2mg online Australia from a trusted supplier committed to research excellence.","<h3>Buy SCF (Stem Cell Factor) Fragment 2mg Online Australia | Hair Growth Peptides</h3>
<p><strong>SCF (Stem Cell Factor) Fragment 2mg</strong> stimulates keratinocyte and fibroblast growth factor receptors to enhance follicular proliferation. This compound is widely utilised in hair regeneration and follicle stem cell research, with growing interest from preclinical and translational research communities worldwide.</p>

<p>Trichology research protocols reconstitute growth peptides in saline at 1 mg/mL for follicle stimulation assays. Researchers are advised to follow institutional guidelines and conduct thorough literature review prior to experimental use.</p>

<ul>
    <li>Activates Wnt/β-catenin to prolong anagen growth phase</li>
    <li>Stimulates keratinocyte and dermal papilla proliferation</li>
    <li>Promotes VEGF-driven follicle neovascularisation</li>
    <li>Reduces DHT-mediated follicle miniaturisation in models</li>
    <li>High purity ≥98% for accurate trichology research</li>
</ul>

<p><strong>Purity:</strong> ≥98% (HPLC verified) | <strong>Format:</strong> Lyophilised powder | <strong>Storage:</strong> Store at −20°C, protect from light and moisture. Stable for 24 months when properly stored.</p>

<p>Australian researchers and biohackers trust Alluvia for premium SCF (Stem Cell Factor) Fragment 2mg — order online today with fast, discreet delivery.</p>",taxable,,1,100,0,0,82.89,,Hair Growth Peptides,"SCF (Stem Cell Factor) Fragment 2mg, Hair Growth Peptides",5,Purity,>98%,1,1
simple,AV-HGR-028,EGF (Epidermal Growth Factor) 50mcg,1,0,visible,"EGF (Epidermal Growth Factor) 50mcg is a research-grade hair growth peptides peptide renowned for anagen phase prolongation. Available online across Australia, this peptide is supplied at ≥98% purity for reliable results.","<h3>EGF (Epidermal Growth Factor) 50mcg – High Purity Hair Growth Peptides Peptide</h3>
<p><strong>EGF (Epidermal Growth Factor) 50mcg</strong> inhibits 5α-reductase activity and DHT binding at the follicle receptor level. This compound is widely utilised in dermatology and hair growth peptide studies, with growing interest from preclinical and translational research communities worldwide.</p>

<p>Investigational hair growth protocols utilise peptide concentrations of 5–50 mcg/mL in cell culture media. Researchers are advised to follow institutional guidelines and conduct thorough literature review prior to experimental use.</p>

<ul>
    <li>Re-activates dormant follicle stem cell populations</li>
    <li>Supports FGF-7 mediated keratinocyte growth signalling</li>
    <li>Modulates inflammatory pathways implicated in hair loss</li>
    <li>Enhances scalp microcirculation in preclinical assays</li>
    <li>Lyophilised format suitable for topical and systemic studies</li>
</ul>

<p><strong>Purity:</strong> ≥98% (HPLC verified) | <strong>Format:</strong> Lyophilised powder | <strong>Storage:</strong> Store at −20°C, protect from light and moisture. Stable for 24 months when properly stored.</p>

<p>Purchase EGF (Epidermal Growth Factor) 50mcg from Alluvia, Australia's leading supplier of research-grade peptides — trusted by Australian researchers nationwide.</p>",taxable,,1,100,0,0,138.57,,Hair Growth Peptides,"EGF (Epidermal Growth Factor) 50mcg, Hair Growth Peptides",5,Purity,>98%,1,1
simple,AV-HGR-029,bFGF Fragment Peptide 2mg,1,0,visible,"High-purity bFGF Fragment Peptide 2mg is a benchmark hair growth peptides compound in the field of DHT inhibition and hair density. Trusted by Australian researchers and biohackers, bFGF Fragment Peptide 2mg is available online with fast local dispatch.","<h3>bFGF Fragment Peptide 2mg for Hair Growth Peptides Research | Australia</h3>
<p><strong>bFGF Fragment Peptide 2mg</strong> promotes VEGF-mediated neovascularisation of the hair follicle bulb. This compound is widely utilised in trichology and hair follicle biology research, with growing interest from preclinical and translational research communities worldwide.</p>

<p>Hair biology research typically applies peptide solutions at 1–10 mg/mL to follicle culture systems. Researchers are advised to follow institutional guidelines and conduct thorough literature review prior to experimental use.</p>

<ul>
    <li>Activates Wnt/β-catenin to prolong anagen growth phase</li>
    <li>Stimulates keratinocyte and dermal papilla proliferation</li>
    <li>Promotes VEGF-driven follicle neovascularisation</li>
    <li>Reduces DHT-mediated follicle miniaturisation in models</li>
    <li>High purity ≥98% for accurate trichology research</li>
</ul>

<p><strong>Purity:</strong> ≥98% (HPLC verified) | <strong>Format:</strong> Lyophilised powder | <strong>Storage:</strong> Store at −20°C, protect from light and moisture. Stable for 24 months when properly stored.</p>

<p>Alluvia provides Australian researchers with premium-grade bFGF Fragment Peptide 2mg — buy online Australia for fast domestic dispatch.</p>",taxable,,1,100,0,0,126.61,,Hair Growth Peptides,"bFGF Fragment Peptide 2mg, Hair Growth Peptides",5,Purity,>98%,1,1
simple,AV-HGR-030,Netrin-1 Fragment 2mg,1,0,visible,"Used by researchers worldwide, Netrin-1 Fragment 2mg is an advanced hair growth peptides peptide for keratinocyte proliferation support. Australian researchers can buy Netrin-1 Fragment 2mg online with confidence, backed by ≥98% purity certification.","<h3>Premium Netrin-1 Fragment 2mg | Hair Growth Peptides Australia</h3>
<p><strong>Netrin-1 Fragment 2mg</strong> modulates BMP and Noggin pathways to re-activate dormant follicle stem cells. This compound is widely utilised in androgenetic alopecia and scalp health science, with growing interest from preclinical and translational research communities worldwide.</p>

<p>In scalp research models, topical application of 50–500 mcg per cm² is commonly employed. Researchers are advised to follow institutional guidelines and conduct thorough literature review prior to experimental use.</p>

<ul>
    <li>Re-activates dormant follicle stem cell populations</li>
    <li>Supports FGF-7 mediated keratinocyte growth signalling</li>
    <li>Modulates inflammatory pathways implicated in hair loss</li>
    <li>Enhances scalp microcirculation in preclinical assays</li>
    <li>Lyophilised format suitable for topical and systemic studies</li>
</ul>

<p><strong>Purity:</strong> ≥98% (HPLC verified) | <strong>Format:</strong> Lyophilised powder | <strong>Storage:</strong> Store at −20°C, protect from light and moisture. Stable for 24 months when properly stored.</p>

<p>Shop Netrin-1 Fragment 2mg online at Alluvia — trusted by Australian researchers and biohackers seeking the highest purity peptides.</p>",taxable,,1,100,0,0,132.36,,Hair Growth Peptides,"Netrin-1 Fragment 2mg, Hair Growth Peptides",5,Purity,>98%,1,1
simple,AV-HGR-031,CXCL12 Fragment 2mg,1,0,visible,"CXCL12 Fragment 2mg is a high-purity hair growth peptides compound offering hair follicle stimulation and growth. Available to buy online Australia, CXCL12 Fragment 2mg meets strict quality standards with ≥98% purity.","<h3>CXCL12 Fragment 2mg | Hair Growth Peptides | Research Grade Australia</h3>
<p><strong>CXCL12 Fragment 2mg</strong> activates Wnt/β-catenin signalling in dermal papilla cells to prolong the anagen growth phase. This compound is widely utilised in hair regeneration and follicle stem cell research, with growing interest from preclinical and translational research communities worldwide.</p>

<p>Trichology research protocols reconstitute growth peptides in saline at 1 mg/mL for follicle stimulation assays. Researchers are advised to follow institutional guidelines and conduct thorough literature review prior to experimental use.</p>

<ul>
    <li>Activates Wnt/β-catenin to prolong anagen growth phase</li>
    <li>Stimulates keratinocyte and dermal papilla proliferation</li>
    <li>Promotes VEGF-driven follicle neovascularisation</li>
    <li>Reduces DHT-mediated follicle miniaturisation in models</li>
    <li>High purity ≥98% for accurate trichology research</li>
</ul>

<p><strong>Purity:</strong> ≥98% (HPLC verified) | <strong>Format:</strong> Lyophilised powder | <strong>Storage:</strong> Store at −20°C, protect from light and moisture. Stable for 24 months when properly stored.</p>

<p>Buy CXCL12 Fragment 2mg online in Australia from Alluvia — trusted by Australian researchers and biohackers for quality and purity.</p>",taxable,,1,100,0,0,127.4,,Hair Growth Peptides,"CXCL12 Fragment 2mg, Hair Growth Peptides",5,Purity,>98%,1,1
simple,AV-HGR-032,DKK-1 Inhibitor Peptide 5mg,1,0,visible,"Discover DKK-1 Inhibitor Peptide 5mg, a premium hair growth peptides peptide designed for scalp circulation and follicle health. Buy DKK-1 Inhibitor Peptide 5mg online Australia from a trusted supplier committed to research excellence.","<h3>Buy DKK-1 Inhibitor Peptide 5mg Online Australia | Hair Growth Peptides</h3>
<p><strong>DKK-1 Inhibitor Peptide 5mg</strong> stimulates keratinocyte and fibroblast growth factor receptors to enhance follicular proliferation. This compound is widely utilised in dermatology and hair growth peptide studies, with growing interest from preclinical and translational research communities worldwide.</p>

<p>Investigational hair growth protocols utilise peptide concentrations of 5–50 mcg/mL in cell culture media. Researchers are advised to follow institutional guidelines and conduct thorough literature review prior to experimental use.</p>

<ul>
    <li>Re-activates dormant follicle stem cell populations</li>
    <li>Supports FGF-7 mediated keratinocyte growth signalling</li>
    <li>Modulates inflammatory pathways implicated in hair loss</li>
    <li>Enhances scalp microcirculation in preclinical assays</li>
    <li>Lyophilised format suitable for topical and systemic studies</li>
</ul>

<p><strong>Purity:</strong> ≥98% (HPLC verified) | <strong>Format:</strong> Lyophilised powder | <strong>Storage:</strong> Store at −20°C, protect from light and moisture. Stable for 24 months when properly stored.</p>

<p>Order DKK-1 Inhibitor Peptide 5mg online Australia with confidence from Alluvia, the trusted supplier for Australian researchers and peptide enthusiasts.</p>",taxable,,1,100,0,0,76.81,,Hair Growth Peptides,"DKK-1 Inhibitor Peptide 5mg, Hair Growth Peptides",5,Purity,>98%,1,1
simple,AV-HGR-033,Frizzled Receptor Agonist Peptide 5mg,1,0,visible,"Frizzled Receptor Agonist Peptide 5mg provides researchers with a potent hair growth peptides agent supporting anagen phase prolongation. Available online across Australia, this peptide is supplied at ≥98% purity for reliable results.","<h3>Frizzled Receptor Agonist Peptide 5mg – High Purity Hair Growth Peptides Peptide</h3>
<p><strong>Frizzled Receptor Agonist Peptide 5mg</strong> inhibits 5α-reductase activity and DHT binding at the follicle receptor level. This compound is widely utilised in trichology and hair follicle biology research, with growing interest from preclinical and translational research communities worldwide.</p>

<p>Hair biology research typically applies peptide solutions at 1–10 mg/mL to follicle culture systems. Researchers are advised to follow institutional guidelines and conduct thorough literature review prior to experimental use.</p>

<ul>
    <li>Activates Wnt/β-catenin to prolong anagen growth phase</li>
    <li>Stimulates keratinocyte and dermal papilla proliferation</li>
    <li>Promotes VEGF-driven follicle neovascularisation</li>
    <li>Reduces DHT-mediated follicle miniaturisation in models</li>
    <li>High purity ≥98% for accurate trichology research</li>
</ul>

<p><strong>Purity:</strong> ≥98% (HPLC verified) | <strong>Format:</strong> Lyophilised powder | <strong>Storage:</strong> Store at −20°C, protect from light and moisture. Stable for 24 months when properly stored.</p>

<p>Australian researchers and biohackers trust Alluvia for premium Frizzled Receptor Agonist Peptide 5mg — order online today with fast, discreet delivery.</p>",taxable,,1,100,0,0,125.23,,Hair Growth Peptides,"Frizzled Receptor Agonist Peptide 5mg, Hair Growth Peptides",5,Purity,>98%,1,1
simple,AV-HGR-034,Angiopoietin-1 Fragment 2mg,1,0,visible,"A leading hair growth peptides compound, Angiopoietin-1 Fragment 2mg is valued for its role in DHT inhibition and hair density. Trusted by Australian researchers and biohackers, Angiopoietin-1 Fragment 2mg is available online with fast local dispatch.","<h3>Angiopoietin-1 Fragment 2mg for Hair Growth Peptides Research | Australia</h3>
<p><strong>Angiopoietin-1 Fragment 2mg</strong> promotes VEGF-mediated neovascularisation of the hair follicle bulb. This compound is widely utilised in androgenetic alopecia and scalp health science, with growing interest from preclinical and translational research communities worldwide.</p>

<p>In scalp research models, topical application of 50–500 mcg per cm² is commonly employed. Researchers are advised to follow institutional guidelines and conduct thorough literature review prior to experimental use.</p>

<ul>
    <li>Re-activates dormant follicle stem cell populations</li>
    <li>Supports FGF-7 mediated keratinocyte growth signalling</li>
    <li>Modulates inflammatory pathways implicated in hair loss</li>
    <li>Enhances scalp microcirculation in preclinical assays</li>
    <li>Lyophilised format suitable for topical and systemic studies</li>
</ul>

<p><strong>Purity:</strong> ≥98% (HPLC verified) | <strong>Format:</strong> Lyophilised powder | <strong>Storage:</strong> Store at −20°C, protect from light and moisture. Stable for 24 months when properly stored.</p>

<p>Purchase Angiopoietin-1 Fragment 2mg from Alluvia, Australia's leading supplier of research-grade peptides — trusted by Australian researchers nationwide.</p>",taxable,,1,100,0,0,62.05,,Hair Growth Peptides,"Angiopoietin-1 Fragment 2mg, Hair Growth Peptides",5,Purity,>98%,1,1
simple,AV-HGR-035,PDGF-BB Fragment 2mg,1,0,visible,"PDGF-BB Fragment 2mg stands out among hair growth peptides products for its proven role in keratinocyte proliferation support. Australian researchers can buy PDGF-BB Fragment 2mg online with confidence, backed by ≥98% purity certification.","<h3>Premium PDGF-BB Fragment 2mg | Hair Growth Peptides Australia</h3>
<p><strong>PDGF-BB Fragment 2mg</strong> modulates BMP and Noggin pathways to re-activate dormant follicle stem cells. This compound is widely utilised in hair regeneration and follicle stem cell research, with growing interest from preclinical and translational research communities worldwide.</p>

<p>Trichology research protocols reconstitute growth peptides in saline at 1 mg/mL for follicle stimulation assays. Researchers are advised to follow institutional guidelines and conduct thorough literature review prior to experimental use.</p>

<ul>
    <li>Activates Wnt/β-catenin to prolong anagen growth phase</li>
    <li>Stimulates keratinocyte and dermal papilla proliferation</li>
    <li>Promotes VEGF-driven follicle neovascularisation</li>
    <li>Reduces DHT-mediated follicle miniaturisation in models</li>
    <li>High purity ≥98% for accurate trichology research</li>
</ul>

<p><strong>Purity:</strong> ≥98% (HPLC verified) | <strong>Format:</strong> Lyophilised powder | <strong>Storage:</strong> Store at −20°C, protect from light and moisture. Stable for 24 months when properly stored.</p>

<p>Alluvia provides Australian researchers with premium-grade PDGF-BB Fragment 2mg — buy online Australia for fast domestic dispatch.</p>",taxable,,1,100,0,0,133.11,,Hair Growth Peptides,"PDGF-BB Fragment 2mg, Hair Growth Peptides",5,Purity,>98%,1,1
simple,AV-HGR-036,TGF-β3 Fragment 2mg,1,0,visible,"Sourced to rigorous standards, TGF-β3 Fragment 2mg is a trusted hair growth peptides peptide for hair follicle stimulation and growth. Available to buy online Australia, TGF-β3 Fragment 2mg meets strict quality standards with ≥98% purity.","<h3>TGF-β3 Fragment 2mg | Hair Growth Peptides | Research Grade Australia</h3>
<p><strong>TGF-β3 Fragment 2mg</strong> activates Wnt/β-catenin signalling in dermal papilla cells to prolong the anagen growth phase. This compound is widely utilised in dermatology and hair growth peptide studies, with growing interest from preclinical and translational research communities worldwide.</p>

<p>Investigational hair growth protocols utilise peptide concentrations of 5–50 mcg/mL in cell culture media. Researchers are advised to follow institutional guidelines and conduct thorough literature review prior to experimental use.</p>

<ul>
    <li>Re-activates dormant follicle stem cell populations</li>
    <li>Supports FGF-7 mediated keratinocyte growth signalling</li>
    <li>Modulates inflammatory pathways implicated in hair loss</li>
    <li>Enhances scalp microcirculation in preclinical assays</li>
    <li>Lyophilised format suitable for topical and systemic studies</li>
</ul>

<p><strong>Purity:</strong> ≥98% (HPLC verified) | <strong>Format:</strong> Lyophilised powder | <strong>Storage:</strong> Store at −20°C, protect from light and moisture. Stable for 24 months when properly stored.</p>

<p>Shop TGF-β3 Fragment 2mg online at Alluvia — trusted by Australian researchers and biohackers seeking the highest purity peptides.</p>",taxable,,1,100,0,0,131.85,,Hair Growth Peptides,"TGF-β3 Fragment 2mg, Hair Growth Peptides",5,Purity,>98%,1,1
simple,AV-HGR-037,IL-6 Modulator Peptide 2mg,1,0,visible,"For those seeking quality hair growth peptides solutions, IL-6 Modulator Peptide 2mg delivers outstanding scalp circulation and follicle health. Buy IL-6 Modulator Peptide 2mg online Australia from a trusted supplier committed to research excellence.","<h3>Buy IL-6 Modulator Peptide 2mg Online Australia | Hair Growth Peptides</h3>
<p><strong>IL-6 Modulator Peptide 2mg</strong> stimulates keratinocyte and fibroblast growth factor receptors to enhance follicular proliferation. This compound is widely utilised in trichology and hair follicle biology research, with growing interest from preclinical and translational research communities worldwide.</p>

<p>Hair biology research typically applies peptide solutions at 1–10 mg/mL to follicle culture systems. Researchers are advised to follow institutional guidelines and conduct thorough literature review prior to experimental use.</p>

<ul>
    <li>Activates Wnt/β-catenin to prolong anagen growth phase</li>
    <li>Stimulates keratinocyte and dermal papilla proliferation</li>
    <li>Promotes VEGF-driven follicle neovascularisation</li>
    <li>Reduces DHT-mediated follicle miniaturisation in models</li>
    <li>High purity ≥98% for accurate trichology research</li>
</ul>

<p><strong>Purity:</strong> ≥98% (HPLC verified) | <strong>Format:</strong> Lyophilised powder | <strong>Storage:</strong> Store at −20°C, protect from light and moisture. Stable for 24 months when properly stored.</p>

<p>Buy IL-6 Modulator Peptide 2mg online in Australia from Alluvia — trusted by Australian researchers and biohackers for quality and purity.</p>",taxable,,1,100,0,0,72.69,,Hair Growth Peptides,"IL-6 Modulator Peptide 2mg, Hair Growth Peptides",5,Purity,>98%,1,1
simple,AV-HGR-038,TNF-α Inhibitor Peptide 5mg,1,0,visible,"TNF-α Inhibitor Peptide 5mg is a research-grade hair growth peptides peptide renowned for anagen phase prolongation. Available online across Australia, this peptide is supplied at ≥98% purity for reliable results.","<h3>TNF-α Inhibitor Peptide 5mg – High Purity Hair Growth Peptides Peptide</h3>
<p><strong>TNF-α Inhibitor Peptide 5mg</strong> inhibits 5α-reductase activity and DHT binding at the follicle receptor level. This compound is widely utilised in androgenetic alopecia and scalp health science, with growing interest from preclinical and translational research communities worldwide.</p>

<p>In scalp research models, topical application of 50–500 mcg per cm² is commonly employed. Researchers are advised to follow institutional guidelines and conduct thorough literature review prior to experimental use.</p>

<ul>
    <li>Re-activates dormant follicle stem cell populations</li>
    <li>Supports FGF-7 mediated keratinocyte growth signalling</li>
    <li>Modulates inflammatory pathways implicated in hair loss</li>
    <li>Enhances scalp microcirculation in preclinical assays</li>
    <li>Lyophilised format suitable for topical and systemic studies</li>
</ul>

<p><strong>Purity:</strong> ≥98% (HPLC verified) | <strong>Format:</strong> Lyophilised powder | <strong>Storage:</strong> Store at −20°C, protect from light and moisture. Stable for 24 months when properly stored.</p>

<p>Order TNF-α Inhibitor Peptide 5mg online Australia with confidence from Alluvia, the trusted supplier for Australian researchers and peptide enthusiasts.</p>",taxable,,1,100,0,0,127.94,,Hair Growth Peptides,"TNF-α Inhibitor Peptide 5mg, Hair Growth Peptides",5,Purity,>98%,1,1
simple,AV-HGR-039,Niacinamide Adenine Peptide Complex 5mg,1,0,visible,"High-purity Niacinamide Adenine Peptide Complex 5mg is a benchmark hair growth peptides compound in the field of DHT inhibition and hair density. Trusted by Australian researchers and biohackers, Niacinamide Adenine Peptide Complex 5mg is available online with fast local dispatch.","<h3>Niacinamide Adenine Peptide Complex 5mg for Hair Growth Peptides Research | Australia</h3>
<p><strong>Niacinamide Adenine Peptide Complex 5mg</strong> promotes VEGF-mediated neovascularisation of the hair follicle bulb. This compound is widely utilised in hair regeneration and follicle stem cell research, with growing interest from preclinical and translational research communities worldwide.</p>

<p>Trichology research protocols reconstitute growth peptides in saline at 1 mg/mL for follicle stimulation assays. Researchers are advised to follow institutional guidelines and conduct thorough literature review prior to experimental use.</p>

<ul>
    <li>Activates Wnt/β-catenin to prolong anagen growth phase</li>
    <li>Stimulates keratinocyte and dermal papilla proliferation</li>
    <li>Promotes VEGF-driven follicle neovascularisation</li>
    <li>Reduces DHT-mediated follicle miniaturisation in models</li>
    <li>High purity ≥98% for accurate trichology research</li>
</ul>

<p><strong>Purity:</strong> ≥98% (HPLC verified) | <strong>Format:</strong> Lyophilised powder | <strong>Storage:</strong> Store at −20°C, protect from light and moisture. Stable for 24 months when properly stored.</p>

<p>Australian researchers and biohackers trust Alluvia for premium Niacinamide Adenine Peptide Complex 5mg — order online today with fast, discreet delivery.</p>",taxable,,1,100,0,0,94.81,,Hair Growth Peptides,"Niacinamide Adenine Peptide Complex 5mg, Hair Growth Peptides",5,Purity,>98%,1,1
simple,AV-HGR-040,Copper Tripeptide GHK-Cu Liposomal 50mg,1,0,visible,"Used by researchers worldwide, Copper Tripeptide GHK-Cu Liposomal 50mg is an advanced hair growth peptides peptide for keratinocyte proliferation support. Australian researchers can buy Copper Tripeptide GHK-Cu Liposomal 50mg online with confidence, backed by ≥98% purity certification.","<h3>Premium Copper Tripeptide GHK-Cu Liposomal 50mg | Hair Growth Peptides Australia</h3>
<p><strong>Copper Tripeptide GHK-Cu Liposomal 50mg</strong> modulates BMP and Noggin pathways to re-activate dormant follicle stem cells. This compound is widely utilised in dermatology and hair growth peptide studies, with growing interest from preclinical and translational research communities worldwide.</p>

<p>Investigational hair growth protocols utilise peptide concentrations of 5–50 mcg/mL in cell culture media. Researchers are advised to follow institutional guidelines and conduct thorough literature review prior to experimental use.</p>

<ul>
    <li>Re-activates dormant follicle stem cell populations</li>
    <li>Supports FGF-7 mediated keratinocyte growth signalling</li>
    <li>Modulates inflammatory pathways implicated in hair loss</li>
    <li>Enhances scalp microcirculation in preclinical assays</li>
    <li>Lyophilised format suitable for topical and systemic studies</li>
</ul>

<p><strong>Purity:</strong> ≥98% (HPLC verified) | <strong>Format:</strong> Lyophilised powder | <strong>Storage:</strong> Store at −20°C, protect from light and moisture. Stable for 24 months when properly stored.</p>

<p>Purchase Copper Tripeptide GHK-Cu Liposomal 50mg from Alluvia, Australia's leading supplier of research-grade peptides — trusted by Australian researchers nationwide.</p>",taxable,,1,100,0,0,80.38,,Hair Growth Peptides,"Copper Tripeptide GHK-Cu Liposomal 50mg, Hair Growth Peptides",5,Purity,>98%,1,1
simple,AV-HGR-041,Capixyl 10mg,1,0,visible,"Capixyl 10mg is a high-purity hair growth peptides compound offering hair follicle stimulation and growth. Available to buy online Australia, Capixyl 10mg meets strict quality standards with ≥98% purity.","<h3>Capixyl 10mg | Hair Growth Peptides | Research Grade Australia</h3>
<p><strong>Capixyl 10mg</strong> activates Wnt/β-catenin signalling in dermal papilla cells to prolong the anagen growth phase. This compound is widely utilised in trichology and hair follicle biology research, with growing interest from preclinical and translational research communities worldwide.</p>

<p>Hair biology research typically applies peptide solutions at 1–10 mg/mL to follicle culture systems. Researchers are advised to follow institutional guidelines and conduct thorough literature review prior to experimental use.</p>

<ul>
    <li>Activates Wnt/β-catenin to prolong anagen growth phase</li>
    <li>Stimulates keratinocyte and dermal papilla proliferation</li>
    <li>Promotes VEGF-driven follicle neovascularisation</li>
    <li>Reduces DHT-mediated follicle miniaturisation in models</li>
    <li>High purity ≥98% for accurate trichology research</li>
</ul>

<p><strong>Purity:</strong> ≥98% (HPLC verified) | <strong>Format:</strong> Lyophilised powder | <strong>Storage:</strong> Store at −20°C, protect from light and moisture. Stable for 24 months when properly stored.</p>

<p>Alluvia provides Australian researchers with premium-grade Capixyl 10mg — buy online Australia for fast domestic dispatch.</p>",taxable,,1,100,0,0,125.97,,Hair Growth Peptides,"Capixyl 10mg, Hair Growth Peptides",5,Purity,>98%,1,1
simple,AV-HGR-042,Nanopeptide-1 10mg,1,0,visible,"Discover Nanopeptide-1 10mg, a premium hair growth peptides peptide designed for scalp circulation and follicle health. Buy Nanopeptide-1 10mg online Australia from a trusted supplier committed to research excellence.","<h3>Buy Nanopeptide-1 10mg Online Australia | Hair Growth Peptides</h3>
<p><strong>Nanopeptide-1 10mg</strong> stimulates keratinocyte and fibroblast growth factor receptors to enhance follicular proliferation. This compound is widely utilised in androgenetic alopecia and scalp health science, with growing interest from preclinical and translational research communities worldwide.</p>

<p>In scalp research models, topical application of 50–500 mcg per cm² is commonly employed. Researchers are advised to follow institutional guidelines and conduct thorough literature review prior to experimental use.</p>

<ul>
    <li>Re-activates dormant follicle stem cell populations</li>
    <li>Supports FGF-7 mediated keratinocyte growth signalling</li>
    <li>Modulates inflammatory pathways implicated in hair loss</li>
    <li>Enhances scalp microcirculation in preclinical assays</li>
    <li>Lyophilised format suitable for topical and systemic studies</li>
</ul>

<p><strong>Purity:</strong> ≥98% (HPLC verified) | <strong>Format:</strong> Lyophilised powder | <strong>Storage:</strong> Store at −20°C, protect from light and moisture. Stable for 24 months when properly stored.</p>

<p>Shop Nanopeptide-1 10mg online at Alluvia — trusted by Australian researchers and biohackers seeking the highest purity peptides.</p>",taxable,,1,100,0,0,73.17,,Hair Growth Peptides,"Nanopeptide-1 10mg, Hair Growth Peptides",5,Purity,>98%,1,1
simple,AV-HGR-043,Quasomes Hair Peptide Complex 10mg,1,0,visible,"Quasomes Hair Peptide Complex 10mg provides researchers with a potent hair growth peptides agent supporting anagen phase prolongation. Available online across Australia, this peptide is supplied at ≥98% purity for reliable results.","<h3>Quasomes Hair Peptide Complex 10mg – High Purity Hair Growth Peptides Peptide</h3>
<p><strong>Quasomes Hair Peptide Complex 10mg</strong> inhibits 5α-reductase activity and DHT binding at the follicle receptor level. This compound is widely utilised in hair regeneration and follicle stem cell research, with growing interest from preclinical and translational research communities worldwide.</p>

<p>Trichology research protocols reconstitute growth peptides in saline at 1 mg/mL for follicle stimulation assays. Researchers are advised to follow institutional guidelines and conduct thorough literature review prior to experimental use.</p>

<ul>
    <li>Activates Wnt/β-catenin to prolong anagen growth phase</li>
    <li>Stimulates keratinocyte and dermal papilla proliferation</li>
    <li>Promotes VEGF-driven follicle neovascularisation</li>
    <li>Reduces DHT-mediated follicle miniaturisation in models</li>
    <li>High purity ≥98% for accurate trichology research</li>
</ul>

<p><strong>Purity:</strong> ≥98% (HPLC verified) | <strong>Format:</strong> Lyophilised powder | <strong>Storage:</strong> Store at −20°C, protect from light and moisture. Stable for 24 months when properly stored.</p>

<p>Buy Quasomes Hair Peptide Complex 10mg online in Australia from Alluvia — trusted by Australian researchers and biohackers for quality and purity.</p>",taxable,,1,100,0,0,54.2,,Hair Growth Peptides,"Quasomes Hair Peptide Complex 10mg, Hair Growth Peptides",5,Purity,>98%,1,1
simple,AV-HGR-044,Pisum Sativum Peptide 10mg,1,0,visible,"A leading hair growth peptides compound, Pisum Sativum Peptide 10mg is valued for its role in DHT inhibition and hair density. Trusted by Australian researchers and biohackers, Pisum Sativum Peptide 10mg is available online with fast local dispatch.","<h3>Pisum Sativum Peptide 10mg for Hair Growth Peptides Research | Australia</h3>
<p><strong>Pisum Sativum Peptide 10mg</strong> promotes VEGF-mediated neovascularisation of the hair follicle bulb. This compound is widely utilised in dermatology and hair growth peptide studies, with growing interest from preclinical and translational research communities worldwide.</p>

<p>Investigational hair growth protocols utilise peptide concentrations of 5–50 mcg/mL in cell culture media. Researchers are advised to follow institutional guidelines and conduct thorough literature review prior to experimental use.</p>

<ul>
    <li>Re-activates dormant follicle stem cell populations</li>
    <li>Supports FGF-7 mediated keratinocyte growth signalling</li>
    <li>Modulates inflammatory pathways implicated in hair loss</li>
    <li>Enhances scalp microcirculation in preclinical assays</li>
    <li>Lyophilised format suitable for topical and systemic studies</li>
</ul>

<p><strong>Purity:</strong> ≥98% (HPLC verified) | <strong>Format:</strong> Lyophilised powder | <strong>Storage:</strong> Store at −20°C, protect from light and moisture. Stable for 24 months when properly stored.</p>

<p>Order Pisum Sativum Peptide 10mg online Australia with confidence from Alluvia, the trusted supplier for Australian researchers and peptide enthusiasts.</p>",taxable,,1,100,0,0,69.96,,Hair Growth Peptides,"Pisum Sativum Peptide 10mg, Hair Growth Peptides",5,Purity,>98%,1,1
simple,AV-HGR-045,Soy Isoflavone Peptide Complex 10mg,1,0,visible,"Soy Isoflavone Peptide Complex 10mg stands out among hair growth peptides products for its proven role in keratinocyte proliferation support. Australian researchers can buy Soy Isoflavone Peptide Complex 10mg online with confidence, backed by ≥98% purity certification.","<h3>Premium Soy Isoflavone Peptide Complex 10mg | Hair Growth Peptides Australia</h3>
<p><strong>Soy Isoflavone Peptide Complex 10mg</strong> modulates BMP and Noggin pathways to re-activate dormant follicle stem cells. This compound is widely utilised in trichology and hair follicle biology research, with growing interest from preclinical and translational research communities worldwide.</p>

<p>Hair biology research typically applies peptide solutions at 1–10 mg/mL to follicle culture systems. Researchers are advised to follow institutional guidelines and conduct thorough literature review prior to experimental use.</p>

<ul>
    <li>Activates Wnt/β-catenin to prolong anagen growth phase</li>
    <li>Stimulates keratinocyte and dermal papilla proliferation</li>
    <li>Promotes VEGF-driven follicle neovascularisation</li>
    <li>Reduces DHT-mediated follicle miniaturisation in models</li>
    <li>High purity ≥98% for accurate trichology research</li>
</ul>

<p><strong>Purity:</strong> ≥98% (HPLC verified) | <strong>Format:</strong> Lyophilised powder | <strong>Storage:</strong> Store at −20°C, protect from light and moisture. Stable for 24 months when properly stored.</p>

<p>Australian researchers and biohackers trust Alluvia for premium Soy Isoflavone Peptide Complex 10mg — order online today with fast, discreet delivery.</p>",taxable,,1,100,0,0,82.53,,Hair Growth Peptides,"Soy Isoflavone Peptide Complex 10mg, Hair Growth Peptides",5,Purity,>98%,1,1
simple,AV-HGR-046,Argan Stem Cell Peptide 10mg,1,0,visible,"Sourced to rigorous standards, Argan Stem Cell Peptide 10mg is a trusted hair growth peptides peptide for hair follicle stimulation and growth. Available to buy online Australia, Argan Stem Cell Peptide 10mg meets strict quality standards with ≥98% purity.","<h3>Argan Stem Cell Peptide 10mg | Hair Growth Peptides | Research Grade Australia</h3>
<p><strong>Argan Stem Cell Peptide 10mg</strong> activates Wnt/β-catenin signalling in dermal papilla cells to prolong the anagen growth phase. This compound is widely utilised in androgenetic alopecia and scalp health science, with growing interest from preclinical and translational research communities worldwide.</p>

<p>In scalp research models, topical application of 50–500 mcg per cm² is commonly employed. Researchers are advised to follow institutional guidelines and conduct thorough literature review prior to experimental use.</p>

<ul>
    <li>Re-activates dormant follicle stem cell populations</li>
    <li>Supports FGF-7 mediated keratinocyte growth signalling</li>
    <li>Modulates inflammatory pathways implicated in hair loss</li>
    <li>Enhances scalp microcirculation in preclinical assays</li>
    <li>Lyophilised format suitable for topical and systemic studies</li>
</ul>

<p><strong>Purity:</strong> ≥98% (HPLC verified) | <strong>Format:</strong> Lyophilised powder | <strong>Storage:</strong> Store at −20°C, protect from light and moisture. Stable for 24 months when properly stored.</p>

<p>Purchase Argan Stem Cell Peptide 10mg from Alluvia, Australia's leading supplier of research-grade peptides — trusted by Australian researchers nationwide.</p>",taxable,,1,100,0,0,132.38,,Hair Growth Peptides,"Argan Stem Cell Peptide 10mg, Hair Growth Peptides",5,Purity,>98%,1,1
simple,AV-HGR-047,Swiss Apple Stem Cell Peptide 10mg,1,0,visible,"For those seeking quality hair growth peptides solutions, Swiss Apple Stem Cell Peptide 10mg delivers outstanding scalp circulation and follicle health. Buy Swiss Apple Stem Cell Peptide 10mg online Australia from a trusted supplier committed to research excellence.","<h3>Buy Swiss Apple Stem Cell Peptide 10mg Online Australia | Hair Growth Peptides</h3>
<p><strong>Swiss Apple Stem Cell Peptide 10mg</strong> stimulates keratinocyte and fibroblast growth factor receptors to enhance follicular proliferation. This compound is widely utilised in hair regeneration and follicle stem cell research, with growing interest from preclinical and translational research communities worldwide.</p>

<p>Trichology research protocols reconstitute growth peptides in saline at 1 mg/mL for follicle stimulation assays. Researchers are advised to follow institutional guidelines and conduct thorough literature review prior to experimental use.</p>

<ul>
    <li>Activates Wnt/β-catenin to prolong anagen growth phase</li>
    <li>Stimulates keratinocyte and dermal papilla proliferation</li>
    <li>Promotes VEGF-driven follicle neovascularisation</li>
    <li>Reduces DHT-mediated follicle miniaturisation in models</li>
    <li>High purity ≥98% for accurate trichology research</li>
</ul>

<p><strong>Purity:</strong> ≥98% (HPLC verified) | <strong>Format:</strong> Lyophilised powder | <strong>Storage:</strong> Store at −20°C, protect from light and moisture. Stable for 24 months when properly stored.</p>

<p>Alluvia provides Australian researchers with premium-grade Swiss Apple Stem Cell Peptide 10mg — buy online Australia for fast domestic dispatch.</p>",taxable,,1,100,0,0,141.92,,Hair Growth Peptides,"Swiss Apple Stem Cell Peptide 10mg, Hair Growth Peptides",5,Purity,>98%,1,1
simple,AV-HGR-048,Edelweiss Callus Culture Extract Peptide 10mg,1,0,visible,"Edelweiss Callus Culture Extract Peptide 10mg is a research-grade hair growth peptides peptide renowned for anagen phase prolongation. Available online across Australia, this peptide is supplied at ≥98% purity for reliable results.","<h3>Edelweiss Callus Culture Extract Peptide 10mg – High Purity Hair Growth Peptides Peptide</h3>
<p><strong>Edelweiss Callus Culture Extract Peptide 10mg</strong> inhibits 5α-reductase activity and DHT binding at the follicle receptor level. This compound is widely utilised in dermatology and hair growth peptide studies, with growing interest from preclinical and translational research communities worldwide.</p>

<p>Investigational hair growth protocols utilise peptide concentrations of 5–50 mcg/mL in cell culture media. Researchers are advised to follow institutional guidelines and conduct thorough literature review prior to experimental use.</p>

<ul>
    <li>Re-activates dormant follicle stem cell populations</li>
    <li>Supports FGF-7 mediated keratinocyte growth signalling</li>
    <li>Modulates inflammatory pathways implicated in hair loss</li>
    <li>Enhances scalp microcirculation in preclinical assays</li>
    <li>Lyophilised format suitable for topical and systemic studies</li>
</ul>

<p><strong>Purity:</strong> ≥98% (HPLC verified) | <strong>Format:</strong> Lyophilised powder | <strong>Storage:</strong> Store at −20°C, protect from light and moisture. Stable for 24 months when properly stored.</p>

<p>Shop Edelweiss Callus Culture Extract Peptide 10mg online at Alluvia — trusted by Australian researchers and biohackers seeking the highest purity peptides.</p>",taxable,,1,100,0,0,77.96,,Hair Growth Peptides,"Edelweiss Callus Culture Extract Peptide 10mg, Hair Growth Peptides",5,Purity,>98%,1,1
simple,AV-HGR-049,Myristoyl Pentapeptide-17 50mg,1,0,visible,"High-purity Myristoyl Pentapeptide-17 50mg is a benchmark hair growth peptides compound in the field of DHT inhibition and hair density. Trusted by Australian researchers and biohackers, Myristoyl Pentapeptide-17 50mg is available online with fast local dispatch.","<h3>Myristoyl Pentapeptide-17 50mg for Hair Growth Peptides Research | Australia</h3>
<p><strong>Myristoyl Pentapeptide-17 50mg</strong> promotes VEGF-mediated neovascularisation of the hair follicle bulb. This compound is widely utilised in trichology and hair follicle biology research, with growing interest from preclinical and translational research communities worldwide.</p>

<p>Hair biology research typically applies peptide solutions at 1–10 mg/mL to follicle culture systems. Researchers are advised to follow institutional guidelines and conduct thorough literature review prior to experimental use.</p>

<ul>
    <li>Activates Wnt/β-catenin to prolong anagen growth phase</li>
    <li>Stimulates keratinocyte and dermal papilla proliferation</li>
    <li>Promotes VEGF-driven follicle neovascularisation</li>
    <li>Reduces DHT-mediated follicle miniaturisation in models</li>
    <li>High purity ≥98% for accurate trichology research</li>
</ul>

<p><strong>Purity:</strong> ≥98% (HPLC verified) | <strong>Format:</strong> Lyophilised powder | <strong>Storage:</strong> Store at −20°C, protect from light and moisture. Stable for 24 months when properly stored.</p>

<p>Buy Myristoyl Pentapeptide-17 50mg online in Australia from Alluvia — trusted by Australian researchers and biohackers for quality and purity.</p>",taxable,,1,100,0,0,111.66,,Hair Growth Peptides,"Myristoyl Pentapeptide-17 50mg, Hair Growth Peptides",5,Purity,>98%,1,1
simple,AV-HGR-050,Oligopeptide-54 50mg,1,0,visible,"Used by researchers worldwide, Oligopeptide-54 50mg is an advanced hair growth peptides peptide for keratinocyte proliferation support. Australian researchers can buy Oligopeptide-54 50mg online with confidence, backed by ≥98% purity certification.","<h3>Premium Oligopeptide-54 50mg | Hair Growth Peptides Australia</h3>
<p><strong>Oligopeptide-54 50mg</strong> modulates BMP and Noggin pathways to re-activate dormant follicle stem cells. This compound is widely utilised in androgenetic alopecia and scalp health science, with growing interest from preclinical and translational research communities worldwide.</p>

<p>In scalp research models, topical application of 50–500 mcg per cm² is commonly employed. Researchers are advised to follow institutional guidelines and conduct thorough literature review prior to experimental use.</p>

<ul>
    <li>Re-activates dormant follicle stem cell populations</li>
    <li>Supports FGF-7 mediated keratinocyte growth signalling</li>
    <li>Modulates inflammatory pathways implicated in hair loss</li>
    <li>Enhances scalp microcirculation in preclinical assays</li>
    <li>Lyophilised format suitable for topical and systemic studies</li>
</ul>

<p><strong>Purity:</strong> ≥98% (HPLC verified) | <strong>Format:</strong> Lyophilised powder | <strong>Storage:</strong> Store at −20°C, protect from light and moisture. Stable for 24 months when properly stored.</p>

<p>Order Oligopeptide-54 50mg online Australia with confidence from Alluvia, the trusted supplier for Australian researchers and peptide enthusiasts.</p>",taxable,,1,100,0,0,89.17,,Hair Growth Peptides,"Oligopeptide-54 50mg, Hair Growth Peptides",5,Purity,>98%,1,1
simple,AV-RSC-001,Selank 5mg,1,0,visible,"Selank 5mg is a high-purity research peptides compound offering in-vitro and in-vivo research applications. Available to buy online Australia, Selank 5mg meets strict quality standards with ≥98% purity.","<h3>Selank 5mg | Research Peptides | Research Grade Australia</h3>
<p><strong>For research use only. Not for human consumption.</strong></p>
<p><strong>Selank 5mg</strong> interacts with specific receptor subtypes to modulate intracellular signalling cascades in research models. This compound is widely utilised in neuropeptide pharmacology and receptor biology, with growing interest from preclinical and translational research communities worldwide.</p>

<p>Standard reconstitution for research use involves dissolving lyophilised peptide in sterile water to 1 mg/mL. Researchers are advised to follow institutional guidelines and conduct thorough literature review prior to experimental use.</p>

<ul>
    <li>Highly selective ligand for receptor binding studies</li>
    <li>Enables investigation of signal transduction pathways</li>
    <li>Suitable for in-vitro and in-vivo research models</li>
    <li>Stable lyophilised format minimises experimental variability</li>
    <li>High purity ≥98% for reproducible research outcomes</li>
</ul>

<p><strong>Purity:</strong> ≥98% (HPLC verified) | <strong>Format:</strong> Lyophilised powder | <strong>Storage:</strong> Store at −20°C, protect from light and moisture. Stable for 24 months when properly stored.</p>

<p>Buy Selank 5mg online in Australia from Alluvia — trusted by Australian researchers and biohackers for quality and purity.</p>",taxable,,1,100,0,0,162.79,,Research Peptides,"Selank 5mg, Research Peptides",5,Purity,>98%,1,1
simple,AV-RSC-002,Semax 5mg,1,0,visible,"Discover Semax 5mg, a premium research peptides peptide designed for neuropeptide signalling studies. Buy Semax 5mg online Australia from a trusted supplier committed to research excellence.","<h3>Buy Semax 5mg Online Australia | Research Peptides</h3>
<p><strong>For research use only. Not for human consumption.</strong></p>
<p><strong>Semax 5mg</strong> serves as a highly selective ligand for receptor binding studies and pathway elucidation. This compound is widely utilised in peptide biochemistry and signal transduction research, with growing interest from preclinical and translational research communities worldwide.</p>

<p>In vitro assay systems commonly employ peptide concentrations of 1–100 nM for receptor binding studies. Researchers are advised to follow institutional guidelines and conduct thorough literature review prior to experimental use.</p>

<ul>
    <li>Facilitates neuropeptide pharmacology investigations</li>
    <li>Supports biochemical assay development and validation</li>
    <li>Compatible with standard HPLC and mass spec analysis</li>
    <li>Ideal for peptide-receptor kinetics and binding assays</li>
    <li>For research use only — not for human consumption</li>
</ul>

<p><strong>Purity:</strong> ≥98% (HPLC verified) | <strong>Format:</strong> Lyophilised powder | <strong>Storage:</strong> Store at −20°C, protect from light and moisture. Stable for 24 months when properly stored.</p>

<p>Order Semax 5mg online Australia with confidence from Alluvia, the trusted supplier for Australian researchers and peptide enthusiasts.</p>",taxable,,1,100,0,0,110.74,,Research Peptides,"Semax 5mg, Research Peptides",5,Purity,>98%,1,1
simple,AV-RSC-003,Epithalon 10mg,1,0,visible,"Epithalon 10mg provides researchers with a potent research peptides agent supporting receptor binding investigations. Available online across Australia, this peptide is supplied at ≥98% purity for reliable results.","<h3>Epithalon 10mg – High Purity Research Peptides Peptide</h3>
<p><strong>For research use only. Not for human consumption.</strong></p>
<p><strong>Epithalon 10mg</strong> enables investigation of neuropeptide-mediated signal transduction in cellular assay systems. This compound is widely utilised in endogenous peptide function and physiology studies, with growing interest from preclinical and translational research communities worldwide.</p>

<p>Research protocols typically prepare stock solutions at 1 mg/mL and dilute to working concentrations as required. Researchers are advised to follow institutional guidelines and conduct thorough literature review prior to experimental use.</p>

<ul>
    <li>Highly selective ligand for receptor binding studies</li>
    <li>Enables investigation of signal transduction pathways</li>
    <li>Suitable for in-vitro and in-vivo research models</li>
    <li>Stable lyophilised format minimises experimental variability</li>
    <li>High purity ≥98% for reproducible research outcomes</li>
</ul>

<p><strong>Purity:</strong> ≥98% (HPLC verified) | <strong>Format:</strong> Lyophilised powder | <strong>Storage:</strong> Store at −20°C, protect from light and moisture. Stable for 24 months when properly stored.</p>

<p>Australian researchers and biohackers trust Alluvia for premium Epithalon 10mg — order online today with fast, discreet delivery.</p>",taxable,,1,100,0,0,157.89,,Research Peptides,"Epithalon 10mg, Research Peptides",5,Purity,>98%,1,1
simple,AV-RSC-004,Dihexa 5mg,1,0,visible,"A leading research peptides compound, Dihexa 5mg is valued for its role in biochemical pathway research. Trusted by Australian researchers and biohackers, Dihexa 5mg is available online with fast local dispatch.","<h3>Dihexa 5mg for Research Peptides Research | Australia</h3>
<p><strong>For research use only. Not for human consumption.</strong></p>
<p><strong>Dihexa 5mg</strong> facilitates characterisation of peptide-receptor kinetics in biochemical research settings. This compound is widely utilised in advanced peptide research and drug discovery, with growing interest from preclinical and translational research communities worldwide.</p>

<p>Investigational biochemical assays commonly use 10–1000 nM peptide concentrations to assess receptor kinetics. Researchers are advised to follow institutional guidelines and conduct thorough literature review prior to experimental use.</p>

<ul>
    <li>Facilitates neuropeptide pharmacology investigations</li>
    <li>Supports biochemical assay development and validation</li>
    <li>Compatible with standard HPLC and mass spec analysis</li>
    <li>Ideal for peptide-receptor kinetics and binding assays</li>
    <li>For research use only — not for human consumption</li>
</ul>

<p><strong>Purity:</strong> ≥98% (HPLC verified) | <strong>Format:</strong> Lyophilised powder | <strong>Storage:</strong> Store at −20°C, protect from light and moisture. Stable for 24 months when properly stored.</p>

<p>Purchase Dihexa 5mg from Alluvia, Australia's leading supplier of research-grade peptides — trusted by Australian researchers nationwide.</p>",taxable,,1,100,0,0,61.49,,Research Peptides,"Dihexa 5mg, Research Peptides",5,Purity,>98%,1,1
simple,AV-RSC-005,SS-31 2mg,1,0,visible,"SS-31 2mg stands out among research peptides products for its proven role in advanced peptide science exploration. Australian researchers can buy SS-31 2mg online with confidence, backed by ≥98% purity certification.","<h3>Premium SS-31 2mg | Research Peptides Australia</h3>
<p><strong>For research use only. Not for human consumption.</strong></p>
<p><strong>SS-31 2mg</strong> supports mechanistic studies of endogenous peptide function in controlled research environments. This compound is widely utilised in neuropeptide pharmacology and receptor biology, with growing interest from preclinical and translational research communities worldwide.</p>

<p>Standard reconstitution for research use involves dissolving lyophilised peptide in sterile water to 1 mg/mL. Researchers are advised to follow institutional guidelines and conduct thorough literature review prior to experimental use.</p>

<ul>
    <li>Highly selective ligand for receptor binding studies</li>
    <li>Enables investigation of signal transduction pathways</li>
    <li>Suitable for in-vitro and in-vivo research models</li>
    <li>Stable lyophilised format minimises experimental variability</li>
    <li>High purity ≥98% for reproducible research outcomes</li>
</ul>

<p><strong>Purity:</strong> ≥98% (HPLC verified) | <strong>Format:</strong> Lyophilised powder | <strong>Storage:</strong> Store at −20°C, protect from light and moisture. Stable for 24 months when properly stored.</p>

<p>Alluvia provides Australian researchers with premium-grade SS-31 2mg — buy online Australia for fast domestic dispatch.</p>",taxable,,1,100,0,0,161.54,,Research Peptides,"SS-31 2mg, Research Peptides",5,Purity,>98%,1,1
simple,AV-RSC-006,FOXO4-DRI 2mg,1,0,visible,"Sourced to rigorous standards, FOXO4-DRI 2mg is a trusted research peptides peptide for in-vitro and in-vivo research applications. Available to buy online Australia, FOXO4-DRI 2mg meets strict quality standards with ≥98% purity.","<h3>FOXO4-DRI 2mg | Research Peptides | Research Grade Australia</h3>
<p><strong>For research use only. Not for human consumption.</strong></p>
<p><strong>FOXO4-DRI 2mg</strong> interacts with specific receptor subtypes to modulate intracellular signalling cascades in research models. This compound is widely utilised in peptide biochemistry and signal transduction research, with growing interest from preclinical and translational research communities worldwide.</p>

<p>In vitro assay systems commonly employ peptide concentrations of 1–100 nM for receptor binding studies. Researchers are advised to follow institutional guidelines and conduct thorough literature review prior to experimental use.</p>

<ul>
    <li>Facilitates neuropeptide pharmacology investigations</li>
    <li>Supports biochemical assay development and validation</li>
    <li>Compatible with standard HPLC and mass spec analysis</li>
    <li>Ideal for peptide-receptor kinetics and binding assays</li>
    <li>For research use only — not for human consumption</li>
</ul>

<p><strong>Purity:</strong> ≥98% (HPLC verified) | <strong>Format:</strong> Lyophilised powder | <strong>Storage:</strong> Store at −20°C, protect from light and moisture. Stable for 24 months when properly stored.</p>

<p>Shop FOXO4-DRI 2mg online at Alluvia — trusted by Australian researchers and biohackers seeking the highest purity peptides.</p>",taxable,,1,100,0,0,68.89,,Research Peptides,"FOXO4-DRI 2mg, Research Peptides",5,Purity,>98%,1,1
simple,AV-RSC-007,Humanin 2mg,1,0,visible,"For those seeking quality research peptides solutions, Humanin 2mg delivers outstanding neuropeptide signalling studies. Buy Humanin 2mg online Australia from a trusted supplier committed to research excellence.","<h3>Buy Humanin 2mg Online Australia | Research Peptides</h3>
<p><strong>For research use only. Not for human consumption.</strong></p>
<p><strong>Humanin 2mg</strong> serves as a highly selective ligand for receptor binding studies and pathway elucidation. This compound is widely utilised in endogenous peptide function and physiology studies, with growing interest from preclinical and translational research communities worldwide.</p>

<p>Research protocols typically prepare stock solutions at 1 mg/mL and dilute to working concentrations as required. Researchers are advised to follow institutional guidelines and conduct thorough literature review prior to experimental use.</p>

<ul>
    <li>Highly selective ligand for receptor binding studies</li>
    <li>Enables investigation of signal transduction pathways</li>
    <li>Suitable for in-vitro and in-vivo research models</li>
    <li>Stable lyophilised format minimises experimental variability</li>
    <li>High purity ≥98% for reproducible research outcomes</li>
</ul>

<p><strong>Purity:</strong> ≥98% (HPLC verified) | <strong>Format:</strong> Lyophilised powder | <strong>Storage:</strong> Store at −20°C, protect from light and moisture. Stable for 24 months when properly stored.</p>

<p>Buy Humanin 2mg online in Australia from Alluvia — trusted by Australian researchers and biohackers for quality and purity.</p>",taxable,,1,100,0,0,160.62,,Research Peptides,"Humanin 2mg, Research Peptides",5,Purity,>98%,1,1
simple,AV-RSC-008,MOTS-c 5mg,1,0,visible,"MOTS-c 5mg is a research-grade research peptides peptide renowned for receptor binding investigations. Available online across Australia, this peptide is supplied at ≥98% purity for reliable results.","<h3>MOTS-c 5mg – High Purity Research Peptides Peptide</h3>
<p><strong>For research use only. Not for human consumption.</strong></p>
<p><strong>MOTS-c 5mg</strong> enables investigation of neuropeptide-mediated signal transduction in cellular assay systems. This compound is widely utilised in advanced peptide research and drug discovery, with growing interest from preclinical and translational research communities worldwide.</p>

<p>Investigational biochemical assays commonly use 10–1000 nM peptide concentrations to assess receptor kinetics. Researchers are advised to follow institutional guidelines and conduct thorough literature review prior to experimental use.</p>

<ul>
    <li>Facilitates neuropeptide pharmacology investigations</li>
    <li>Supports biochemical assay development and validation</li>
    <li>Compatible with standard HPLC and mass spec analysis</li>
    <li>Ideal for peptide-receptor kinetics and binding assays</li>
    <li>For research use only — not for human consumption</li>
</ul>

<p><strong>Purity:</strong> ≥98% (HPLC verified) | <strong>Format:</strong> Lyophilised powder | <strong>Storage:</strong> Store at −20°C, protect from light and moisture. Stable for 24 months when properly stored.</p>

<p>Order MOTS-c 5mg online Australia with confidence from Alluvia, the trusted supplier for Australian researchers and peptide enthusiasts.</p>",taxable,,1,100,0,0,79.06,,Research Peptides,"MOTS-c 5mg, Research Peptides",5,Purity,>98%,1,1
simple,AV-RSC-009,NAP (NAPVSIPQ) 10mg,1,0,visible,"High-purity NAP (NAPVSIPQ) 10mg is a benchmark research peptides compound in the field of biochemical pathway research. Trusted by Australian researchers and biohackers, NAP (NAPVSIPQ) 10mg is available online with fast local dispatch.","<h3>NAP (NAPVSIPQ) 10mg for Research Peptides Research | Australia</h3>
<p><strong>For research use only. Not for human consumption.</strong></p>
<p><strong>NAP (NAPVSIPQ) 10mg</strong> facilitates characterisation of peptide-receptor kinetics in biochemical research settings. This compound is widely utilised in neuropeptide pharmacology and receptor biology, with growing interest from preclinical and translational research communities worldwide.</p>

<p>Standard reconstitution for research use involves dissolving lyophilised peptide in sterile water to 1 mg/mL. Researchers are advised to follow institutional guidelines and conduct thorough literature review prior to experimental use.</p>

<ul>
    <li>Highly selective ligand for receptor binding studies</li>
    <li>Enables investigation of signal transduction pathways</li>
    <li>Suitable for in-vitro and in-vivo research models</li>
    <li>Stable lyophilised format minimises experimental variability</li>
    <li>High purity ≥98% for reproducible research outcomes</li>
</ul>

<p><strong>Purity:</strong> ≥98% (HPLC verified) | <strong>Format:</strong> Lyophilised powder | <strong>Storage:</strong> Store at −20°C, protect from light and moisture. Stable for 24 months when properly stored.</p>

<p>Australian researchers and biohackers trust Alluvia for premium NAP (NAPVSIPQ) 10mg — order online today with fast, discreet delivery.</p>",taxable,,1,100,0,0,60.68,,Research Peptides,"NAP (NAPVSIPQ) 10mg, Research Peptides",5,Purity,>98%,1,1
simple,AV-RSC-010,AL-11 2mg,1,0,visible,"Used by researchers worldwide, AL-11 2mg is an advanced research peptides peptide for advanced peptide science exploration. Australian researchers can buy AL-11 2mg online with confidence, backed by ≥98% purity certification.","<h3>Premium AL-11 2mg | Research Peptides Australia</h3>
<p><strong>For research use only. Not for human consumption.</strong></p>
<p><strong>AL-11 2mg</strong> supports mechanistic studies of endogenous peptide function in controlled research environments. This compound is widely utilised in peptide biochemistry and signal transduction research, with growing interest from preclinical and translational research communities worldwide.</p>

<p>In vitro assay systems commonly employ peptide concentrations of 1–100 nM for receptor binding studies. Researchers are advised to follow institutional guidelines and conduct thorough literature review prior to experimental use.</p>

<ul>
    <li>Facilitates neuropeptide pharmacology investigations</li>
    <li>Supports biochemical assay development and validation</li>
    <li>Compatible with standard HPLC and mass spec analysis</li>
    <li>Ideal for peptide-receptor kinetics and binding assays</li>
    <li>For research use only — not for human consumption</li>
</ul>

<p><strong>Purity:</strong> ≥98% (HPLC verified) | <strong>Format:</strong> Lyophilised powder | <strong>Storage:</strong> Store at −20°C, protect from light and moisture. Stable for 24 months when properly stored.</p>

<p>Purchase AL-11 2mg from Alluvia, Australia's leading supplier of research-grade peptides — trusted by Australian researchers nationwide.</p>",taxable,,1,100,0,0,98.84,,Research Peptides,"AL-11 2mg, Research Peptides",5,Purity,>98%,1,1
simple,AV-RSC-011,Cerebrolysin Fragment 5mg,1,0,visible,"Cerebrolysin Fragment 5mg is a high-purity research peptides compound offering in-vitro and in-vivo research applications. Available to buy online Australia, Cerebrolysin Fragment 5mg meets strict quality standards with ≥98% purity.","<h3>Cerebrolysin Fragment 5mg | Research Peptides | Research Grade Australia</h3>
<p><strong>For research use only. Not for human consumption.</strong></p>
<p><strong>Cerebrolysin Fragment 5mg</strong> interacts with specific receptor subtypes to modulate intracellular signalling cascades in research models. This compound is widely utilised in endogenous peptide function and physiology studies, with growing interest from preclinical and translational research communities worldwide.</p>

<p>Research protocols typically prepare stock solutions at 1 mg/mL and dilute to working concentrations as required. Researchers are advised to follow institutional guidelines and conduct thorough literature review prior to experimental use.</p>

<ul>
    <li>Highly selective ligand for receptor binding studies</li>
    <li>Enables investigation of signal transduction pathways</li>
    <li>Suitable for in-vitro and in-vivo research models</li>
    <li>Stable lyophilised format minimises experimental variability</li>
    <li>High purity ≥98% for reproducible research outcomes</li>
</ul>

<p><strong>Purity:</strong> ≥98% (HPLC verified) | <strong>Format:</strong> Lyophilised powder | <strong>Storage:</strong> Store at −20°C, protect from light and moisture. Stable for 24 months when properly stored.</p>

<p>Alluvia provides Australian researchers with premium-grade Cerebrolysin Fragment 5mg — buy online Australia for fast domestic dispatch.</p>",taxable,,1,100,0,0,133.24,,Research Peptides,"Cerebrolysin Fragment 5mg, Research Peptides",5,Purity,>98%,1,1
simple,AV-RSC-012,LL-37 2mg,1,0,visible,"Discover LL-37 2mg, a premium research peptides peptide designed for neuropeptide signalling studies. Buy LL-37 2mg online Australia from a trusted supplier committed to research excellence.","<h3>Buy LL-37 2mg Online Australia | Research Peptides</h3>
<p><strong>For research use only. Not for human consumption.</strong></p>
<p><strong>LL-37 2mg</strong> serves as a highly selective ligand for receptor binding studies and pathway elucidation. This compound is widely utilised in advanced peptide research and drug discovery, with growing interest from preclinical and translational research communities worldwide.</p>

<p>Investigational biochemical assays commonly use 10–1000 nM peptide concentrations to assess receptor kinetics. Researchers are advised to follow institutional guidelines and conduct thorough literature review prior to experimental use.</p>

<ul>
    <li>Facilitates neuropeptide pharmacology investigations</li>
    <li>Supports biochemical assay development and validation</li>
    <li>Compatible with standard HPLC and mass spec analysis</li>
    <li>Ideal for peptide-receptor kinetics and binding assays</li>
    <li>For research use only — not for human consumption</li>
</ul>

<p><strong>Purity:</strong> ≥98% (HPLC verified) | <strong>Format:</strong> Lyophilised powder | <strong>Storage:</strong> Store at −20°C, protect from light and moisture. Stable for 24 months when properly stored.</p>

<p>Shop LL-37 2mg online at Alluvia — trusted by Australian researchers and biohackers seeking the highest purity peptides.</p>",taxable,,1,100,0,0,84.7,,Research Peptides,"LL-37 2mg, Research Peptides",5,Purity,>98%,1,1
simple,AV-RSC-013,ARA-290 (CPAG) 5mg,1,0,visible,"ARA-290 (CPAG) 5mg provides researchers with a potent research peptides agent supporting receptor binding investigations. Available online across Australia, this peptide is supplied at ≥98% purity for reliable results.","<h3>ARA-290 (CPAG) 5mg – High Purity Research Peptides Peptide</h3>
<p><strong>For research use only. Not for human consumption.</strong></p>
<p><strong>ARA-290 (CPAG) 5mg</strong> enables investigation of neuropeptide-mediated signal transduction in cellular assay systems. This compound is widely utilised in neuropeptide pharmacology and receptor biology, with growing interest from preclinical and translational research communities worldwide.</p>

<p>Standard reconstitution for research use involves dissolving lyophilised peptide in sterile water to 1 mg/mL. Researchers are advised to follow institutional guidelines and conduct thorough literature review prior to experimental use.</p>

<ul>
    <li>Highly selective ligand for receptor binding studies</li>
    <li>Enables investigation of signal transduction pathways</li>
    <li>Suitable for in-vitro and in-vivo research models</li>
    <li>Stable lyophilised format minimises experimental variability</li>
    <li>High purity ≥98% for reproducible research outcomes</li>
</ul>

<p><strong>Purity:</strong> ≥98% (HPLC verified) | <strong>Format:</strong> Lyophilised powder | <strong>Storage:</strong> Store at −20°C, protect from light and moisture. Stable for 24 months when properly stored.</p>

<p>Buy ARA-290 (CPAG) 5mg online in Australia from Alluvia — trusted by Australian researchers and biohackers for quality and purity.</p>",taxable,,1,100,0,0,118.93,,Research Peptides,"ARA-290 (CPAG) 5mg, Research Peptides",5,Purity,>98%,1,1
simple,AV-RSC-014,Davunetide (NAP) 10mg,1,0,visible,"A leading research peptides compound, Davunetide (NAP) 10mg is valued for its role in biochemical pathway research. Trusted by Australian researchers and biohackers, Davunetide (NAP) 10mg is available online with fast local dispatch.","<h3>Davunetide (NAP) 10mg for Research Peptides Research | Australia</h3>
<p><strong>For research use only. Not for human consumption.</strong></p>
<p><strong>Davunetide (NAP) 10mg</strong> facilitates characterisation of peptide-receptor kinetics in biochemical research settings. This compound is widely utilised in peptide biochemistry and signal transduction research, with growing interest from preclinical and translational research communities worldwide.</p>

<p>In vitro assay systems commonly employ peptide concentrations of 1–100 nM for receptor binding studies. Researchers are advised to follow institutional guidelines and conduct thorough literature review prior to experimental use.</p>

<ul>
    <li>Facilitates neuropeptide pharmacology investigations</li>
    <li>Supports biochemical assay development and validation</li>
    <li>Compatible with standard HPLC and mass spec analysis</li>
    <li>Ideal for peptide-receptor kinetics and binding assays</li>
    <li>For research use only — not for human consumption</li>
</ul>

<p><strong>Purity:</strong> ≥98% (HPLC verified) | <strong>Format:</strong> Lyophilised powder | <strong>Storage:</strong> Store at −20°C, protect from light and moisture. Stable for 24 months when properly stored.</p>

<p>Order Davunetide (NAP) 10mg online Australia with confidence from Alluvia, the trusted supplier for Australian researchers and peptide enthusiasts.</p>",taxable,,1,100,0,0,107.84,,Research Peptides,"Davunetide (NAP) 10mg, Research Peptides",5,Purity,>98%,1,1
simple,AV-RSC-015,Cortistatin-14 2mg,1,0,visible,"Cortistatin-14 2mg stands out among research peptides products for its proven role in advanced peptide science exploration. Australian researchers can buy Cortistatin-14 2mg online with confidence, backed by ≥98% purity certification.","<h3>Premium Cortistatin-14 2mg | Research Peptides Australia</h3>
<p><strong>For research use only. Not for human consumption.</strong></p>
<p><strong>Cortistatin-14 2mg</strong> supports mechanistic studies of endogenous peptide function in controlled research environments. This compound is widely utilised in endogenous peptide function and physiology studies, with growing interest from preclinical and translational research communities worldwide.</p>

<p>Research protocols typically prepare stock solutions at 1 mg/mL and dilute to working concentrations as required. Researchers are advised to follow institutional guidelines and conduct thorough literature review prior to experimental use.</p>

<ul>
    <li>Highly selective ligand for receptor binding studies</li>
    <li>Enables investigation of signal transduction pathways</li>
    <li>Suitable for in-vitro and in-vivo research models</li>
    <li>Stable lyophilised format minimises experimental variability</li>
    <li>High purity ≥98% for reproducible research outcomes</li>
</ul>

<p><strong>Purity:</strong> ≥98% (HPLC verified) | <strong>Format:</strong> Lyophilised powder | <strong>Storage:</strong> Store at −20°C, protect from light and moisture. Stable for 24 months when properly stored.</p>

<p>Australian researchers and biohackers trust Alluvia for premium Cortistatin-14 2mg — order online today with fast, discreet delivery.</p>",taxable,,1,100,0,0,93.07,,Research Peptides,"Cortistatin-14 2mg, Research Peptides",5,Purity,>98%,1,1
simple,AV-RSC-016,Cortistatin-29 2mg,1,0,visible,"Sourced to rigorous standards, Cortistatin-29 2mg is a trusted research peptides peptide for in-vitro and in-vivo research applications. Available to buy online Australia, Cortistatin-29 2mg meets strict quality standards with ≥98% purity.","<h3>Cortistatin-29 2mg | Research Peptides | Research Grade Australia</h3>
<p><strong>For research use only. Not for human consumption.</strong></p>
<p><strong>Cortistatin-29 2mg</strong> interacts with specific receptor subtypes to modulate intracellular signalling cascades in research models. This compound is widely utilised in advanced peptide research and drug discovery, with growing interest from preclinical and translational research communities worldwide.</p>

<p>Investigational biochemical assays commonly use 10–1000 nM peptide concentrations to assess receptor kinetics. Researchers are advised to follow institutional guidelines and conduct thorough literature review prior to experimental use.</p>

<ul>
    <li>Facilitates neuropeptide pharmacology investigations</li>
    <li>Supports biochemical assay development and validation</li>
    <li>Compatible with standard HPLC and mass spec analysis</li>
    <li>Ideal for peptide-receptor kinetics and binding assays</li>
    <li>For research use only — not for human consumption</li>
</ul>

<p><strong>Purity:</strong> ≥98% (HPLC verified) | <strong>Format:</strong> Lyophilised powder | <strong>Storage:</strong> Store at −20°C, protect from light and moisture. Stable for 24 months when properly stored.</p>

<p>Purchase Cortistatin-29 2mg from Alluvia, Australia's leading supplier of research-grade peptides — trusted by Australian researchers nationwide.</p>",taxable,,1,100,0,0,115.46,,Research Peptides,"Cortistatin-29 2mg, Research Peptides",5,Purity,>98%,1,1
simple,AV-RSC-017,VIP (Vasoactive Intestinal Peptide) 2mg,1,0,visible,"For those seeking quality research peptides solutions, VIP (Vasoactive Intestinal Peptide) 2mg delivers outstanding neuropeptide signalling studies. Buy VIP (Vasoactive Intestinal Peptide) 2mg online Australia from a trusted supplier committed to research excellence.","<h3>Buy VIP (Vasoactive Intestinal Peptide) 2mg Online Australia | Research Peptides</h3>
<p><strong>For research use only. Not for human consumption.</strong></p>
<p><strong>VIP (Vasoactive Intestinal Peptide) 2mg</strong> serves as a highly selective ligand for receptor binding studies and pathway elucidation. This compound is widely utilised in neuropeptide pharmacology and receptor biology, with growing interest from preclinical and translational research communities worldwide.</p>

<p>Standard reconstitution for research use involves dissolving lyophilised peptide in sterile water to 1 mg/mL. Researchers are advised to follow institutional guidelines and conduct thorough literature review prior to experimental use.</p>

<ul>
    <li>Highly selective ligand for receptor binding studies</li>
    <li>Enables investigation of signal transduction pathways</li>
    <li>Suitable for in-vitro and in-vivo research models</li>
    <li>Stable lyophilised format minimises experimental variability</li>
    <li>High purity ≥98% for reproducible research outcomes</li>
</ul>

<p><strong>Purity:</strong> ≥98% (HPLC verified) | <strong>Format:</strong> Lyophilised powder | <strong>Storage:</strong> Store at −20°C, protect from light and moisture. Stable for 24 months when properly stored.</p>

<p>Alluvia provides Australian researchers with premium-grade VIP (Vasoactive Intestinal Peptide) 2mg — buy online Australia for fast domestic dispatch.</p>",taxable,,1,100,0,0,77.8,,Research Peptides,"VIP (Vasoactive Intestinal Peptide) 2mg, Research Peptides",5,Purity,>98%,1,1
simple,AV-RSC-018,PACAP-27 2mg,1,0,visible,"PACAP-27 2mg is a research-grade research peptides peptide renowned for receptor binding investigations. Available online across Australia, this peptide is supplied at ≥98% purity for reliable results.","<h3>PACAP-27 2mg – High Purity Research Peptides Peptide</h3>
<p><strong>For research use only. Not for human consumption.</strong></p>
<p><strong>PACAP-27 2mg</strong> enables investigation of neuropeptide-mediated signal transduction in cellular assay systems. This compound is widely utilised in peptide biochemistry and signal transduction research, with growing interest from preclinical and translational research communities worldwide.</p>

<p>In vitro assay systems commonly employ peptide concentrations of 1–100 nM for receptor binding studies. Researchers are advised to follow institutional guidelines and conduct thorough literature review prior to experimental use.</p>

<ul>
    <li>Facilitates neuropeptide pharmacology investigations</li>
    <li>Supports biochemical assay development and validation</li>
    <li>Compatible with standard HPLC and mass spec analysis</li>
    <li>Ideal for peptide-receptor kinetics and binding assays</li>
    <li>For research use only — not for human consumption</li>
</ul>

<p><strong>Purity:</strong> ≥98% (HPLC verified) | <strong>Format:</strong> Lyophilised powder | <strong>Storage:</strong> Store at −20°C, protect from light and moisture. Stable for 24 months when properly stored.</p>

<p>Shop PACAP-27 2mg online at Alluvia — trusted by Australian researchers and biohackers seeking the highest purity peptides.</p>",taxable,,1,100,0,0,130.93,,Research Peptides,"PACAP-27 2mg, Research Peptides",5,Purity,>98%,1,1
simple,AV-RSC-019,PACAP-38 2mg,1,0,visible,"High-purity PACAP-38 2mg is a benchmark research peptides compound in the field of biochemical pathway research. Trusted by Australian researchers and biohackers, PACAP-38 2mg is available online with fast local dispatch.","<h3>PACAP-38 2mg for Research Peptides Research | Australia</h3>
<p><strong>For research use only. Not for human consumption.</strong></p>
<p><strong>PACAP-38 2mg</strong> facilitates characterisation of peptide-receptor kinetics in biochemical research settings. This compound is widely utilised in endogenous peptide function and physiology studies, with growing interest from preclinical and translational research communities worldwide.</p>

<p>Research protocols typically prepare stock solutions at 1 mg/mL and dilute to working concentrations as required. Researchers are advised to follow institutional guidelines and conduct thorough literature review prior to experimental use.</p>

<ul>
    <li>Highly selective ligand for receptor binding studies</li>
    <li>Enables investigation of signal transduction pathways</li>
    <li>Suitable for in-vitro and in-vivo research models</li>
    <li>Stable lyophilised format minimises experimental variability</li>
    <li>High purity ≥98% for reproducible research outcomes</li>
</ul>

<p><strong>Purity:</strong> ≥98% (HPLC verified) | <strong>Format:</strong> Lyophilised powder | <strong>Storage:</strong> Store at −20°C, protect from light and moisture. Stable for 24 months when properly stored.</p>

<p>Buy PACAP-38 2mg online in Australia from Alluvia — trusted by Australian researchers and biohackers for quality and purity.</p>",taxable,,1,100,0,0,48.2,,Research Peptides,"PACAP-38 2mg, Research Peptides",5,Purity,>98%,1,1
simple,AV-RSC-020,GLP-1 Analogue Fragment 2mg,1,0,visible,"Used by researchers worldwide, GLP-1 Analogue Fragment 2mg is an advanced research peptides peptide for advanced peptide science exploration. Australian researchers can buy GLP-1 Analogue Fragment 2mg online with confidence, backed by ≥98% purity certification.","<h3>Premium GLP-1 Analogue Fragment 2mg | Research Peptides Australia</h3>
<p><strong>For research use only. Not for human consumption.</strong></p>
<p><strong>GLP-1 Analogue Fragment 2mg</strong> supports mechanistic studies of endogenous peptide function in controlled research environments. This compound is widely utilised in advanced peptide research and drug discovery, with growing interest from preclinical and translational research communities worldwide.</p>

<p>Investigational biochemical assays commonly use 10–1000 nM peptide concentrations to assess receptor kinetics. Researchers are advised to follow institutional guidelines and conduct thorough literature review prior to experimental use.</p>

<ul>
    <li>Facilitates neuropeptide pharmacology investigations</li>
    <li>Supports biochemical assay development and validation</li>
    <li>Compatible with standard HPLC and mass spec analysis</li>
    <li>Ideal for peptide-receptor kinetics and binding assays</li>
    <li>For research use only — not for human consumption</li>
</ul>

<p><strong>Purity:</strong> ≥98% (HPLC verified) | <strong>Format:</strong> Lyophilised powder | <strong>Storage:</strong> Store at −20°C, protect from light and moisture. Stable for 24 months when properly stored.</p>

<p>Order GLP-1 Analogue Fragment 2mg online Australia with confidence from Alluvia, the trusted supplier for Australian researchers and peptide enthusiasts.</p>",taxable,,1,100,0,0,156.29,,Research Peptides,"GLP-1 Analogue Fragment 2mg, Research Peptides",5,Purity,>98%,1,1
simple,AV-RSC-021,Exendin Fragment 2mg,1,0,visible,"Exendin Fragment 2mg is a high-purity research peptides compound offering in-vitro and in-vivo research applications. Available to buy online Australia, Exendin Fragment 2mg meets strict quality standards with ≥98% purity.","<h3>Exendin Fragment 2mg | Research Peptides | Research Grade Australia</h3>
<p><strong>For research use only. Not for human consumption.</strong></p>
<p><strong>Exendin Fragment 2mg</strong> interacts with specific receptor subtypes to modulate intracellular signalling cascades in research models. This compound is widely utilised in neuropeptide pharmacology and receptor biology, with growing interest from preclinical and translational research communities worldwide.</p>

<p>Standard reconstitution for research use involves dissolving lyophilised peptide in sterile water to 1 mg/mL. Researchers are advised to follow institutional guidelines and conduct thorough literature review prior to experimental use.</p>

<ul>
    <li>Highly selective ligand for receptor binding studies</li>
    <li>Enables investigation of signal transduction pathways</li>
    <li>Suitable for in-vitro and in-vivo research models</li>
    <li>Stable lyophilised format minimises experimental variability</li>
    <li>High purity ≥98% for reproducible research outcomes</li>
</ul>

<p><strong>Purity:</strong> ≥98% (HPLC verified) | <strong>Format:</strong> Lyophilised powder | <strong>Storage:</strong> Store at −20°C, protect from light and moisture. Stable for 24 months when properly stored.</p>

<p>Australian researchers and biohackers trust Alluvia for premium Exendin Fragment 2mg — order online today with fast, discreet delivery.</p>",taxable,,1,100,0,0,111.0,,Research Peptides,"Exendin Fragment 2mg, Research Peptides",5,Purity,>98%,1,1
simple,AV-RSC-022,ACTH (4-9) 2mg,1,0,visible,"Discover ACTH (4-9) 2mg, a premium research peptides peptide designed for neuropeptide signalling studies. Buy ACTH (4-9) 2mg online Australia from a trusted supplier committed to research excellence.","<h3>Buy ACTH (4-9) 2mg Online Australia | Research Peptides</h3>
<p><strong>For research use only. Not for human consumption.</strong></p>
<p><strong>ACTH (4-9) 2mg</strong> serves as a highly selective ligand for receptor binding studies and pathway elucidation. This compound is widely utilised in peptide biochemistry and signal transduction research, with growing interest from preclinical and translational research communities worldwide.</p>

<p>In vitro assay systems commonly employ peptide concentrations of 1–100 nM for receptor binding studies. Researchers are advised to follow institutional guidelines and conduct thorough literature review prior to experimental use.</p>

<ul>
    <li>Facilitates neuropeptide pharmacology investigations</li>
    <li>Supports biochemical assay development and validation</li>
    <li>Compatible with standard HPLC and mass spec analysis</li>
    <li>Ideal for peptide-receptor kinetics and binding assays</li>
    <li>For research use only — not for human consumption</li>
</ul>

<p><strong>Purity:</strong> ≥98% (HPLC verified) | <strong>Format:</strong> Lyophilised powder | <strong>Storage:</strong> Store at −20°C, protect from light and moisture. Stable for 24 months when properly stored.</p>

<p>Purchase ACTH (4-9) 2mg from Alluvia, Australia's leading supplier of research-grade peptides — trusted by Australian researchers nationwide.</p>",taxable,,1,100,0,0,132.17,,Research Peptides,"ACTH (4-9) 2mg, Research Peptides",5,Purity,>98%,1,1
simple,AV-RSC-023,ACTH (4-10) 2mg,1,0,visible,"ACTH (4-10) 2mg provides researchers with a potent research peptides agent supporting receptor binding investigations. Available online across Australia, this peptide is supplied at ≥98% purity for reliable results.","<h3>ACTH (4-10) 2mg – High Purity Research Peptides Peptide</h3>
<p><strong>For research use only. Not for human consumption.</strong></p>
<p><strong>ACTH (4-10) 2mg</strong> enables investigation of neuropeptide-mediated signal transduction in cellular assay systems. This compound is widely utilised in endogenous peptide function and physiology studies, with growing interest from preclinical and translational research communities worldwide.</p>

<p>Research protocols typically prepare stock solutions at 1 mg/mL and dilute to working concentrations as required. Researchers are advised to follow institutional guidelines and conduct thorough literature review prior to experimental use.</p>

<ul>
    <li>Highly selective ligand for receptor binding studies</li>
    <li>Enables investigation of signal transduction pathways</li>
    <li>Suitable for in-vitro and in-vivo research models</li>
    <li>Stable lyophilised format minimises experimental variability</li>
    <li>High purity ≥98% for reproducible research outcomes</li>
</ul>

<p><strong>Purity:</strong> ≥98% (HPLC verified) | <strong>Format:</strong> Lyophilised powder | <strong>Storage:</strong> Store at −20°C, protect from light and moisture. Stable for 24 months when properly stored.</p>

<p>Alluvia provides Australian researchers with premium-grade ACTH (4-10) 2mg — buy online Australia for fast domestic dispatch.</p>",taxable,,1,100,0,0,134.81,,Research Peptides,"ACTH (4-10) 2mg, Research Peptides",5,Purity,>98%,1,1
simple,AV-RSC-024,ACTH (7-38) 2mg,1,0,visible,"A leading research peptides compound, ACTH (7-38) 2mg is valued for its role in biochemical pathway research. Trusted by Australian researchers and biohackers, ACTH (7-38) 2mg is available online with fast local dispatch.","<h3>ACTH (7-38) 2mg for Research Peptides Research | Australia</h3>
<p><strong>For research use only. Not for human consumption.</strong></p>
<p><strong>ACTH (7-38) 2mg</strong> facilitates characterisation of peptide-receptor kinetics in biochemical research settings. This compound is widely utilised in advanced peptide research and drug discovery, with growing interest from preclinical and translational research communities worldwide.</p>

<p>Investigational biochemical assays commonly use 10–1000 nM peptide concentrations to assess receptor kinetics. Researchers are advised to follow institutional guidelines and conduct thorough literature review prior to experimental use.</p>

<ul>
    <li>Facilitates neuropeptide pharmacology investigations</li>
    <li>Supports biochemical assay development and validation</li>
    <li>Compatible with standard HPLC and mass spec analysis</li>
    <li>Ideal for peptide-receptor kinetics and binding assays</li>
    <li>For research use only — not for human consumption</li>
</ul>

<p><strong>Purity:</strong> ≥98% (HPLC verified) | <strong>Format:</strong> Lyophilised powder | <strong>Storage:</strong> Store at −20°C, protect from light and moisture. Stable for 24 months when properly stored.</p>

<p>Shop ACTH (7-38) 2mg online at Alluvia — trusted by Australian researchers and biohackers seeking the highest purity peptides.</p>",taxable,,1,100,0,0,126.46,,Research Peptides,"ACTH (7-38) 2mg, Research Peptides",5,Purity,>98%,1,1
simple,AV-RSC-025,MSH Release Inhibiting Factor 2mg,1,0,visible,"MSH Release Inhibiting Factor 2mg stands out among research peptides products for its proven role in advanced peptide science exploration. Australian researchers can buy MSH Release Inhibiting Factor 2mg online with confidence, backed by ≥98% purity certification.","<h3>Premium MSH Release Inhibiting Factor 2mg | Research Peptides Australia</h3>
<p><strong>For research use only. Not for human consumption.</strong></p>
<p><strong>MSH Release Inhibiting Factor 2mg</strong> supports mechanistic studies of endogenous peptide function in controlled research environments. This compound is widely utilised in neuropeptide pharmacology and receptor biology, with growing interest from preclinical and translational research communities worldwide.</p>

<p>Standard reconstitution for research use involves dissolving lyophilised peptide in sterile water to 1 mg/mL. Researchers are advised to follow institutional guidelines and conduct thorough literature review prior to experimental use.</p>

<ul>
    <li>Highly selective ligand for receptor binding studies</li>
    <li>Enables investigation of signal transduction pathways</li>
    <li>Suitable for in-vitro and in-vivo research models</li>
    <li>Stable lyophilised format minimises experimental variability</li>
    <li>High purity ≥98% for reproducible research outcomes</li>
</ul>

<p><strong>Purity:</strong> ≥98% (HPLC verified) | <strong>Format:</strong> Lyophilised powder | <strong>Storage:</strong> Store at −20°C, protect from light and moisture. Stable for 24 months when properly stored.</p>

<p>Buy MSH Release Inhibiting Factor 2mg online in Australia from Alluvia — trusted by Australian researchers and biohackers for quality and purity.</p>",taxable,,1,100,0,0,90.61,,Research Peptides,"MSH Release Inhibiting Factor 2mg, Research Peptides",5,Purity,>98%,1,1
simple,AV-RSC-026,Thyrotropin-Releasing Hormone (TRH) 50mg,1,0,visible,"Sourced to rigorous standards, Thyrotropin-Releasing Hormone (TRH) 50mg is a trusted research peptides peptide for in-vitro and in-vivo research applications. Available to buy online Australia, Thyrotropin-Releasing Hormone (TRH) 50mg meets strict quality standards with ≥98% purity.","<h3>Thyrotropin-Releasing Hormone (TRH) 50mg | Research Peptides | Research Grade Australia</h3>
<p><strong>For research use only. Not for human consumption.</strong></p>
<p><strong>Thyrotropin-Releasing Hormone (TRH) 50mg</strong> interacts with specific receptor subtypes to modulate intracellular signalling cascades in research models. This compound is widely utilised in peptide biochemistry and signal transduction research, with growing interest from preclinical and translational research communities worldwide.</p>

<p>In vitro assay systems commonly employ peptide concentrations of 1–100 nM for receptor binding studies. Researchers are advised to follow institutional guidelines and conduct thorough literature review prior to experimental use.</p>

<ul>
    <li>Facilitates neuropeptide pharmacology investigations</li>
    <li>Supports biochemical assay development and validation</li>
    <li>Compatible with standard HPLC and mass spec analysis</li>
    <li>Ideal for peptide-receptor kinetics and binding assays</li>
    <li>For research use only — not for human consumption</li>
</ul>

<p><strong>Purity:</strong> ≥98% (HPLC verified) | <strong>Format:</strong> Lyophilised powder | <strong>Storage:</strong> Store at −20°C, protect from light and moisture. Stable for 24 months when properly stored.</p>

<p>Order Thyrotropin-Releasing Hormone (TRH) 50mg online Australia with confidence from Alluvia, the trusted supplier for Australian researchers and peptide enthusiasts.</p>",taxable,,1,100,0,0,56.19,,Research Peptides,"Thyrotropin-Releasing Hormone (TRH) 50mg, Research Peptides",5,Purity,>98%,1,1
simple,AV-RSC-027,CRH (Corticotropin-Releasing Hormone) 2mg,1,0,visible,"For those seeking quality research peptides solutions, CRH (Corticotropin-Releasing Hormone) 2mg delivers outstanding neuropeptide signalling studies. Buy CRH (Corticotropin-Releasing Hormone) 2mg online Australia from a trusted supplier committed to research excellence.","<h3>Buy CRH (Corticotropin-Releasing Hormone) 2mg Online Australia | Research Peptides</h3>
<p><strong>For research use only. Not for human consumption.</strong></p>
<p><strong>CRH (Corticotropin-Releasing Hormone) 2mg</strong> serves as a highly selective ligand for receptor binding studies and pathway elucidation. This compound is widely utilised in endogenous peptide function and physiology studies, with growing interest from preclinical and translational research communities worldwide.</p>

<p>Research protocols typically prepare stock solutions at 1 mg/mL and dilute to working concentrations as required. Researchers are advised to follow institutional guidelines and conduct thorough literature review prior to experimental use.</p>

<ul>
    <li>Highly selective ligand for receptor binding studies</li>
    <li>Enables investigation of signal transduction pathways</li>
    <li>Suitable for in-vitro and in-vivo research models</li>
    <li>Stable lyophilised format minimises experimental variability</li>
    <li>High purity ≥98% for reproducible research outcomes</li>
</ul>

<p><strong>Purity:</strong> ≥98% (HPLC verified) | <strong>Format:</strong> Lyophilised powder | <strong>Storage:</strong> Store at −20°C, protect from light and moisture. Stable for 24 months when properly stored.</p>

<p>Australian researchers and biohackers trust Alluvia for premium CRH (Corticotropin-Releasing Hormone) 2mg — order online today with fast, discreet delivery.</p>",taxable,,1,100,0,0,125.72,,Research Peptides,"CRH (Corticotropin-Releasing Hormone) 2mg, Research Peptides",5,Purity,>98%,1,1
simple,AV-RSC-028,Urocortin 2mg,1,0,visible,"Urocortin 2mg is a research-grade research peptides peptide renowned for receptor binding investigations. Available online across Australia, this peptide is supplied at ≥98% purity for reliable results.","<h3>Urocortin 2mg – High Purity Research Peptides Peptide</h3>
<p><strong>For research use only. Not for human consumption.</strong></p>
<p><strong>Urocortin 2mg</strong> enables investigation of neuropeptide-mediated signal transduction in cellular assay systems. This compound is widely utilised in advanced peptide research and drug discovery, with growing interest from preclinical and translational research communities worldwide.</p>

<p>Investigational biochemical assays commonly use 10–1000 nM peptide concentrations to assess receptor kinetics. Researchers are advised to follow institutional guidelines and conduct thorough literature review prior to experimental use.</p>

<ul>
    <li>Facilitates neuropeptide pharmacology investigations</li>
    <li>Supports biochemical assay development and validation</li>
    <li>Compatible with standard HPLC and mass spec analysis</li>
    <li>Ideal for peptide-receptor kinetics and binding assays</li>
    <li>For research use only — not for human consumption</li>
</ul>

<p><strong>Purity:</strong> ≥98% (HPLC verified) | <strong>Format:</strong> Lyophilised powder | <strong>Storage:</strong> Store at −20°C, protect from light and moisture. Stable for 24 months when properly stored.</p>

<p>Purchase Urocortin 2mg from Alluvia, Australia's leading supplier of research-grade peptides — trusted by Australian researchers nationwide.</p>",taxable,,1,100,0,0,86.63,,Research Peptides,"Urocortin 2mg, Research Peptides",5,Purity,>98%,1,1
simple,AV-RSC-029,Stresscopin 2mg,1,0,visible,"High-purity Stresscopin 2mg is a benchmark research peptides compound in the field of biochemical pathway research. Trusted by Australian researchers and biohackers, Stresscopin 2mg is available online with fast local dispatch.","<h3>Stresscopin 2mg for Research Peptides Research | Australia</h3>
<p><strong>For research use only. Not for human consumption.</strong></p>
<p><strong>Stresscopin 2mg</strong> facilitates characterisation of peptide-receptor kinetics in biochemical research settings. This compound is widely utilised in neuropeptide pharmacology and receptor biology, with growing interest from preclinical and translational research communities worldwide.</p>

<p>Standard reconstitution for research use involves dissolving lyophilised peptide in sterile water to 1 mg/mL. Researchers are advised to follow institutional guidelines and conduct thorough literature review prior to experimental use.</p>

<ul>
    <li>Highly selective ligand for receptor binding studies</li>
    <li>Enables investigation of signal transduction pathways</li>
    <li>Suitable for in-vitro and in-vivo research models</li>
    <li>Stable lyophilised format minimises experimental variability</li>
    <li>High purity ≥98% for reproducible research outcomes</li>
</ul>

<p><strong>Purity:</strong> ≥98% (HPLC verified) | <strong>Format:</strong> Lyophilised powder | <strong>Storage:</strong> Store at −20°C, protect from light and moisture. Stable for 24 months when properly stored.</p>

<p>Alluvia provides Australian researchers with premium-grade Stresscopin 2mg — buy online Australia for fast domestic dispatch.</p>",taxable,,1,100,0,0,84.73,,Research Peptides,"Stresscopin 2mg, Research Peptides",5,Purity,>98%,1,1
simple,AV-RSC-030,Nociceptin (Orphanin FQ) 2mg,1,0,visible,"Used by researchers worldwide, Nociceptin (Orphanin FQ) 2mg is an advanced research peptides peptide for advanced peptide science exploration. Australian researchers can buy Nociceptin (Orphanin FQ) 2mg online with confidence, backed by ≥98% purity certification.","<h3>Premium Nociceptin (Orphanin FQ) 2mg | Research Peptides Australia</h3>
<p><strong>For research use only. Not for human consumption.</strong></p>
<p><strong>Nociceptin (Orphanin FQ) 2mg</strong> supports mechanistic studies of endogenous peptide function in controlled research environments. This compound is widely utilised in peptide biochemistry and signal transduction research, with growing interest from preclinical and translational research communities worldwide.</p>

<p>In vitro assay systems commonly employ peptide concentrations of 1–100 nM for receptor binding studies. Researchers are advised to follow institutional guidelines and conduct thorough literature review prior to experimental use.</p>

<ul>
    <li>Facilitates neuropeptide pharmacology investigations</li>
    <li>Supports biochemical assay development and validation</li>
    <li>Compatible with standard HPLC and mass spec analysis</li>
    <li>Ideal for peptide-receptor kinetics and binding assays</li>
    <li>For research use only — not for human consumption</li>
</ul>

<p><strong>Purity:</strong> ≥98% (HPLC verified) | <strong>Format:</strong> Lyophilised powder | <strong>Storage:</strong> Store at −20°C, protect from light and moisture. Stable for 24 months when properly stored.</p>

<p>Shop Nociceptin (Orphanin FQ) 2mg online at Alluvia — trusted by Australian researchers and biohackers seeking the highest purity peptides.</p>",taxable,,1,100,0,0,147.22,,Research Peptides,"Nociceptin (Orphanin FQ) 2mg, Research Peptides",5,Purity,>98%,1,1
simple,AV-RSC-031,Dynorphin A 2mg,1,0,visible,"Dynorphin A 2mg is a high-purity research peptides compound offering in-vitro and in-vivo research applications. Available to buy online Australia, Dynorphin A 2mg meets strict quality standards with ≥98% purity.","<h3>Dynorphin A 2mg | Research Peptides | Research Grade Australia</h3>
<p><strong>For research use only. Not for human consumption.</strong></p>
<p><strong>Dynorphin A 2mg</strong> interacts with specific receptor subtypes to modulate intracellular signalling cascades in research models. This compound is widely utilised in endogenous peptide function and physiology studies, with growing interest from preclinical and translational research communities worldwide.</p>

<p>Research protocols typically prepare stock solutions at 1 mg/mL and dilute to working concentrations as required. Researchers are advised to follow institutional guidelines and conduct thorough literature review prior to experimental use.</p>

<ul>
    <li>Highly selective ligand for receptor binding studies</li>
    <li>Enables investigation of signal transduction pathways</li>
    <li>Suitable for in-vitro and in-vivo research models</li>
    <li>Stable lyophilised format minimises experimental variability</li>
    <li>High purity ≥98% for reproducible research outcomes</li>
</ul>

<p><strong>Purity:</strong> ≥98% (HPLC verified) | <strong>Format:</strong> Lyophilised powder | <strong>Storage:</strong> Store at −20°C, protect from light and moisture. Stable for 24 months when properly stored.</p>

<p>Buy Dynorphin A 2mg online in Australia from Alluvia — trusted by Australian researchers and biohackers for quality and purity.</p>",taxable,,1,100,0,0,132.21,,Research Peptides,"Dynorphin A 2mg, Research Peptides",5,Purity,>98%,1,1
simple,AV-RSC-032,Enkephalin (Leu) 10mg,1,0,visible,"Discover Enkephalin (Leu) 10mg, a premium research peptides peptide designed for neuropeptide signalling studies. Buy Enkephalin (Leu) 10mg online Australia from a trusted supplier committed to research excellence.","<h3>Buy Enkephalin (Leu) 10mg Online Australia | Research Peptides</h3>
<p><strong>For research use only. Not for human consumption.</strong></p>
<p><strong>Enkephalin (Leu) 10mg</strong> serves as a highly selective ligand for receptor binding studies and pathway elucidation. This compound is widely utilised in advanced peptide research and drug discovery, with growing interest from preclinical and translational research communities worldwide.</p>

<p>Investigational biochemical assays commonly use 10–1000 nM peptide concentrations to assess receptor kinetics. Researchers are advised to follow institutional guidelines and conduct thorough literature review prior to experimental use.</p>

<ul>
    <li>Facilitates neuropeptide pharmacology investigations</li>
    <li>Supports biochemical assay development and validation</li>
    <li>Compatible with standard HPLC and mass spec analysis</li>
    <li>Ideal for peptide-receptor kinetics and binding assays</li>
    <li>For research use only — not for human consumption</li>
</ul>

<p><strong>Purity:</strong> ≥98% (HPLC verified) | <strong>Format:</strong> Lyophilised powder | <strong>Storage:</strong> Store at −20°C, protect from light and moisture. Stable for 24 months when properly stored.</p>

<p>Order Enkephalin (Leu) 10mg online Australia with confidence from Alluvia, the trusted supplier for Australian researchers and peptide enthusiasts.</p>",taxable,,1,100,0,0,83.14,,Research Peptides,"Enkephalin (Leu) 10mg, Research Peptides",5,Purity,>98%,1,1
simple,AV-RSC-033,Enkephalin (Met) 10mg,1,0,visible,"Enkephalin (Met) 10mg provides researchers with a potent research peptides agent supporting receptor binding investigations. Available online across Australia, this peptide is supplied at ≥98% purity for reliable results.","<h3>Enkephalin (Met) 10mg – High Purity Research Peptides Peptide</h3>
<p><strong>For research use only. Not for human consumption.</strong></p>
<p><strong>Enkephalin (Met) 10mg</strong> enables investigation of neuropeptide-mediated signal transduction in cellular assay systems. This compound is widely utilised in neuropeptide pharmacology and receptor biology, with growing interest from preclinical and translational research communities worldwide.</p>

<p>Standard reconstitution for research use involves dissolving lyophilised peptide in sterile water to 1 mg/mL. Researchers are advised to follow institutional guidelines and conduct thorough literature review prior to experimental use.</p>

<ul>
    <li>Highly selective ligand for receptor binding studies</li>
    <li>Enables investigation of signal transduction pathways</li>
    <li>Suitable for in-vitro and in-vivo research models</li>
    <li>Stable lyophilised format minimises experimental variability</li>
    <li>High purity ≥98% for reproducible research outcomes</li>
</ul>

<p><strong>Purity:</strong> ≥98% (HPLC verified) | <strong>Format:</strong> Lyophilised powder | <strong>Storage:</strong> Store at −20°C, protect from light and moisture. Stable for 24 months when properly stored.</p>

<p>Australian researchers and biohackers trust Alluvia for premium Enkephalin (Met) 10mg — order online today with fast, discreet delivery.</p>",taxable,,1,100,0,0,84.19,,Research Peptides,"Enkephalin (Met) 10mg, Research Peptides",5,Purity,>98%,1,1
simple,AV-RSC-034,Substance P 5mg,1,0,visible,"A leading research peptides compound, Substance P 5mg is valued for its role in biochemical pathway research. Trusted by Australian researchers and biohackers, Substance P 5mg is available online with fast local dispatch.","<h3>Substance P 5mg for Research Peptides Research | Australia</h3>
<p><strong>For research use only. Not for human consumption.</strong></p>
<p><strong>Substance P 5mg</strong> facilitates characterisation of peptide-receptor kinetics in biochemical research settings. This compound is widely utilised in peptide biochemistry and signal transduction research, with growing interest from preclinical and translational research communities worldwide.</p>

<p>In vitro assay systems commonly employ peptide concentrations of 1–100 nM for receptor binding studies. Researchers are advised to follow institutional guidelines and conduct thorough literature review prior to experimental use.</p>

<ul>
    <li>Facilitates neuropeptide pharmacology investigations</li>
    <li>Supports biochemical assay development and validation</li>
    <li>Compatible with standard HPLC and mass spec analysis</li>
    <li>Ideal for peptide-receptor kinetics and binding assays</li>
    <li>For research use only — not for human consumption</li>
</ul>

<p><strong>Purity:</strong> ≥98% (HPLC verified) | <strong>Format:</strong> Lyophilised powder | <strong>Storage:</strong> Store at −20°C, protect from light and moisture. Stable for 24 months when properly stored.</p>

<p>Purchase Substance P 5mg from Alluvia, Australia's leading supplier of research-grade peptides — trusted by Australian researchers nationwide.</p>",taxable,,1,100,0,0,95.78,,Research Peptides,"Substance P 5mg, Research Peptides",5,Purity,>98%,1,1
simple,AV-RSC-035,Neurotensin 5mg,1,0,visible,"Neurotensin 5mg stands out among research peptides products for its proven role in advanced peptide science exploration. Australian researchers can buy Neurotensin 5mg online with confidence, backed by ≥98% purity certification.","<h3>Premium Neurotensin 5mg | Research Peptides Australia</h3>
<p><strong>For research use only. Not for human consumption.</strong></p>
<p><strong>Neurotensin 5mg</strong> supports mechanistic studies of endogenous peptide function in controlled research environments. This compound is widely utilised in endogenous peptide function and physiology studies, with growing interest from preclinical and translational research communities worldwide.</p>

<p>Research protocols typically prepare stock solutions at 1 mg/mL and dilute to working concentrations as required. Researchers are advised to follow institutional guidelines and conduct thorough literature review prior to experimental use.</p>

<ul>
    <li>Highly selective ligand for receptor binding studies</li>
    <li>Enables investigation of signal transduction pathways</li>
    <li>Suitable for in-vitro and in-vivo research models</li>
    <li>Stable lyophilised format minimises experimental variability</li>
    <li>High purity ≥98% for reproducible research outcomes</li>
</ul>

<p><strong>Purity:</strong> ≥98% (HPLC verified) | <strong>Format:</strong> Lyophilised powder | <strong>Storage:</strong> Store at −20°C, protect from light and moisture. Stable for 24 months when properly stored.</p>

<p>Alluvia provides Australian researchers with premium-grade Neurotensin 5mg — buy online Australia for fast domestic dispatch.</p>",taxable,,1,100,0,0,95.08,,Research Peptides,"Neurotensin 5mg, Research Peptides",5,Purity,>98%,1,1
simple,AV-RSC-036,Angiotensin II 5mg,1,0,visible,"Sourced to rigorous standards, Angiotensin II 5mg is a trusted research peptides peptide for in-vitro and in-vivo research applications. Available to buy online Australia, Angiotensin II 5mg meets strict quality standards with ≥98% purity.","<h3>Angiotensin II 5mg | Research Peptides | Research Grade Australia</h3>
<p><strong>For research use only. Not for human consumption.</strong></p>
<p><strong>Angiotensin II 5mg</strong> interacts with specific receptor subtypes to modulate intracellular signalling cascades in research models. This compound is widely utilised in advanced peptide research and drug discovery, with growing interest from preclinical and translational research communities worldwide.</p>

<p>Investigational biochemical assays commonly use 10–1000 nM peptide concentrations to assess receptor kinetics. Researchers are advised to follow institutional guidelines and conduct thorough literature review prior to experimental use.</p>

<ul>
    <li>Facilitates neuropeptide pharmacology investigations</li>
    <li>Supports biochemical assay development and validation</li>
    <li>Compatible with standard HPLC and mass spec analysis</li>
    <li>Ideal for peptide-receptor kinetics and binding assays</li>
    <li>For research use only — not for human consumption</li>
</ul>

<p><strong>Purity:</strong> ≥98% (HPLC verified) | <strong>Format:</strong> Lyophilised powder | <strong>Storage:</strong> Store at −20°C, protect from light and moisture. Stable for 24 months when properly stored.</p>

<p>Shop Angiotensin II 5mg online at Alluvia — trusted by Australian researchers and biohackers seeking the highest purity peptides.</p>",taxable,,1,100,0,0,82.59,,Research Peptides,"Angiotensin II 5mg, Research Peptides",5,Purity,>98%,1,1
simple,AV-RSC-037,Angiotensin III 5mg,1,0,visible,"For those seeking quality research peptides solutions, Angiotensin III 5mg delivers outstanding neuropeptide signalling studies. Buy Angiotensin III 5mg online Australia from a trusted supplier committed to research excellence.","<h3>Buy Angiotensin III 5mg Online Australia | Research Peptides</h3>
<p><strong>For research use only. Not for human consumption.</strong></p>
<p><strong>Angiotensin III 5mg</strong> serves as a highly selective ligand for receptor binding studies and pathway elucidation. This compound is widely utilised in neuropeptide pharmacology and receptor biology, with growing interest from preclinical and translational research communities worldwide.</p>

<p>Standard reconstitution for research use involves dissolving lyophilised peptide in sterile water to 1 mg/mL. Researchers are advised to follow institutional guidelines and conduct thorough literature review prior to experimental use.</p>

<ul>
    <li>Highly selective ligand for receptor binding studies</li>
    <li>Enables investigation of signal transduction pathways</li>
    <li>Suitable for in-vitro and in-vivo research models</li>
    <li>Stable lyophilised format minimises experimental variability</li>
    <li>High purity ≥98% for reproducible research outcomes</li>
</ul>

<p><strong>Purity:</strong> ≥98% (HPLC verified) | <strong>Format:</strong> Lyophilised powder | <strong>Storage:</strong> Store at −20°C, protect from light and moisture. Stable for 24 months when properly stored.</p>

<p>Buy Angiotensin III 5mg online in Australia from Alluvia — trusted by Australian researchers and biohackers for quality and purity.</p>",taxable,,1,100,0,0,62.89,,Research Peptides,"Angiotensin III 5mg, Research Peptides",5,Purity,>98%,1,1
simple,AV-RSC-038,Bradykinin 5mg,1,0,visible,"Bradykinin 5mg is a research-grade research peptides peptide renowned for receptor binding investigations. Available online across Australia, this peptide is supplied at ≥98% purity for reliable results.","<h3>Bradykinin 5mg – High Purity Research Peptides Peptide</h3>
<p><strong>For research use only. Not for human consumption.</strong></p>
<p><strong>Bradykinin 5mg</strong> enables investigation of neuropeptide-mediated signal transduction in cellular assay systems. This compound is widely utilised in peptide biochemistry and signal transduction research, with growing interest from preclinical and translational research communities worldwide.</p>

<p>In vitro assay systems commonly employ peptide concentrations of 1–100 nM for receptor binding studies. Researchers are advised to follow institutional guidelines and conduct thorough literature review prior to experimental use.</p>

<ul>
    <li>Facilitates neuropeptide pharmacology investigations</li>
    <li>Supports biochemical assay development and validation</li>
    <li>Compatible with standard HPLC and mass spec analysis</li>
    <li>Ideal for peptide-receptor kinetics and binding assays</li>
    <li>For research use only — not for human consumption</li>
</ul>

<p><strong>Purity:</strong> ≥98% (HPLC verified) | <strong>Format:</strong> Lyophilised powder | <strong>Storage:</strong> Store at −20°C, protect from light and moisture. Stable for 24 months when properly stored.</p>

<p>Order Bradykinin 5mg online Australia with confidence from Alluvia, the trusted supplier for Australian researchers and peptide enthusiasts.</p>",taxable,,1,100,0,0,97.19,,Research Peptides,"Bradykinin 5mg, Research Peptides",5,Purity,>98%,1,1
simple,AV-RSC-039,Kallidin 5mg,1,0,visible,"High-purity Kallidin 5mg is a benchmark research peptides compound in the field of biochemical pathway research. Trusted by Australian researchers and biohackers, Kallidin 5mg is available online with fast local dispatch.","<h3>Kallidin 5mg for Research Peptides Research | Australia</h3>
<p><strong>For research use only. Not for human consumption.</strong></p>
<p><strong>Kallidin 5mg</strong> facilitates characterisation of peptide-receptor kinetics in biochemical research settings. This compound is widely utilised in endogenous peptide function and physiology studies, with growing interest from preclinical and translational research communities worldwide.</p>

<p>Research protocols typically prepare stock solutions at 1 mg/mL and dilute to working concentrations as required. Researchers are advised to follow institutional guidelines and conduct thorough literature review prior to experimental use.</p>

<ul>
    <li>Highly selective ligand for receptor binding studies</li>
    <li>Enables investigation of signal transduction pathways</li>
    <li>Suitable for in-vitro and in-vivo research models</li>
    <li>Stable lyophilised format minimises experimental variability</li>
    <li>High purity ≥98% for reproducible research outcomes</li>
</ul>

<p><strong>Purity:</strong> ≥98% (HPLC verified) | <strong>Format:</strong> Lyophilised powder | <strong>Storage:</strong> Store at −20°C, protect from light and moisture. Stable for 24 months when properly stored.</p>

<p>Australian researchers and biohackers trust Alluvia for premium Kallidin 5mg — order online today with fast, discreet delivery.</p>",taxable,,1,100,0,0,158.02,,Research Peptides,"Kallidin 5mg, Research Peptides",5,Purity,>98%,1,1
simple,AV-RSC-040,Oxytocin 2mg,1,0,visible,"Used by researchers worldwide, Oxytocin 2mg is an advanced research peptides peptide for advanced peptide science exploration. Australian researchers can buy Oxytocin 2mg online with confidence, backed by ≥98% purity certification.","<h3>Premium Oxytocin 2mg | Research Peptides Australia</h3>
<p><strong>For research use only. Not for human consumption.</strong></p>
<p><strong>Oxytocin 2mg</strong> supports mechanistic studies of endogenous peptide function in controlled research environments. This compound is widely utilised in advanced peptide research and drug discovery, with growing interest from preclinical and translational research communities worldwide.</p>

<p>Investigational biochemical assays commonly use 10–1000 nM peptide concentrations to assess receptor kinetics. Researchers are advised to follow institutional guidelines and conduct thorough literature review prior to experimental use.</p>

<ul>
    <li>Facilitates neuropeptide pharmacology investigations</li>
    <li>Supports biochemical assay development and validation</li>
    <li>Compatible with standard HPLC and mass spec analysis</li>
    <li>Ideal for peptide-receptor kinetics and binding assays</li>
    <li>For research use only — not for human consumption</li>
</ul>

<p><strong>Purity:</strong> ≥98% (HPLC verified) | <strong>Format:</strong> Lyophilised powder | <strong>Storage:</strong> Store at −20°C, protect from light and moisture. Stable for 24 months when properly stored.</p>

<p>Purchase Oxytocin 2mg from Alluvia, Australia's leading supplier of research-grade peptides — trusted by Australian researchers nationwide.</p>",taxable,,1,100,0,0,127.25,,Research Peptides,"Oxytocin 2mg, Research Peptides",5,Purity,>98%,1,1
simple,AV-RSC-041,Vasopressin (AVP) 2mg,1,0,visible,"Vasopressin (AVP) 2mg is a high-purity research peptides compound offering in-vitro and in-vivo research applications. Available to buy online Australia, Vasopressin (AVP) 2mg meets strict quality standards with ≥98% purity.","<h3>Vasopressin (AVP) 2mg | Research Peptides | Research Grade Australia</h3>
<p><strong>For research use only. Not for human consumption.</strong></p>
<p><strong>Vasopressin (AVP) 2mg</strong> interacts with specific receptor subtypes to modulate intracellular signalling cascades in research models. This compound is widely utilised in neuropeptide pharmacology and receptor biology, with growing interest from preclinical and translational research communities worldwide.</p>

<p>Standard reconstitution for research use involves dissolving lyophilised peptide in sterile water to 1 mg/mL. Researchers are advised to follow institutional guidelines and conduct thorough literature review prior to experimental use.</p>

<ul>
    <li>Highly selective ligand for receptor binding studies</li>
    <li>Enables investigation of signal transduction pathways</li>
    <li>Suitable for in-vitro and in-vivo research models</li>
    <li>Stable lyophilised format minimises experimental variability</li>
    <li>High purity ≥98% for reproducible research outcomes</li>
</ul>

<p><strong>Purity:</strong> ≥98% (HPLC verified) | <strong>Format:</strong> Lyophilised powder | <strong>Storage:</strong> Store at −20°C, protect from light and moisture. Stable for 24 months when properly stored.</p>

<p>Alluvia provides Australian researchers with premium-grade Vasopressin (AVP) 2mg — buy online Australia for fast domestic dispatch.</p>",taxable,,1,100,0,0,153.63,,Research Peptides,"Vasopressin (AVP) 2mg, Research Peptides",5,Purity,>98%,1,1
simple,AV-RSC-042,dDAVP (Desmopressin) 2mg,1,0,visible,"Discover dDAVP (Desmopressin) 2mg, a premium research peptides peptide designed for neuropeptide signalling studies. Buy dDAVP (Desmopressin) 2mg online Australia from a trusted supplier committed to research excellence.","<h3>Buy dDAVP (Desmopressin) 2mg Online Australia | Research Peptides</h3>
<p><strong>For research use only. Not for human consumption.</strong></p>
<p><strong>dDAVP (Desmopressin) 2mg</strong> serves as a highly selective ligand for receptor binding studies and pathway elucidation. This compound is widely utilised in peptide biochemistry and signal transduction research, with growing interest from preclinical and translational research communities worldwide.</p>

<p>In vitro assay systems commonly employ peptide concentrations of 1–100 nM for receptor binding studies. Researchers are advised to follow institutional guidelines and conduct thorough literature review prior to experimental use.</p>

<ul>
    <li>Facilitates neuropeptide pharmacology investigations</li>
    <li>Supports biochemical assay development and validation</li>
    <li>Compatible with standard HPLC and mass spec analysis</li>
    <li>Ideal for peptide-receptor kinetics and binding assays</li>
    <li>For research use only — not for human consumption</li>
</ul>

<p><strong>Purity:</strong> ≥98% (HPLC verified) | <strong>Format:</strong> Lyophilised powder | <strong>Storage:</strong> Store at −20°C, protect from light and moisture. Stable for 24 months when properly stored.</p>

<p>Shop dDAVP (Desmopressin) 2mg online at Alluvia — trusted by Australian researchers and biohackers seeking the highest purity peptides.</p>",taxable,,1,100,0,0,120.02,,Research Peptides,"dDAVP (Desmopressin) 2mg, Research Peptides",5,Purity,>98%,1,1
simple,AV-RSC-043,Melanocyte-Inhibiting Factor (MIF-1) 5mg,1,0,visible,"Melanocyte-Inhibiting Factor (MIF-1) 5mg provides researchers with a potent research peptides agent supporting receptor binding investigations. Available online across Australia, this peptide is supplied at ≥98% purity for reliable results.","<h3>Melanocyte-Inhibiting Factor (MIF-1) 5mg – High Purity Research Peptides Peptide</h3>
<p><strong>For research use only. Not for human consumption.</strong></p>
<p><strong>Melanocyte-Inhibiting Factor (MIF-1) 5mg</strong> enables investigation of neuropeptide-mediated signal transduction in cellular assay systems. This compound is widely utilised in endogenous peptide function and physiology studies, with growing interest from preclinical and translational research communities worldwide.</p>

<p>Research protocols typically prepare stock solutions at 1 mg/mL and dilute to working concentrations as required. Researchers are advised to follow institutional guidelines and conduct thorough literature review prior to experimental use.</p>

<ul>
    <li>Highly selective ligand for receptor binding studies</li>
    <li>Enables investigation of signal transduction pathways</li>
    <li>Suitable for in-vitro and in-vivo research models</li>
    <li>Stable lyophilised format minimises experimental variability</li>
    <li>High purity ≥98% for reproducible research outcomes</li>
</ul>

<p><strong>Purity:</strong> ≥98% (HPLC verified) | <strong>Format:</strong> Lyophilised powder | <strong>Storage:</strong> Store at −20°C, protect from light and moisture. Stable for 24 months when properly stored.</p>

<p>Buy Melanocyte-Inhibiting Factor (MIF-1) 5mg online in Australia from Alluvia — trusted by Australian researchers and biohackers for quality and purity.</p>",taxable,,1,100,0,0,83.21,,Research Peptides,"Melanocyte-Inhibiting Factor (MIF-1) 5mg, Research Peptides",5,Purity,>98%,1,1
simple,AV-RSC-044,Melanostatin (PLG) 5mg,1,0,visible,"A leading research peptides compound, Melanostatin (PLG) 5mg is valued for its role in biochemical pathway research. Trusted by Australian researchers and biohackers, Melanostatin (PLG) 5mg is available online with fast local dispatch.","<h3>Melanostatin (PLG) 5mg for Research Peptides Research | Australia</h3>
<p><strong>For research use only. Not for human consumption.</strong></p>
<p><strong>Melanostatin (PLG) 5mg</strong> facilitates characterisation of peptide-receptor kinetics in biochemical research settings. This compound is widely utilised in advanced peptide research and drug discovery, with growing interest from preclinical and translational research communities worldwide.</p>

<p>Investigational biochemical assays commonly use 10–1000 nM peptide concentrations to assess receptor kinetics. Researchers are advised to follow institutional guidelines and conduct thorough literature review prior to experimental use.</p>

<ul>
    <li>Facilitates neuropeptide pharmacology investigations</li>
    <li>Supports biochemical assay development and validation</li>
    <li>Compatible with standard HPLC and mass spec analysis</li>
    <li>Ideal for peptide-receptor kinetics and binding assays</li>
    <li>For research use only — not for human consumption</li>
</ul>

<p><strong>Purity:</strong> ≥98% (HPLC verified) | <strong>Format:</strong> Lyophilised powder | <strong>Storage:</strong> Store at −20°C, protect from light and moisture. Stable for 24 months when properly stored.</p>

<p>Order Melanostatin (PLG) 5mg online Australia with confidence from Alluvia, the trusted supplier for Australian researchers and peptide enthusiasts.</p>",taxable,,1,100,0,0,112.11,,Research Peptides,"Melanostatin (PLG) 5mg, Research Peptides",5,Purity,>98%,1,1
simple,AV-RSC-045,Somatostatin-14 2mg,1,0,visible,"Somatostatin-14 2mg stands out among research peptides products for its proven role in advanced peptide science exploration. Australian researchers can buy Somatostatin-14 2mg online with confidence, backed by ≥98% purity certification.","<h3>Premium Somatostatin-14 2mg | Research Peptides Australia</h3>
<p><strong>For research use only. Not for human consumption.</strong></p>
<p><strong>Somatostatin-14 2mg</strong> supports mechanistic studies of endogenous peptide function in controlled research environments. This compound is widely utilised in neuropeptide pharmacology and receptor biology, with growing interest from preclinical and translational research communities worldwide.</p>

<p>Standard reconstitution for research use involves dissolving lyophilised peptide in sterile water to 1 mg/mL. Researchers are advised to follow institutional guidelines and conduct thorough literature review prior to experimental use.</p>

<ul>
    <li>Highly selective ligand for receptor binding studies</li>
    <li>Enables investigation of signal transduction pathways</li>
    <li>Suitable for in-vitro and in-vivo research models</li>
    <li>Stable lyophilised format minimises experimental variability</li>
    <li>High purity ≥98% for reproducible research outcomes</li>
</ul>

<p><strong>Purity:</strong> ≥98% (HPLC verified) | <strong>Format:</strong> Lyophilised powder | <strong>Storage:</strong> Store at −20°C, protect from light and moisture. Stable for 24 months when properly stored.</p>

<p>Australian researchers and biohackers trust Alluvia for premium Somatostatin-14 2mg — order online today with fast, discreet delivery.</p>",taxable,,1,100,0,0,48.05,,Research Peptides,"Somatostatin-14 2mg, Research Peptides",5,Purity,>98%,1,1
simple,AV-RSC-046,Somatostatin-28 2mg,1,0,visible,"Sourced to rigorous standards, Somatostatin-28 2mg is a trusted research peptides peptide for in-vitro and in-vivo research applications. Available to buy online Australia, Somatostatin-28 2mg meets strict quality standards with ≥98% purity.","<h3>Somatostatin-28 2mg | Research Peptides | Research Grade Australia</h3>
<p><strong>For research use only. Not for human consumption.</strong></p>
<p><strong>Somatostatin-28 2mg</strong> interacts with specific receptor subtypes to modulate intracellular signalling cascades in research models. This compound is widely utilised in peptide biochemistry and signal transduction research, with growing interest from preclinical and translational research communities worldwide.</p>

<p>In vitro assay systems commonly employ peptide concentrations of 1–100 nM for receptor binding studies. Researchers are advised to follow institutional guidelines and conduct thorough literature review prior to experimental use.</p>

<ul>
    <li>Facilitates neuropeptide pharmacology investigations</li>
    <li>Supports biochemical assay development and validation</li>
    <li>Compatible with standard HPLC and mass spec analysis</li>
    <li>Ideal for peptide-receptor kinetics and binding assays</li>
    <li>For research use only — not for human consumption</li>
</ul>

<p><strong>Purity:</strong> ≥98% (HPLC verified) | <strong>Format:</strong> Lyophilised powder | <strong>Storage:</strong> Store at −20°C, protect from light and moisture. Stable for 24 months when properly stored.</p>

<p>Purchase Somatostatin-28 2mg from Alluvia, Australia's leading supplier of research-grade peptides — trusted by Australian researchers nationwide.</p>",taxable,,1,100,0,0,81.57,,Research Peptides,"Somatostatin-28 2mg, Research Peptides",5,Purity,>98%,1,1
simple,AV-RSC-047,Octreotide 5mg,1,0,visible,"For those seeking quality research peptides solutions, Octreotide 5mg delivers outstanding neuropeptide signalling studies. Buy Octreotide 5mg online Australia from a trusted supplier committed to research excellence.","<h3>Buy Octreotide 5mg Online Australia | Research Peptides</h3>
<p><strong>For research use only. Not for human consumption.</strong></p>
<p><strong>Octreotide 5mg</strong> serves as a highly selective ligand for receptor binding studies and pathway elucidation. This compound is widely utilised in endogenous peptide function and physiology studies, with growing interest from preclinical and translational research communities worldwide.</p>

<p>Research protocols typically prepare stock solutions at 1 mg/mL and dilute to working concentrations as required. Researchers are advised to follow institutional guidelines and conduct thorough literature review prior to experimental use.</p>

<ul>
    <li>Highly selective ligand for receptor binding studies</li>
    <li>Enables investigation of signal transduction pathways</li>
    <li>Suitable for in-vitro and in-vivo research models</li>
    <li>Stable lyophilised format minimises experimental variability</li>
    <li>High purity ≥98% for reproducible research outcomes</li>
</ul>

<p><strong>Purity:</strong> ≥98% (HPLC verified) | <strong>Format:</strong> Lyophilised powder | <strong>Storage:</strong> Store at −20°C, protect from light and moisture. Stable for 24 months when properly stored.</p>

<p>Alluvia provides Australian researchers with premium-grade Octreotide 5mg — buy online Australia for fast domestic dispatch.</p>",taxable,,1,100,0,0,98.3,,Research Peptides,"Octreotide 5mg, Research Peptides",5,Purity,>98%,1,1
simple,AV-RSC-048,Lanreotide 5mg,1,0,visible,"Lanreotide 5mg is a research-grade research peptides peptide renowned for receptor binding investigations. Available online across Australia, this peptide is supplied at ≥98% purity for reliable results.","<h3>Lanreotide 5mg – High Purity Research Peptides Peptide</h3>
<p><strong>For research use only. Not for human consumption.</strong></p>
<p><strong>Lanreotide 5mg</strong> enables investigation of neuropeptide-mediated signal transduction in cellular assay systems. This compound is widely utilised in advanced peptide research and drug discovery, with growing interest from preclinical and translational research communities worldwide.</p>

<p>Investigational biochemical assays commonly use 10–1000 nM peptide concentrations to assess receptor kinetics. Researchers are advised to follow institutional guidelines and conduct thorough literature review prior to experimental use.</p>

<ul>
    <li>Facilitates neuropeptide pharmacology investigations</li>
    <li>Supports biochemical assay development and validation</li>
    <li>Compatible with standard HPLC and mass spec analysis</li>
    <li>Ideal for peptide-receptor kinetics and binding assays</li>
    <li>For research use only — not for human consumption</li>
</ul>

<p><strong>Purity:</strong> ≥98% (HPLC verified) | <strong>Format:</strong> Lyophilised powder | <strong>Storage:</strong> Store at −20°C, protect from light and moisture. Stable for 24 months when properly stored.</p>

<p>Shop Lanreotide 5mg online at Alluvia — trusted by Australian researchers and biohackers seeking the highest purity peptides.</p>",taxable,,1,100,0,0,115.86,,Research Peptides,"Lanreotide 5mg, Research Peptides",5,Purity,>98%,1,1
simple,AV-RSC-049,Pasireotide 2mg,1,0,visible,"High-purity Pasireotide 2mg is a benchmark research peptides compound in the field of biochemical pathway research. Trusted by Australian researchers and biohackers, Pasireotide 2mg is available online with fast local dispatch.","<h3>Pasireotide 2mg for Research Peptides Research | Australia</h3>
<p><strong>For research use only. Not for human consumption.</strong></p>
<p><strong>Pasireotide 2mg</strong> facilitates characterisation of peptide-receptor kinetics in biochemical research settings. This compound is widely utilised in neuropeptide pharmacology and receptor biology, with growing interest from preclinical and translational research communities worldwide.</p>

<p>Standard reconstitution for research use involves dissolving lyophilised peptide in sterile water to 1 mg/mL. Researchers are advised to follow institutional guidelines and conduct thorough literature review prior to experimental use.</p>

<ul>
    <li>Highly selective ligand for receptor binding studies</li>
    <li>Enables investigation of signal transduction pathways</li>
    <li>Suitable for in-vitro and in-vivo research models</li>
    <li>Stable lyophilised format minimises experimental variability</li>
    <li>High purity ≥98% for reproducible research outcomes</li>
</ul>

<p><strong>Purity:</strong> ≥98% (HPLC verified) | <strong>Format:</strong> Lyophilised powder | <strong>Storage:</strong> Store at −20°C, protect from light and moisture. Stable for 24 months when properly stored.</p>

<p>Buy Pasireotide 2mg online in Australia from Alluvia — trusted by Australian researchers and biohackers for quality and purity.</p>",taxable,,1,100,0,0,124.6,,Research Peptides,"Pasireotide 2mg, Research Peptides",5,Purity,>98%,1,1
simple,AV-RSC-050,GIP (3-30) Antagonist 2mg,1,0,visible,"Used by researchers worldwide, GIP (3-30) Antagonist 2mg is an advanced research peptides peptide for advanced peptide science exploration. Australian researchers can buy GIP (3-30) Antagonist 2mg online with confidence, backed by ≥98% purity certification.","<h3>Premium GIP (3-30) Antagonist 2mg | Research Peptides Australia</h3>
<p><strong>For research use only. Not for human consumption.</strong></p>
<p><strong>GIP (3-30) Antagonist 2mg</strong> supports mechanistic studies of endogenous peptide function in controlled research environments. This compound is widely utilised in peptide biochemistry and signal transduction research, with growing interest from preclinical and translational research communities worldwide.</p>

<p>In vitro assay systems commonly employ peptide concentrations of 1–100 nM for receptor binding studies. Researchers are advised to follow institutional guidelines and conduct thorough literature review prior to experimental use.</p>

<ul>
    <li>Facilitates neuropeptide pharmacology investigations</li>
    <li>Supports biochemical assay development and validation</li>
    <li>Compatible with standard HPLC and mass spec analysis</li>
    <li>Ideal for peptide-receptor kinetics and binding assays</li>
    <li>For research use only — not for human consumption</li>
</ul>

<p><strong>Purity:</strong> ≥98% (HPLC verified) | <strong>Format:</strong> Lyophilised powder | <strong>Storage:</strong> Store at −20°C, protect from light and moisture. Stable for 24 months when properly stored.</p>

<p>Order GIP (3-30) Antagonist 2mg online Australia with confidence from Alluvia, the trusted supplier for Australian researchers and peptide enthusiasts.</p>",taxable,,1,100,0,0,102.4,,Research Peptides,"GIP (3-30) Antagonist 2mg, Research Peptides",5,Purity,>98%,1,1
